,,,,,,,,,,,,,,,,,,,,,,,,,,,,,,,,,,,,,,,,,,,,,,,,,,,,,,,,,,,,,,,,,,,,,,,,,,,,,,,,,,,,,,,,
,,,,,,,,,,,,,,,,,,,,,,,,,,,,,,,,,,,,,,,,,,,,,,,,,,,,,,,,,,,,,,,,,,,,,,,,,,,,,,,,,,,,,,,,
,,,,,,,,,,,,,,,,,,,,,,,,,,,,,,,,,,,,,,,,,,,,,,,,,,,,,,,,,,,,,,,,,,,,,,,,,,,,,,,,,,,,,,,,
,,,,,,,2025 Dec Wk5,AIO,2026 Wk1,AIO,2026 Wk2,AIO,2026 Wk3,AIO,2026 Wk4,AIO,2026 Wk5,AIO,2026 Wk6,AIO,2026 Wk7,AIO,2026 Wk8,AIO,2026 Wk9,AIO,2026 Wk10,AIO,2026 Wk11,AIO,2026 Wk12,AIO,2026 Wk13,AIO,2026 Wk14,AIO,2026 Wk15,AIO,2026 Wk16,AIO,2026 Wk17,AIO,2026 Wk18,AIO,2026 Wk19,AIO,2026 Wk20,AIO,2026 Wk21,AIO,2026 Wk22,AIO,2026 Wk23,AIO,2026 Wk24,AIO,2026 Wk25,AIO,2026 Wk26,AIO,2026 Wk27,AIO,2026 Wk28,AIO,2026 Wk29,AIO,2026 Wk30,AIO,2026 Wk31,AIO,2026 Wk32,AIO,2026 Wk33,AIO,2026 Wk34,AIO,2026 Wk35,AIO,2026 Wk36,AIO,2026 Wk37,AIO,2026 Wk38,AIO,Position Range,Trendline,Key Metrics,
,,,,# of keywords on page 1,,,395,,394,,379,,379,,405,,417,,406,,441,,462,,471,,473,,484,,485,,472,,479,,490,,460,,455,,446,,440,,433,,443,,433,,421,,423,,413,,427,,416,,413,,413,,425,,416,,422,,422,,431,,435,,423,,418,,443,,,,# of keywords on page 1,
,,,,# of keywords on page 2,,,67,,66,,79,,79,,95,,77,,93,,66,,55,,42,,37,,31,,35,,45,,41,,31,,58,,61,,62,,63,,78,,73,,72,,80,,74,,77,,70,,77,,76,,72,,70,,75,,67,,73,,72,,68,,78,,77,,60,,,,# of keywords on page 2,
,,,,# of keywords on page 3,,,10,,8,,9,,7,,12,,19,,15,,6,,3,,7,,7,,3,,2,,2,,3,,1,,4,,12,,16,,22,,17,,13,,23,,25,,27,,26,,25,,28,,32,,36,,27,,30,,33,,34,,29,,28,,35,,32,,27,,,,# of keywords on page 3,
,,,,,,,8,,7,,8,,10,,10,,9,,9,,10,,3,,3,,6,,5,,6,,10,,6,,7,,7,,5,,9,,7,,5,,4,,5,,7,,8,,14,,11,,12,,12,,12,,16,,16,,15,,12,,14,,15,,10,,15,,11,,,,# of keywords on > page 3,
,,,,# of keywords on position 1,,,86,,93,,92,,134,,107,,106,,113,,113,,104,,107,,105,,104,,113,,106,,116,,115,,118,,121,,122,,124,,128,,133,,128,,126,,130,,114,,119,,115,,122,,115,,117,,118,,114,,113,,113,,116,,114,,110,,119,,,,# of keywords on position 1,
,,,,,,,293,,269,,308,,319,,352,,351,,353,,370,,386,,375,,365,,328,,292,,241,,201,,166,,131,,110,,107,,109,,109,,109,,109,,109,,109,,109,,109,,109,,109,,109,,109,,109,,109,,109,,109,,109,,109,,109,,109,,,,# of keywords on Featured snippet,
,,,,,,,293,,281,,289,,314,,336,,352,,352,,362,,378,,381,,370,,347,,310,,267,,221,,184,,149,,121,,109,,108,,109,,109,,109,,109,,109,,109,,109,,109,,109,,109,,109,,109,,109,,109,,109,,109,,109,,109,,109,,,,Moving Avg. of  Featured snippet ,
,,,,# of keywords wihtout ranking,,,8,,22,,6,,6,,8,,8,,7,,7,,7,,7,,7,,7,,5,,4,,5,,8,,8,,6,,6,,7,,6,,7,,7,,7,,8,,10,,7,,7,,7,,7,,7,,7,,8,,7,,3,,3,,3,,7,,8,,,,# of keywords wihtout ranking,
,,,,,,,102,,115,,106,,125,,140,,153,,140,,143,,152,,133,,147,,141,,142,,148,,172,,186,,196,,207,,211,,209,,223,,209,,195,,206,,199,,220,,217,,215,,210,,197,,178,,177,,177,,178,,184,,177,,181,,183,,194,,,,# of AIO keywords ranking,
,,,,,,,,,,,,,,,,,,,,,,,,,,,,,,,,,,,,,,,,,,,,,,,,,,,,,,,,,,,,,,,,,,,,,,,,,,,,,,,,,,,,,,,,
,,,,# of keywords with positive movement,,,132, ,150,,123,,175,,143,,136,,144,,227,,177,,137,,171,,185,,174,,138,,178,,181,,135,,119,,109,,147,,134,,146,,96,,132,,121,,137,,157,,137,,161,,140,,205,,114,,125,,146,,138,,213,,130,,181,,220,,,,# of keywords with positive movement,
,,,,# of keywords with No movement,,,220,,215,,210,,186,,210,,246,,234,,217,,233,,235,,227,,194,,209,,221,,224,,214,,217,,255,,233,,266,,250,,251,,268,,256,,259,,236,,243,,218,,248,,259,,153,,262,,260,,253,,232,,230,,266,,148,,268,,,,# of keywords with No movement,
,,,,# of keywords with negative movement, ,,137,,124,,155,,127,,178,,149,,154,,88,,122,,160,,134,,153,,152,,177,,133,,137,,180,,160,,192,,120,,150,,136,,169,,145,,152,,157,,133,,178,,124,,134,,180,,162,,152,,142,,175,,103,,150,,213,,53,,,,# of keywords with negative movement,
,,,,Total # of keywords,,,497,,497,,497,,494,,539,,539,,539,,539,,539,,539,,539,,539,,540,,540,,540,,540,,540,,540,,540,,540,,540,,540,,540,,540,,540,,540,,540,,540,,540,,540,,545,,545,,545,,548,,548,,549,,549,,549,,549,,,,Total # of keywords,
,,,,,,,,,,,,,,,,,,,,,,,,,,,,,,,,,,,,,,,,,,,,,,,,,,,,,,,,,,,,,,,,,,,,,,,,,,,,,,,,,,,,,,,,
Page Type,URLs,Primary KW,Categories,Target Keywords ,SV,KD,2025 Dec Wk5,AIO,2026 Wk1,AIO,2026 Wk2,AIO,2026 Wk3,AIO,2026 Wk4,AIO,2026 Wk5,AIO,2026 Wk6,AIO,2026 Wk7,AIO,2026 Wk8,AIO,2026 Wk9,AIO,2026 Wk10,AIO,2026 Wk11,AIO,2026 Wk12,AIO,2026 Wk13,AIO,2026 Wk14,AIO,2026 Wk15,AIO,2026 Wk16,AIO,2026 Wk17,AIO,2026 Wk18,AIO,2026 Wk19,AIO,2026 Wk20,AIO,2026 Wk21,AIO,2026 Wk22,AIO,2026 Wk23,AIO,2026 Wk24,AIO,2026 Wk25,AIO,2026 Wk26,AIO,2026 Wk27,AIO,2026 Wk28,AIO,2026 Wk29,AIO,2026 Wk30,AIO,2026 Wk31,AIO,2026 Wk32,AIO,2026 Wk33,AIO,2026 Wk34,AIO,2026 Wk35,AIO,2026 Wk36,AIO,2026 Wk37,AIO,2026 Wk38,AIO,Position Range,Trendline,Current vs Previous week,Baseline vs Current Week
Glossary,https://www.fortinet.com/resources/cyberglossary/aiops-future-of-it-operations,AIOps,AI Security,AIOPS,1300,69,16,No,16,No,16,No,17,No,17,No,18,No,13,No,14,No,16,No,23,No,13,No,8,No,16,No,15,No,17,No,17,No,19,No,16,No,23,No,27,No,21,No,19,No,25,No,24,No,21,No,17,No,18,No,13,No,17,No,24,No,20,No,23,No,25,No,26,No,24,No,12,No,28,No,34,No,22,No,Page 3,,12,-6
Glossary,https://www.fortinet.com/resources/cyberglossary/ai-data-centers,,AI Security,AI Data Center,2900,36,72,No,65,No,65,No,70,No,72,No,58,No,58,No,58,No,58,No,58,No,52,No,61,No,61,No,61,No,19,No,6,No,22,No,23,No,20,No,23,No,21,No,14,No,12,No,11,No,28,No,20,No,13,No,13,No,15,No,24,No,2,Yes,2,Yes,2,Yes,2,No,2,No,2,No,2,No,26,No,24,No,Page 1,,2,48
Glossary,https://www.fortinet.com/resources/cyberglossary/aws-compliance,aws compliance,Cloud Security,AWS Compliance,590,69,10,No,15,No,12,No,11,No,11,No,23,No,19,No,23,No,13,No,8,No,7,No,10,No,11,No,13,No,10,No,9,No,6,No,5,No,5,No,5,No,6,No,8,No,5,No,5,No,5,No,5,No,7,No,8,No,6,No,8,No,2,No,3,Yes,4,Yes,3,No,3,No,2,No,2,No,16,No,9,No,Page 1,,7,1
Glossary,https://www.fortinet.com/resources/cyberglossary/virtual-cloud-network,virtual cloud network,Cloud Security,Virtual Cloud Network,70,49,4,No,2,No,6,No,2,No,4,No,4,No,4,No,4,No,2,No,2,No,4,No,4,No,4,No,4,No,3,No,3,No,2,No,3,Yes,3,Yes,3,Yes,2,Yes,1,Yes,1,Yes,1,Yes,1,Yes,2,Yes,2,Yes,4,Yes,2,Yes,4,No,10,No,11,No,12,No,10,No,12,No,10,No,13,No,1,No,1,No,Page 2,,0,3
Glossary,https://www.fortinet.com/resources/cyberglossary/cloud-infrastructure,cloud infrastructure,Cloud Security,Cloud Infrastructure,3600,57,6,No,2,Yes,6,No,6,No,7,No,7,No,7,No,7,No,8,No,5,No,7,No,7,No,7,No,5,No,8,No,4,No,8,No,9,Yes,11,No,12,No,14,No,11,No,13,No,14,No,17,No,16,No,16,No,17,No,15,No,23,No,17,No,17,No,13,No,7,No,18,No,17,No,20,No,17,No,19,No,Page 2,,-2,-13
Glossary,https://www.fortinet.com/resources/cyberglossary/what-is-hybrid-cloud,hybrid cloud,Cloud Security,Hybrid Cloud,4400,62,15,No,13,No,20,No,21,No,18,No,18,No,16,No,14,No,11,No,11,No,13,No,13,No,11,No,16,No,13,No,9,No,12,No,15,No,14,No,13,Yes,13,No,13,No,17,No,12,No,14,No,16,No,18,No,18,No,18,No,20,No,17,No,22,No,24,No,23,No,22,No,21,No,28,No,17,No,16,No,Page 3,,1,-1
Glossary,https://www.fortinet.com/resources/cyberglossary/hybrid-cloud-security,hybrid cloud security,Cloud Security,Hybrid Cloud Security,1300,31,2,No,4,No,3,No,1,No,2,No,6,No,4,No,4,No,5,No,5,No,5,No,8,No,7,No,10,No,8,No,2,No,4,No,6,No,3,No,2,No,3,No,10,No,10,No,5,Yes,5,No,4,Yes,2,No,6,No,4,No,6,No,11,No,10,No,10,No,10,No,10,No,10,No,10,No,6,No,7,No,Page 1,,-1,-5
Glossary,https://www.fortinet.com/resources/cyberglossary/cloud-security-posture-management,cspm,Cloud Security,CSPM,5400,26,37,No,15,No,11,No,20,No,28,No,29,Yes,16,No,11,No,6,No,3,No,4,No,5,No,4,No,6,No,6,Yes,4,No,11,No,18,No,22,No,14,No,7,No,7,No,10,No,6,No,5,No,23,No,26,No,19,No,12,No,13,Yes,5,Yes,7,Yes,8,Yes,7,No,6,No,6,No,7,No,27,No,15,No,Page 1,,12,22
Glossary,https://www.fortinet.com/resources/cyberglossary/what-is-cloud-native,cloud native,Cloud Security,Cloud NATive,2900,81,40,No,41,No,34,No,35,No,46,No,42,No,27,No,32,No,14,No,5,Yes,3,No,22,No,9,No,33,No,28,No,32,No,16,No,26,No,35,No,35,No,30,No,30,No,38,No,41,No,44,No,36,No,38,No,42,No,40,No,43,No,8,No,10,No,9,No,6,No,7,No,8,No,12,No,42,No,41,No,Page 1,,1,-1
Glossary,https://www.fortinet.com/resources/cyberglossary/secure-web-gateways,,Cloud Security,Secure Web Gateway,4400,60,6,No,5,Yes,7,No,9,No,6,No,5,No,10,No,4,No,7,No,6,No,10,No,7,No,5,No,2,Yes,6,Yes,7,No,8,No,10,No,7,No,8,No,7,Yes,8,No,8,No,8,No,8,No,8,No,7,Yes,7,No,6,Yes,9,Yes,4,Yes,4,Yes,4,Yes,5,No,6,No,6,No,4,No,6,No,6,No,Page 1,,0,0
Glossary,https://www.fortinet.com/resources/cyberglossary/cloud-security-tools,,Cloud Security,Cloud Security Tools,2900,23,3,Yes,5,No,7,Yes,2,Yes,4,Yes,3,Yes,5,No,4,Yes,3,Yes,2,No,6,Yes,5,Yes,4,No,3,Yes,1,Yes,3,Yes,4,Yes,3,Yes,4,Yes,2,Yes,4,Yes,3,Yes,4,No,4,No,4,No,3,Yes,4,No,5,Yes,3,Yes,4,No,6,No,6,No,6,No,5,Yes,6,Yes,6,Yes,7,No,3,No,2,Yes,Page 1,,1,1
Glossary,https://www.fortinet.com/resources/cyberglossary/cloud-security-architecture,,Cloud Security,Cloud Security Architecture,2400,33,9,No,7,No,6,No,6,No,6,No,9,Yes,11,No,8,No,9,No,8,No,6,No,5,Yes,6,No,7,No,5,No,6,No,8,No,8,No,9,No,9,No,10,Yes,9,No,10,No,14,No,15,No,11,No,10,No,16,No,11,Yes,12,Yes,6,Yes,5,No,5,Yes,7,No,7,No,8,No,8,No,11,No,8,No,Page 1,,3,1
Glossary,https://www.fortinet.com/resources/cyberglossary/cloud-security-best-practices,,Cloud Security,Cloud Security Best Practices,3600,50,5,No,6,No,8,No,8,No,12,No,17,No,14,No,14,No,8,No,4,Yes,3,Yes,4,Yes,10,No,4,Yes,4,Yes,8,Yes,4,Yes,6,Yes,20,No,18,No,18,No,18,No,21,No,20,No,13,No,8,Yes,5,Yes,22,Yes,10,No,18,No,17,No,17,No,14,No,16,No,19,No,18,No,21,No,16,No,20,No,Page 2,,-4,-15
Glossary,https://www.fortinet.com/resources/cyberglossary/multi-cloud-security,,Cloud Security,Multi Cloud Security,320,27,5,No,9,No,6,No,11,No,11,No,9,No,8,No,9,No,8,No,4,No,5,Yes,4,Yes,3,Yes,2,Yes,5,Yes,5,Yes,4,Yes,9,Yes,10,No,12,No,9,No,10,No,9,No,10,No,11,No,3,No,3,No,2,No,4,No,5,No,18,No,18,No,17,No,17,No,18,No,16,No,16,No,8,No,8,No,Page 2,,0,-3
Glossary,https://www.fortinet.com/resources/cyberglossary/cloud-native-firewalls,,NGFW/firewall,Cloud Native Firewall,50,38,1,Yes,1,Yes,1,Yes,1,Yes,41,Yes,41,Yes,41,Yes,41,Yes,28,Yes,28,No,28,No,28,No,41,No,43,No,43,No,14,No,43,No,77,No,61,No,69,No,69,No,69,No,69,No,51,No,52,No,60,No,40,No,45,No,5,No,7,Yes,20,Yes,17,Yes,23,No,17,No,22,No,18,No,18,No,16,No,17,No,Page 3,,-1,-16
Glossary,https://www.fortinet.com/resources/cyberglossary/cloud-application-security,,Cloud Security,Cloud Application Security,1000,20,,,-,,,,,,1,No,1,No,1,No,1,No,1,No,2,No,3,No,3,No,2,No,3,No,3,No,3,No,2,No,2,No,2,No,2,No,2,No,3,No,2,No,3,No,3,No,3,No,5,No,6,No,5,No,7,Yes,8,No,6,No,10,No,6,Yes,8,Yes,4,Yes,4,Yes,3,Yes,2,No,Page 1,,1,-2
,https://www.fortinet.com/resources/cyberglossary/public-vs-private-cloud,,Cloud Security,Private Cloud Vs Public Cloud,3600,28,,,-,,,,,,,,,,,,,,,,,,,,,,,,,,-,No,-,No,-,No,-,No,-,No,-,No,-,No,-,No,-,No,-,No,-,No,38,No,32,No,33,No,22,No,24,No,21,No,18,No,9,No,23,No,20,No,11,No,15,No,10,No,11,No,Page 1,,-1,-11
Glossary,https://www.fortinet.com/resources/cyberglossary/distributed-firewall,distributed firewall,NGFW/firewall,Distributed Firewall,50,22,2,No,2,No,2,No,1,No,2,No,2,Yes,2,Yes,2,Yes,2,Yes,2,Yes,2,Yes,2,Yes,2,No,2,No,2,No,3,No,3,No,3,No,1,No,2,No,3,No,2,No,2,No,2,No,2,No,2,No,2,No,4,No,3,No,6,No,22,No,23,No,27,No,26,No,27,No,24,No,26,No,1,Yes,1,Yes,Page 3,,0,1
Glossary,https://www.fortinet.com/resources/cyberglossary/stateful-firewall,stateful firewall,NGFW/firewall,Stateful Firewall,1600,31,2,Yes,2,Yes,2,Yes,1,Yes,1,Yes,1,Yes,2,No,2,No,4,No,5,No,4,No,4,No,3,No,4,No,6,Yes,3,Yes,3,Yes,3,Yes,2,Yes,3,Yes,4,Yes,3,Yes,3,Yes,3,Yes,3,Yes,5,Yes,5,Yes,7,Yes,4,Yes,6,No,34,No,38,No,42,No,44,No,45,No,41,No,37,No,4,No,2,Yes,>Page 3,,2,0
Glossary,https://www.fortinet.com/resources/cyberglossary/dns-firewall,dns firewall,NGFW/firewall,DNS Firewall,320,30,3,No,4,No,3,No,14,No,4,No,3,No,3,No,5,No,3,No,2,No,16,No,3,No,15,No,18,Yes,18,Yes,5,Yes,20,Yes,20,Yes,1,Yes,3,Yes,13,Yes,10,Yes,5,Yes,10,Yes,6,Yes,3,Yes,6,Yes,10,Yes,9,Yes,10,No,10,Yes,7,No,9,No,7,Yes,6,Yes,6,Yes,6,Yes,9,No,11,No,Page 1,,-2,-8
Glossary,https://www.fortinet.com/resources/cyberglossary/firewall-design-principles,firewall design principles,NGFW/firewall,Firewall Design Principles,20,21,2,No,2,No,2,No,2,No,2,No,2,No,2,No,2,No,2,No,2,No,2,No,2,No,2,No,2,No,2,No,2,No,4,No,7,No,5,No,3,No,8,No,5,No,7,No,6,No,3,No,6,No,2,No,2,No,2,No,19,Yes,9,Yes,9,Yes,15,Yes,12,No,12,No,11,No,9,No,6,No,7,No,Page 2,,-1,-5
Glossary,https://www.fortinet.com/resources/cyberglossary/what-is-network-security,what is network security ,Network Security,Network Security,1300,48,3,No,6,No,9,No,10,No,11,No,13,No,14,No,6,No,5,No,3,No,4,No,5,No,3,No,3,Yes,3,Yes,2,Yes,3,Yes,2,Yes,3,Yes,2,Yes,2,Yes,2,Yes,2,Yes,3,Yes,7,Yes,11,No,8,Yes,5,Yes,11,Yes,14,Yes,2,Yes,2,Yes,4,Yes,4,No,3,No,8,Yes,2,Yes,7,Yes,6,Yes,Page 1,,1,-3
Glossary,https://www.fortinet.com/resources/cyberglossary/ot-security-best-practices,ot security best practices,OT Security,OT Security Best Practices,140,19,2,No,7,Yes,7,Yes,8,Yes,1,Yes,1,Yes,1,Yes,1,Yes,2,Yes,2,Yes,2,Yes,5,Yes,1,Yes,2,Yes,2,Yes,2,Yes,2,Yes,1,Yes,2,Yes,1,Yes,1,Yes,1,Yes,1,Yes,1,Yes,1,Yes,1,Yes,1,Yes,2,Yes,8,Yes,19,Yes,3,Yes,3,No,2,Yes,2,Yes,3,No,3,No,4,No,11,No,9,No,Page 1,,2,-7
Glossary,https://www.fortinet.com/resources/cyberglossary/ot-network-segmentation-and-microsegmentation,OT Network Segmentation,Cyber Compliance,OT Network Segmentation,140,6,1,No,1,No,1,No,1,No,13,No,6,No,6,No,3,No,3,No,4,No,4,No,3,No,3,No,3,No,2,No,2,No,2,No,2,No,2,No,2,No,2,No,3,No,25,No,2,No,2,No,2,No,2,No,2,No,2,No,3,No,8,Yes,14,No,10,Yes,13,No,11,No,10,No,4,No,2,No,1,No,Page 1,,1,0
Glossary,https://www.fortinet.com/resources/cyberglossary/ics-scada,scada vs ics,OT Security,ICS SCADA,90,14,5,Yes,4,Yes,5,Yes,1,Yes,1,Yes,1,Yes,1,Yes,1,Yes,1,Yes,1,Yes,1,Yes,1,Yes,1,Yes,2,No,7,No,7,No,7,No,3,No,5,No,4,No,2,No,4,No,4,No,4,No,5,No,3,Yes,3,Yes,3,Yes,3,Yes,5,No,9,Yes,19,Yes,21,Yes,25,No,24,No,25,No,23,No,1,No,1,No,Page 3,,0,4
Glossary,https://www.fortinet.com/resources/cyberglossary/quantum-security,,Quantum Security,Quantum Security,720,41,10,No,7,No,6,No,7,No,8,No,8,No,8,No,8,No,6,No,6,No,5,No,6,No,5,No,5,No,6,No,6,No,4,No,5,No,4,No,3,No,4,No,4,No,3,No,2,Yes,2,Yes,2,Yes,3,Yes,6,Yes,4,Yes,6,No,5,No,4,No,4,No,4,Yes,6,Yes,7,Yes,7,Yes,6,Yes,4,Yes,Page 1,,2,6
Glossary,https://www.fortinet.com/resources/cyberglossary/sase-benefits,,SASE,SASE Benefits,720,17,7,No,6,No,5,No,8,No,8,No,6,No,2,No,3,No,3,No,2,No,1,No,1,No,1,No,1,No,2,No,3,No,4,No,11,No,3,No,2,No,2,No,2,No,2,No,2,No,2,No,2,No,2,No,8,No,5,No,7,No,1,No,1,No,1,No,1,No,1,No,1,No,1,No,6,No,3,Yes,Page 1,,3,4
Glossary,https://www.fortinet.com/resources/cyberglossary/sd-wan-architecture,sd-wan architecture,SASE,SD WAN Architecture,320,19,9,No,7,No,6,No,1,No,2,No,2,No,2,No,2,No,5,No,10,No,4,No,2,No,2,No,5,No,6,No,1,No,1,No,1,No,2,No,2,Yes,1,Yes,1,Yes,1,Yes,1,Yes,1,Yes,4,Yes,4,Yes,2,Yes,4,Yes,5,No,6,No,6,No,24,No,11,No,6,No,11,No,5,No,5,No,4,No,Page 3,,1,5
Glossary,https://www.fortinet.com/resources/cyberglossary/sd-wan-costs,,SASE,SD WAN Cost,110,9,3,Yes,3,Yes,3,Yes,1,Yes,1,Yes,1,Yes,1,Yes,1,Yes,2,No,3,No,5,No,7,No,8,No,8,No,8,No,7,No,4,No,4,Yes,5,Yes,4,Yes,3,Yes,3,Yes,4,Yes,14,Yes,14,No,6,No,1,No,4,No,3,No,7,No,5,No,7,No,7,No,4,No,7,No,7,No,11,Yes,6,Yes,2,Yes,Page 1,,4,1
Glossary,https://www.fortinet.com/resources/cyberglossary/zero-trust-architecture,zero trust architecture,ZTNA,Zero Trust Architecture,6600,78,42,No,42,No,45,No,45,No,39,No,34,No,24,No,32,No,4,No,19,No,17,Yes,14,No,15,No,13,No,8,Yes,9,No,13,No,14,No,35,No,46,No,24,No,22,No,32,No,36,No,51,No,53,No,55,No,53,No,42,Yes,50,No,6,Yes,6,Yes,6,Yes,4,Yes,4,Yes,3,No,3,No,42,No,26,No,Page 1,,16,16
Glossary,https://www.fortinet.com/resources/cyberglossary/zero-trust-for-the-cloud,,ZTNA,Zero Trust Cloud,390,48,,,-,,,,,,11,Yes,9,Yes,10,Yes,10,Yes,14,Yes,15,No,2,No,8,No,6,No,6,No,6,No,3,No,10,No,11,No,9,No,9,No,7,No,6,No,17,No,11,No,22,No,21,No,19,No,36,No,26,No,36,No,5,No,3,No,4,No,6,No,4,No,5,No,11,No,9,No,9,No,Page 1,,0,-9
Glossary,https://www.fortinet.com/resources/cyberglossary/vpn-wifi,vpn wifi,VPN,Public Wifi,1000,52,4,Yes,6,Yes,12,Yes,9,Yes,9,Yes,7,Yes,9,No,6,No,3,No,5,No,3,No,5,No,4,No,4,No,4,Yes,5,Yes,5,Yes,6,Yes,7,Yes,5,Yes,3,Yes,4,Yes,3,Yes,4,Yes,4,Yes,6,Yes,7,Yes,7,Yes,7,Yes,9,Yes,6,Yes,3,Yes,4,Yes,7,No,10,No,9,No,11,No,6,No,5,No,Page 1,,1,-1
Glossary,https://www.fortinet.com/resources/cyberglossary/threat-hunting,threat hunting,Cyber Threats,Threat Hunting,4400,40,15,No,19,No,22,No,23,No,26,No,25,No,17,No,20,No,18,No,20,No,21,No,20,No,19,No,18,No,19,No,14,No,8,No,7,No,7,No,12,No,19,No,24,No,13,No,9,No,12,No,11,No,15,No,12,No,14,No,17,No,4,No,4,No,20,No,19,No,16,No,17,No,20,No,27,No,21,No,Page 2,,6,-6
Glossary,https://www.fortinet.com/resources/cyberglossary/information-security,information security,Cyber Security,Information Security,1000,52,11,No,10,No,12,No,17,No,13,No,9,No,12,No,13,No,17,No,19,No,10,No,11,No,11,No,10,No,10,No,10,No,15,No,19,No,14,No,23,No,26,No,21,No,25,No,21,No,32,No,29,No,25,No,31,No,27,No,30,No,25,No,25,No,28,No,27,No,13,No,7,No,18,No,29,No,29,No,Page 3,,0,-18
Glossary,https://www.fortinet.com/resources/cyberglossary/oauth,What is Oauth,Access Control,OAUTH,12100,71,5,No,6,No,5,No,4,No,7,No,4,No,5,No,3,No,4,Yes,5,No,5,No,7,No,8,No,5,No,6,No,5,Yes,5,No,7,No,8,No,6,No,8,No,3,No,7,No,3,No,4,No,4,Yes,4,No,5,No,6,No,22,No,2,No,13,No,2,Yes,2,Yes,2,No,2,No,17,No,12,No,7,No,Page 1,,5,-2
Glossary,https://www.fortinet.com/resources/cyberglossary/credential-stuffing,credential stuffing,Cyber Security,Credential Stuffing,3600,55,5,No,5,No,8,No,5,No,8,No,7,Yes,4,Yes,6,Yes,3,Yes,5,No,5,Yes,2,No,3,Yes,5,No,2,Yes,4,No,5,No,4,Yes,5,Yes,7,No,9,No,5,No,6,No,4,Yes,6,No,4,Yes,5,Yes,5,Yes,4,Yes,6,Yes,4,Yes,3,Yes,4,Yes,4,Yes,2,No,4,No,4,No,5,No,5,No,Page 1,,0,0
Glossary,https://www.fortinet.com/resources/cyberglossary/malvertising,malvertising,Cyber Threats,Malvertising,1900,53,12,No,11,No,11,No,10,Yes,11,No,15,No,9,No,4,Yes,5,Yes,5,No,2,No,5,No,3,No,4,No,2,No,2,Yes,2,No,3,No,2,Yes,1,Yes,2,Yes,4,Yes,6,No,7,Yes,9,No,10,No,9,No,11,No,9,No,10,Yes,2,Yes,6,Yes,5,Yes,5,No,5,No,5,No,5,No,10,No,10,No,Page 1,,0,2
Glossary,https://www.fortinet.com/resources/cyberglossary/edge-computing,what is edge computing,OT Security,EDGE Computing,3600,67,17,No,22,No,20,No,16,No,19,No,21,No,20,No,20,No,12,No,11,No,11,No,8,No,8,No,9,No,9,No,12,No,15,No,18,No,21,No,22,No,19,No,11,No,21,No,19,No,7,No,20,No,23,No,16,No,23,No,28,Yes,29,Yes,30,Yes,19,Yes,25,No,2,No,28,No,28,No,33,No,13,No,Page 2,,20,4
Glossary,https://www.fortinet.com/resources/cyberglossary/wannacry-ransomware-attack,,Cyber Threats,Wannacry Ransomware Attack,2900,65,9,No,6,No,8,No,8,No,8,No,8,No,8,No,7,No,7,No,8,No,6,No,6,No,6,No,8,No,8,No,8,No,9,No,9,No,10,No,9,No,9,No,9,No,10,No,9,No,10,No,10,No,10,No,10,No,8,No,9,Yes,12,Yes,7,Yes,8,Yes,2,No,1,No,1,No,1,No,9,No,5,No,Page 1,,4,4
Glossary,https://www.fortinet.com/resources/cyberglossary/authentication-vs-authorization,authentication vs authorization,Access Control,Authentication Vs Authorization,3600,47,12,Yes,7,No,4,No,10,No,10,No,6,No,4,No,3,No,5,No,4,No,6,No,3,No,3,No,2,No,2,Yes,4,Yes,3,No,4,Yes,5,No,5,No,3,No,7,No,10,No,7,No,5,No,8,No,7,Yes,5,Yes,7,No,9,Yes,15,Yes,6,Yes,3,Yes,3,No,2,No,3,No,3,No,7,No,6,No,Page 1,,1,6
Glossary,https://www.fortinet.com/resources/cyberglossary/email-spoofing,email spoofing,Email Security,Email Spoofing,2400,56,11,No,10,Yes,10,Yes,12,No,8,No,7,Yes,9,Yes,7,Yes,6,No,5,No,5,No,5,No,5,No,2,No,2,No,4,No,5,No,3,No,5,Yes,5,Yes,5,Yes,7,Yes,7,No,7,Yes,7,Yes,6,Yes,8,Yes,5,No,6,Yes,7,Yes,2,Yes,2,Yes,2,Yes,1,No,2,No,2,No,2,No,7,No,6,No,Page 1,,1,5
Glossary,https://www.fortinet.com/resources/cyberglossary/cybersecurity-analytics,cybersecurity analytics,Data Security,Cybersecurity Analytics,480,28,18,Yes,16,Yes,20,Yes,21,Yes,20,Yes,10,Yes,8,Yes,17,Yes,10,Yes,10,Yes,4,Yes,3,Yes,6,Yes,2,Yes,4,Yes,2,Yes,2,Yes,2,Yes,3,Yes,4,No,5,No,2,No,5,No,5,No,7,No,8,No,14,No,11,No,4,No,6,No,2,No,2,No,2,No,1,No,1,No,1,Yes,1,Yes,6,Yes,8,Yes,Page 1,,-2,10
Glossary,https://www.fortinet.com/resources/cyberglossary/worm-virus,worm virus,Cyber Threats,Worm Virus,1300,38,2,No,3,No,3,No,1,No,1,No,1,Yes,2,Yes,1,Yes,2,Yes,2,Yes,2,Yes,3,Yes,2,Yes,3,Yes,3,Yes,2,Yes,2,Yes,2,Yes,2,Yes,2,Yes,2,Yes,2,Yes,2,Yes,2,Yes,3,Yes,2,Yes,2,Yes,2,Yes,2,Yes,3,Yes,3,No,3,No,3,No,3,No,6,No,4,No,3,No,2,Yes,2,Yes,Page 1,,0,0
Glossary,https://www.fortinet.com/resources/cyberglossary/computer-virus,computer viruses,Cyber Threats,Computer Viruses,2400,49,6,No,4,No,4,No,3,No,4,Yes,5,Yes,3,Yes,3,Yes,2,Yes,5,No,4,Yes,4,No,3,No,5,No,5,No,2,No,2,Yes,2,Yes,3,Yes,3,Yes,3,Yes,3,No,3,Yes,4,Yes,4,No,5,Yes,4,Yes,4,Yes,3,Yes,5,Yes,6,Yes,31,Yes,12,Yes,6,No,3,No,6,Yes,7,Yes,5,Yes,4,No,Page 2,,1,2
Glossary,https://www.fortinet.com/resources/cyberglossary/vpn-blocker,"vpn blocker
 vpn blockers",VPN,VPN Blocker,2900,68,4,No,2,Yes,4,Yes,5,No,5,No,5,No,4,No,3,Yes,3,No,5,No,7,No,4,No,2,Yes,2,Yes,3,No,4,Yes,3,Yes,2,Yes,4,Yes,2,Yes,2,Yes,3,Yes,3,Yes,3,Yes,3,Yes,3,Yes,4,Yes,5,Yes,4,Yes,5,Yes,6,No,5,No,4,No,3,Yes,3,Yes,2,Yes,3,No,6,No,3,Yes,Page 1,,3,1
Glossary,https://www.fortinet.com/resources/cyberglossary/dns-poisoning,dns poisoning,Cyber Threats,DNS Poisioning,20,42,3,No,2,No,3,No,2,No,3,No,2,No,2,No,1,No,2,No,3,No,2,No,3,No,2,No,2,No,2,No,2,No,2,No,2,No,2,No,2,No,3,No,3,No,3,No,3,No,3,No,2,No,2,No,2,No,2,No,4,No,2,No,2,No,2,No,4,No,4,No,4,No,5,No,2,No,2,No,Page 1,,0,1
Glossary,https://www.fortinet.com/resources/cyberglossary/cyber-warfare,cyber warfare,Cyber Threats,Cyberwarfare,1600,55,4,No,5,No,7,No,5,No,4,No,6,No,6,No,5,No,6,No,7,No,5,No,4,No,6,No,4,No,5,No,4,No,3,No,3,Yes,3,Yes,3,Yes,2,Yes,2,Yes,2,Yes,3,Yes,4,No,6,Yes,5,No,6,Yes,4,Yes,5,No,2,No,2,No,2,No,2,Yes,4,Yes,4,No,3,No,3,Yes,4,No,Page 1,,-1,0
Glossary,https://www.fortinet.com/resources/cyberglossary/indicators-of-compromise,indicators of compromise,Cyber Threats,Indicators Of Compromise,4400,51,2,No,2,Yes,1,Yes,1,No,2,Yes,2,Yes,3,No,2,Yes,2,Yes,3,No,3,No,2,No,2,No,2,No,2,Yes,2,Yes,2,Yes,2,Yes,2,Yes,2,Yes,2,Yes,2,Yes,2,No,3,No,3,No,2,No,1,Yes,1,Yes,1,No,2,No,1,No,2,No,2,No,2,No,3,No,2,No,2,Yes,3,No,4,Yes,Page 1,,-1,-2
Glossary,https://www.fortinet.com/resources/cyberglossary/file-transfer-protocol-ftp-meaning,What is FTP,Cyber Security,File Transfer Protocol,1600,49,2,No,3,No,3,No,3,No,3,No,2,No,2,No,2,No,2,No,3,No,3,No,3,No,3,No,3,No,3,No,2,No,2,No,2,No,2,No,2,No,2,No,3,No,3,No,4,No,3,No,3,No,4,No,4,No,3,No,4,No,2,No,2,No,2,No,5,No,5,No,5,No,5,No,5,No,2,No,Page 1,,3,0
Glossary,https://www.fortinet.com/resources/cyberglossary/kerberos-authentication,Kerberos authentication,Network Security,Kerberos Authentication,1900,43,2,No,2,Yes,2,Yes,3,Yes,2,No,2,Yes,1,No,1,Yes,1,Yes,1,No,2,No,2,No,3,No,2,No,1,Yes,1,No,1,Yes,2,No,3,Yes,1,No,1,Yes,3,No,4,No,3,No,1,No,2,No,1,No,1,No,1,No,2,Yes,14,Yes,5,Yes,14,Yes,14,Yes,10,Yes,7,Yes,13,Yes,3,Yes,2,Yes,Page 2,,1,0
Glossary,https://www.fortinet.com/resources/cyberglossary/network-address-translation,NAT,Cyber Security,What Is NAT,4400,48,4,Yes,2,Yes,2,Yes,6,No,6,No,5,No,5,Yes,4,Yes,2,Yes,6,Yes,2,Yes,3,No,2,Yes,2,Yes,3,Yes,2,Yes,5,No,6,Yes,7,No,4,Yes,6,Yes,6,No,7,No,6,No,5,No,4,Yes,5,Yes,4,Yes,5,No,6,No,2,Yes,4,Yes,2,Yes,2,No,3,No,2,No,2,No,5,No,4,Yes,Page 1,,1,0
Glossary,https://www.fortinet.com/resources/cyberglossary/what-is-an-ips,intrusion prevention system,Network Security,What Is An IPS,720,38,2,Yes,2,Yes,13,Yes,11,Yes,14,Yes,15,Yes,12,Yes,15,Yes,12,Yes,6,Yes,2,Yes,2,Yes,2,Yes,1,Yes,1,Yes,1,Yes,1,Yes,1,Yes,1,Yes,1,Yes,1,Yes,1,Yes,1,Yes,1,Yes,1,Yes,2,Yes,4,Yes,14,No,6,No,7,Yes,3,Yes,3,Yes,5,Yes,5,No,8,No,4,Yes,4,Yes,6,Yes,3,Yes,Page 1,,3,-1
Glossary,https://www.fortinet.com/resources/cyberglossary/hardware-security-module,hsm,Network Security,What Is HSM,14800,71,7,No,9,No,7,Yes,7,Yes,10,No,11,No,8,Yes,6,No,8,No,6,No,13,No,13,No,12,No,11,No,10,No,9,No,11,No,11,No,15,No,14,No,15,No,1,No,6,No,15,No,5,No,1,Yes,2,Yes,6,Yes,2,Yes,3,No,2,No,2,No,2,No,3,No,2,No,2,No,2,No,2,No,2,No,Page 3,,0,5
Glossary,https://www.fortinet.com/resources/cyberglossary/what-is-ethernet-switching,Ethernet Switching,Network Security,Ethernet Switching,260,33,7,No,6,No,5,No,3,No,6,No,9,No,6,No,5,No,3,No,5,Yes,4,Yes,4,Yes,5,Yes,7,Yes,7,Yes,3,No,1,No,1,No,1,No,1,No,1,No,3,No,4,No,5,No,7,No,6,No,3,No,9,Yes,9,Yes,14,No,19,No,19,No,19,No,9,No,7,No,6,No,6,No,7,No,7,No,Page 2,,0,0
Glossary,https://www.fortinet.com/resources/cyberglossary/buffer-overflow,buffer overflow,Cyber Threats,Buffer Overflow,2900,56,3,No,2,Yes,3,Yes,2,Yes,2,No,2,No,2,No,3,No,2,No,3,Yes,3,No,3,No,4,No,3,No,3,No,3,No,2,Yes,3,No,3,No,3,Yes,2,Yes,2,Yes,2,No,2,Yes,2,Yes,2,Yes,1,Yes,1,Yes,1,Yes,2,Yes,2,Yes,2,Yes,2,Yes,2,No,3,Yes,2,No,2,No,3,Yes,3,No,Page 1,,0,0
Glossary,https://www.fortinet.com/resources/cyberglossary/internet-control-message-protocol-icmp,ICMP,Cyber Security,ICMP,12100,75,5,Yes,3,No,4,Yes,4,Yes,4,No,5,Yes,2,Yes,2,Yes,3,Yes,5,No,4,No,4,No,2,Yes,3,Yes,3,Yes,4,Yes,2,Yes,2,Yes,4,Yes,4,Yes,5,Yes,2,Yes,2,Yes,3,No,4,No,2,Yes,2,Yes,3,Yes,5,No,6,No,6,No,6,No,6,No,6,No,5,No,6,No,5,Yes,4,Yes,4,No,Page 1,,0,1
Glossary,https://www.fortinet.com/resources/cyberglossary/fault-tolerance,fault tolerance,Cyber Security,Fault Tolerance,2400,44,2,Yes,3,Yes,2,Yes,1,Yes,2,No,2,No,2,No,2,No,3,Yes,6,No,4,No,3,No,4,No,3,No,4,No,3,Yes,3,Yes,3,Yes,3,Yes,3,Yes,3,Yes,3,Yes,3,Yes,2,Yes,2,Yes,2,Yes,2,Yes,2,Yes,3,No,4,No,2,No,2,No,2,No,4,No,3,No,2,No,2,No,5,No,3,Yes,Page 1,,2,-1
Glossary,https://www.fortinet.com/resources/cyberglossary/dns-protection,dns protection,Network Security,DNS Protection,590,47,2,Yes,1,Yes,1,Yes,1,Yes,1,Yes,1,Yes,1,Yes,1,Yes,1,No,1,No,1,No,1,No,1,No,1,No,1,No,1,No,1,Yes,1,Yes,1,Yes,1,Yes,4,Yes,2,Yes,2,Yes,2,Yes,5,Yes,11,Yes,10,Yes,10,Yes,9,Yes,12,No,4,No,4,No,4,No,7,No,9,No,7,No,13,No,9,No,4,No,Page 1,,5,-2
Glossary,https://www.fortinet.com/resources/cyberglossary/data-leak,data leak,Data Security,Data Leak,4400,65,5,Yes,6,No,5,No,9,No,6,No,7,No,7,No,7,Yes,8,Yes,8,No,8,No,7,No,6,No,6,No,7,No,8,No,5,No,4,Yes,6,No,6,Yes,7,No,7,No,5,Yes,6,No,7,No,8,Yes,8,Yes,6,Yes,6,Yes,7,No,4,No,8,No,4,No,4,Yes,4,No,4,Yes,7,No,8,No,7,Yes,Page 1,,1,-2
Glossary,https://www.fortinet.com/resources/cyberglossary/latency,latency,Network Security,Latency,33100,67,5,No,5,No,5,No,6,No,6,No,9,No,7,No,5,No,5,No,5,No,5,No,4,No,4,No,5,Yes,4,No,2,Yes,5,Yes,4,Yes,3,Yes,3,Yes,5,Yes,3,Yes,5,Yes,5,Yes,5,No,4,No,5,No,5,Yes,4,Yes,5,No,4,No,3,No,4,No,45,Yes,13,Yes,12,No,14,Yes,6,Yes,5,Yes,Page 1,,1,0
Glossary,https://www.fortinet.com/resources/cyberglossary/catfishing,What is catfishing,Cyber Threats,What Is Catfishing,8100,48,3,No,2,Yes,3,No,4,No,3,No,3,No,2,Yes,3,Yes,2,Yes,2,No,2,Yes,2,No,2,No,1,Yes,1,No,1,Yes,1,Yes,1,Yes,2,Yes,2,Yes,2,Yes,2,Yes,2,No,2,No,2,Yes,2,Yes,2,No,2,Yes,2,Yes,3,No,3,No,3,No,2,No,2,Yes,2,Yes,2,No,3,No,2,Yes,2,No,Page 1,,0,1
Glossary,https://www.fortinet.com/resources/cyberglossary/smb-cyberattacks,smb cyber attacks,Cyber Threats,Cyber Attacks On Small Business,0,51,1,No,1,No,1,No,1,No,1,No,1,No,1,No,1,No,1,No,1,No,1,No,1,No,1,No,1,No,1,No,1,No,1,No,1,No,1,No,1,No,1,No,1,No,1,No,1,No,1,No,6,No,7,No,3,No,3,No,4,No,25,No,27,No,19,No,17,No,28,No,40,No,22,No,2,No,4,No,Page 2,,-2,-3
Glossary,https://www.fortinet.com/resources/cyberglossary/ping-of-death,ping of death,Cyber Threats,Ping Of Death,880,30,5,No,3,No,5,No,3,No,3,No,5,Yes,5,Yes,4,Yes,4,Yes,5,Yes,3,Yes,4,Yes,4,Yes,3,Yes,4,Yes,2,Yes,4,Yes,5,Yes,5,Yes,2,Yes,3,Yes,3,Yes,3,No,5,No,6,No,5,No,5,No,4,No,5,No,6,Yes,4,Yes,4,Yes,4,Yes,4,No,1,No,1,No,1,No,6,No,5,No,Page 1,,1,0
Glossary,https://www.fortinet.com/resources/cyberglossary/security-service-edge-sse,what is sse,SASE,What Is SSE,1300,20,15,No,13,No,12,No,13,No,14,No,16,No,16,No,15,No,9,No,9,No,10,No,8,No,5,Yes,6,Yes,8,Yes,9,Yes,6,Yes,4,Yes,4,Yes,3,Yes,3,Yes,5,Yes,7,Yes,8,No,6,No,3,No,6,No,5,Yes,3,No,7,Yes,14,No,16,No,20,No,14,Yes,11,No,9,Yes,12,Yes,7,Yes,4,No,Page 2,,3,11
Glossary,https://www.fortinet.com/resources/cyberglossary/mobile-app-security,mobile app security,Cyber Security,Mobile App Security,1600,20,1,No,1,No,1,No,1,No,1,Yes,1,No,1,No,1,No,1,No,1,No,1,Yes,1,Yes,1,Yes,2,Yes,1,No,2,Yes,2,Yes,2,Yes,2,Yes,3,Yes,3,Yes,4,No,4,No,4,No,5,No,5,No,3,Yes,5,No,4,No,5,Yes,2,Yes,2,Yes,2,Yes,3,No,3,No,2,No,2,No,8,No,5,No,Page 1,,3,-4
Glossary,https://www.fortinet.com/resources/cyberglossary/peer-to-peer-p2p-vpn,P2P vpn,Cyber Threats,P2P VPN,3600,43,1,No,1,No,1,No,1,Yes,1,No,1,Yes,1,No,1,No,1,No,1,Yes,2,Yes,4,Yes,6,Yes,7,No,4,Yes,4,Yes,5,Yes,3,Yes,3,Yes,3,Yes,4,Yes,4,No,3,No,3,No,3,Yes,3,Yes,5,Yes,5,Yes,4,Yes,11,Yes,2,Yes,1,Yes,1,Yes,1,Yes,1,No,1,No,1,Yes,7,Yes,8,Yes,Page 1,,-1,-7
Glossary,https://www.fortinet.com/resources/cyberglossary/runtime-application-self-protection-rasp,RASP,Cyber Security,Runtime Application Self-Protection,320,32,6,No,6,Yes,5,Yes,3,No,6,Yes,6,Yes,6,Yes,6,Yes,5,Yes,6,Yes,3,Yes,5,Yes,1,Yes,1,Yes,4,Yes,5,Yes,5,No,5,No,4,No,4,No,6,No,8,No,9,No,7,No,8,No,9,No,9,No,8,No,8,No,9,No,3,No,7,No,8,No,8,No,8,No,8,No,7,No,9,No,9,No,Page 1,,0,-3
Glossary,https://www.fortinet.com/resources/cyberglossary/enterprise-security,enterprise security ,Cyber Security,Enterprise Security,2400,43,2,No,3,No,3,No,3,Yes,3,No,3,No,3,Yes,2,Yes,2,Yes,3,No,3,Yes,2,No,2,No,3,No,3,Yes,4,Yes,3,Yes,3,Yes,2,No,3,Yes,3,No,3,Yes,3,Yes,3,No,3,No,4,Yes,4,Yes,4,No,3,Yes,4,Yes,2,Yes,2,Yes,2,Yes,2,Yes,2,No,2,No,2,Yes,4,Yes,4,Yes,Page 1,,0,-2
Glossary,https://www.fortinet.com/resources/cyberglossary/cryptojacking,Cryptojacking,Cyber Threats,Cryptojacking,1600,56,3,No,3,No,2,No,5,No,5,No,5,No,8,No,6,No,6,No,5,No,6,No,6,No,2,Yes,5,No,4,No,5,Yes,3,Yes,2,Yes,3,Yes,6,Yes,8,No,6,No,7,No,8,No,9,No,8,No,7,No,8,No,7,No,8,Yes,5,Yes,10,Yes,7,Yes,6,No,6,No,9,Yes,15,No,10,No,9,Yes,Page 1,,1,-6
Glossary,https://www.fortinet.com/resources/cyberglossary/smishing,Smishing,Cyber Threats,Smishing,18100,52,5,No,4,Yes,8,No,7,No,5,Yes,6,Yes,5,No,5,No,5,No,7,No,5,No,6,No,4,No,4,No,4,No,3,No,5,No,5,Yes,8,No,8,No,10,No,11,No,11,No,11,No,11,No,11,No,9,No,8,No,8,Yes,9,Yes,5,Yes,5,No,7,No,3,No,3,No,3,No,3,No,11,No,10,No,Page 1,,1,-5
Glossary,https://www.fortinet.com/resources/cyberglossary/shadow-it,shadow it,Cyber Threats,Shadow It,3600,50,8,No,8,No,11,No,11,No,12,No,6,No,13,No,10,No,8,No,12,No,11,No,7,No,8,No,7,No,10,No,5,No,13,No,10,No,12,No,12,No,8,No,13,No,19,No,22,No,17,No,23,No,21,No,15,No,19,No,23,No,21,No,22,No,17,No,18,No,14,No,5,Yes,7,Yes,10,Yes,8,No,Page 2,,2,0
Glossary,https://www.fortinet.com/resources/cyberglossary/data-center,data center,Cyber Security,What Is Data Center,590,52,10,No,11,No,8,No,6,No,5,No,8,No,4,No,4,No,4,No,5,No,5,No,3,No,4,No,2,No,2,Yes,3,Yes,4,Yes,7,Yes,5,Yes,6,Yes,7,Yes,7,Yes,7,No,8,No,8,No,8,No,8,No,5,No,5,No,6,No,3,No,2,No,3,No,12,No,4,No,2,No,15,No,8,No,7,No,Page 1,,1,3
Glossary,https://www.fortinet.com/resources/cyberglossary/data-integrity,data integrity,Network Security,Data Integrity,5400,55,5,Yes,3,Yes,7,No,6,No,6,No,4,Yes,6,No,7,No,4,Yes,8,No,7,No,5,No,7,No,8,No,6,No,3,No,8,Yes,4,No,2,Yes,3,No,5,No,5,No,5,No,5,No,6,No,3,No,4,No,4,No,2,Yes,4,No,5,No,5,No,7,No,8,No,6,No,7,No,7,No,5,No,2,No,Page 1,,3,3
Glossary,https://www.fortinet.com/resources/cyberglossary/wardriving,wardriving,Cyber Threats,Wardriving,1900,44,3,No,4,No,3,No,1,No,1,No,1,No,1,No,1,Yes,2,Yes,4,Yes,3,Yes,2,Yes,3,Yes,2,Yes,2,Yes,4,No,4,No,2,No,3,No,3,No,3,No,4,No,4,No,4,Yes,5,Yes,4,Yes,4,Yes,3,Yes,3,Yes,4,Yes,4,Yes,3,Yes,3,Yes,3,No,4,No,3,Yes,3,No,5,No,4,No,Page 1,,1,-1
Glossary,https://www.fortinet.com/resources/cyberglossary/ssl-vpn,ssl vpn,VPN,SSL VPN,4400,55,1,No,1,No,1,Yes,1,Yes,1,No,1,No,1,No,1,No,1,Yes,1,No,2,Yes,5,Yes,4,Yes,3,Yes,3,No,3,Yes,3,Yes,3,No,4,Yes,3,Yes,3,Yes,2,Yes,2,No,2,Yes,1,Yes,1,Yes,1,No,1,No,4,Yes,5,Yes,4,Yes,6,Yes,5,Yes,5,Yes,4,Yes,4,Yes,4,Yes,6,Yes,4,Yes,Page 1,,2,-3
Glossary,https://www.fortinet.com/resources/cyberglossary/snort,snort,Network Security,Snort,6600,66,9,No,9,No,9,No,9,No,9,No,8,No,9,No,9,No,7,No,8,No,8,No,6,No,5,No,5,No,6,Yes,7,No,5,No,7,Yes,9,No,9,No,9,No,9,No,9,No,9,No,8,No,6,No,6,No,7,No,5,No,8,No,10,No,13,Yes,7,No,13,No,14,No,12,No,9,No,7,No,7,No,Page 1,,0,2
Glossary,https://www.fortinet.com/resources/cyberglossary/zero-day-attack,zero-day,Cyber Threats,Zero-Day Attack,1000,50,8,No,11,No,14,No,13,No,17,No,9,No,12,No,12,No,12,No,10,No,12,No,3,No,5,No,17,No,2,No,2,No,6,No,11,No,6,No,2,No,3,No,4,No,2,No,3,Yes,2,Yes,2,Yes,2,Yes,2,Yes,1,Yes,3,No,3,No,3,No,2,No,3,Yes,2,Yes,2,Yes,2,Yes,1,Yes,1,Yes,Page 1,,0,7
Glossary,https://www.fortinet.com/resources/cyberglossary/vulnerability-scanning-compare,vulnerability scanning vs penetration testing,Cyber Security,Vulnerability Scanning Vs Penetration Testing,390,25,3,Yes,4,Yes,3,No,3,No,3,No,3,No,3,No,3,No,3,No,3,No,5,No,2,No,3,No,3,No,2,No,5,No,2,No,1,No,1,No,1,No,1,No,1,No,1,No,1,No,2,No,2,No,1,No,1,No,1,No,2,No,1,No,1,No,1,No,1,No,1,No,1,No,1,No,1,No,1,No,Page 1,,0,2
Glossary,https://www.fortinet.com/resources/cyberglossary/api-security,api security,Cloud Security,API Security,3600,55,7,No,6,No,5,No,6,No,9,No,6,No,6,No,6,No,4,No,8,No,5,No,6,No,5,No,2,No,3,No,2,No,3,No,3,No,4,No,2,Yes,2,Yes,5,Yes,5,No,4,Yes,6,Yes,5,Yes,3,Yes,5,Yes,5,Yes,6,No,6,No,4,No,6,No,6,No,6,No,6,No,6,No,6,No,6,No,Page 1,,0,1
Glossary,https://www.fortinet.com/resources/cyberglossary/what-is-cryptography,crypotography,Cyber Security,Cryptography,22200,77,5,No,3,No,4,Yes,2,Yes,3,No,3,Yes,2,Yes,2,Yes,2,No,6,No,5,No,4,No,4,No,3,No,3,No,3,Yes,3,No,3,Yes,3,Yes,2,Yes,3,No,3,Yes,3,Yes,4,Yes,4,Yes,5,No,5,Yes,5,No,3,No,4,Yes,2,Yes,2,Yes,2,Yes,4,No,5,No,4,Yes,4,Yes,4,No,3,No,Page 1,,1,2
Glossary,https://www.fortinet.com/resources/cyberglossary/doxing,doxing,Cyber Threats,Doxing,27100,56,9,No,10,No,10,No,9,No,9,No,10,No,8,No,9,No,9,No,8,No,3,No,7,No,5,No,10,No,6,No,6,No,6,No,10,No,12,No,9,No,10,No,10,No,12,No,7,Yes,11,No,12,No,11,No,12,No,8,No,10,Yes,2,Yes,2,Yes,2,Yes,2,No,2,No,10,No,10,No,10,No,8,No,Page 1,,2,1
Glossary,https://www.fortinet.com/resources/cyberglossary/access-control,,Access Control,Access Control,1000,66,3,No,3,No,2,No,1,No,1,No,3,No,5,No,2,No,3,No,4,No,4,No,4,No,2,No,2,No,3,No,4,No,2,No,3,No,3,No,4,No,3,No,3,No,3,No,2,No,3,No,3,Yes,3,Yes,4,Yes,3,Yes,4,Yes,3,Yes,2,Yes,2,Yes,2,No,2,Yes,2,Yes,2,No,3,No,3,No,Page 1,,0,0
Glossary,https://www.fortinet.com/resources/cyberglossary/dkim-record,,Email Security,DKIM Record,1300,64,33,No,37,No,25,No,17,No,12,No,10,No,9,No,9,No,4,No,3,Yes,2,Yes,5,Yes,6,Yes,5,Yes,6,Yes,3,Yes,4,Yes,4,No,7,No,7,No,9,No,7,No,7,No,5,No,5,No,6,No,6,No,7,No,9,No,10,No,3,No,3,No,4,No,2,No,5,No,4,No,3,No,7,No,6,No,Page 1,,1,27
Glossary,https://www.fortinet.com/resources/cyberglossary/saml-vs-oauth,saml vs oauth vs open id,Access Control,SAML Vs OAUTH Vs Open Id,20,18,15,No,14,No,19,No,4,No,15,No,15,No,15,No,15,No,13,No,14,No,15,No,20,No,17,No,13,No,15,No,12,No,15,No,15,No,14,No,20,No,21,No,24,No,21,No,14,No,12,No,8,No,8,No,21,No,23,No,24,No,10,No,12,No,13,No,8,No,10,No,7,No,4,No,12,No,10,No,Page 2,,2,5
Glossary,https://www.fortinet.com/resources/cyberglossary/csrf,CSRF attack,Cyber Threats,CSRF Attack,1300,65,4,No,6,No,7,No,2,No,5,No,5,No,8,No,5,No,6,No,9,No,8,No,8,No,6,No,8,No,6,No,3,No,10,No,10,No,13,No,12,No,11,No,12,No,12,No,11,No,14,No,14,No,11,No,13,No,12,No,13,Yes,3,Yes,3,Yes,11,Yes,13,No,13,No,5,No,9,No,15,No,13,No,Page 2,,2,-9
Glossary,https://www.fortinet.com/resources/cyberglossary/captcha,captcha,Cyber Security,What Is Captcha?,33100,81,8,No,5,No,9,No,12,No,6,No,10,No,14,No,10,No,8,No,7,No,7,Yes,7,No,5,No,7,No,8,No,2,No,6,No,9,Yes,9,No,11,No,11,No,3,No,9,No,13,No,15,No,7,No,10,No,13,No,9,No,10,No,8,No,5,Yes,5,Yes,3,No,3,No,4,No,6,No,8,No,9,No,Page 1,,-1,-1
Glossary,https://www.fortinet.com/resources/cyberglossary/cve,CVE,Cyber Security,Common Vulnerabilities And Exposures,6600,91,18,No,18,No,19,No,8,No,22,No,25,No,22,Yes,18,No,12,No,15,No,19,No,10,No,9,Yes,19,No,14,No,9,No,10,No,13,No,20,No,18,No,19,No,13,No,14,No,26,No,21,No,18,No,19,Yes,18,No,20,No,22,Yes,21,Yes,20,Yes,21,Yes,2,No,2,No,19,No,19,No,26,No,28,No,Page 3,,-2,-10
Glossary,https://www.fortinet.com/resources/cyberglossary/reverse-proxy,reverse proxy,Cyber Security,Reverse Proxy,6600,69,2,Yes,3,Yes,4,Yes,7,No,8,No,9,No,6,No,7,No,2,No,11,Yes,6,No,6,Yes,5,No,7,No,10,No,3,No,8,No,11,No,13,No,9,No,11,No,9,No,10,No,9,No,6,No,6,No,3,No,11,Yes,7,No,15,Yes,5,Yes,7,No,7,No,7,No,8,Yes,5,No,4,No,9,No,6,No,Page 1,,3,-4
Glossary,https://www.fortinet.com/resources/cyberglossary/scada-and-scada-systems,What is Scada,OT Security,What Is Scada,3600,40,4,No,4,No,3,No,2,No,3,No,3,No,4,No,3,No,2,No,2,No,2,No,3,No,3,No,3,No,2,No,8,No,2,No,3,No,2,No,2,No,4,No,4,No,4,No,4,No,4,No,6,No,5,No,5,Yes,2,Yes,3,No,2,No,2,No,4,Yes,6,No,6,No,5,No,5,No,6,No,5,No,Page 1,,1,-1
Glossary,https://www.fortinet.com/resources/cyberglossary/identity-and-access-management,identity and access management,Access Control,Identity And Access Management,5400,65,9,No,11,No,11,No,14,No,17,No,14,No,12,No,15,No,14,No,8,No,11,No,9,No,9,No,8,No,9,No,13,No,8,Yes,9,Yes,9,No,7,No,8,Yes,13,No,9,Yes,10,No,9,Yes,7,No,7,No,25,No,10,No,24,No,2,No,4,No,4,No,4,No,4,No,4,No,2,No,19,No,7,Yes,Page 1,,12,2
Glossary,https://www.fortinet.com/resources/cyberglossary/what-is-cybersecurity,what is cybersecurity ,Cyber Security,What Is Cybersecurity,9900,77,4,No,9,No,9,No,12,No,13,No,16,No,14,No,10,No,9,No,9,No,10,No,10,No,8,No,7,No,7,No,11,No,11,No,9,No,10,No,9,No,9,No,10,No,11,No,11,No,9,No,9,No,9,No,10,No,10,No,12,Yes,6,Yes,6,Yes,6,Yes,9,No,10,No,18,No,8,No,11,No,11,No,Page 1,,0,-7
Glossary,https://www.fortinet.com/resources/cyberglossary/soc-2-compliance,soc 2 compliance,Cyber Compliance,What Is Soc 2 Compliance,1000,45,7,No,5,No,5,No,7,No,4,Yes,3,Yes,2,Yes,3,Yes,2,Yes,2,Yes,3,Yes,3,Yes,3,Yes,3,Yes,2,Yes,5,Yes,3,Yes,3,Yes,3,Yes,2,Yes,2,Yes,4,No,4,No,4,No,3,Yes,5,No,3,No,5,No,4,Yes,6,Yes,2,No,3,No,3,No,3,No,2,No,2,No,2,No,7,No,6,No,Page 1,,1,1
Glossary,https://www.fortinet.com/resources/cyberglossary/what-is-cobit,cobit,Cyber Compliance,Cobit,3600,41,3,No,3,No,5,No,5,No,3,No,3,Yes,3,No,2,No,3,No,4,No,4,No,5,No,5,No,5,No,3,No,3,No,3,Yes,3,Yes,2,Yes,3,No,2,Yes,2,Yes,2,Yes,2,Yes,3,Yes,2,No,2,Yes,2,No,2,Yes,3,No,6,No,7,No,7,No,3,Yes,5,Yes,5,Yes,6,Yes,3,Yes,3,No,Page 1,,0,0
Glossary,https://www.fortinet.com/resources/cyberglossary/iot,IoT,OT security,What Is IOT?,9900,75,9,No,11,No,8,No,9,No,3,No,2,No,3,No,3,No,2,No,3,No,3,No,3,No,5,No,4,No,2,No,3,No,9,No,6,No,7,No,7,No,4,No,1,No,3,No,4,No,7,No,7,No,6,No,8,No,6,No,9,No,13,No,12,No,21,No,15,No,14,No,6,No,6,No,20,No,11,No,Page 3,,9,-2
Glossary,https://www.fortinet.com/resources/cyberglossary/enterprise-architecture,what is enterprise architecture ,Cyber Security,Enterprise Architecture,3600,46,54,No,19,No,26,No,19,No,19,No,21,No,18,No,17,No,14,No,16,No,7,No,15,No,13,No,13,No,11,No,7,No,32,No,15,No,12,No,13,No,9,No,10,No,11,Yes,14,No,12,No,15,No,23,No,12,No,24,No,30,Yes,3,Yes,4,Yes,3,Yes,3,No,4,No,3,No,3,No,9,No,5,No,Page 1,,4,49
Glossary,https://www.fortinet.com/resources/cyberglossary/disaster-recovery,disaster recovery,Cyber Security,Disaster Recovery,8100,74,15,No,15,No,15,No,15,No,15,No,16,No,14,No,11,No,12,No,14,No,12,No,7,No,9,No,11,No,13,No,7,No,14,No,20,No,15,No,12,No,15,No,11,No,14,No,15,No,13,No,16,No,14,No,15,No,12,No,28,No,9,No,11,No,11,No,6,No,4,No,5,No,6,No,10,No,11,No,Page 2,,-1,4
Glossary,https://www.fortinet.com/resources/cyberglossary/pii,pii,Cyber Compliance,Personally Identifiable Information,12100,64,13,No,23,No,13,No,30,No,9,No,11,No,24,No,13,No,13,No,10,No,5,No,6,No,6,No,13,No,12,Yes,7,No,18,No,16,No,26,No,26,No,23,No,21,No,25,No,25,No,28,No,29,No,25,No,23,No,24,No,26,No,8,No,6,No,6,Yes,6,No,6,No,4,No,3,No,25,No,25,No,Page 1,,0,-12
Glossary,https://www.fortinet.com/resources/cyberglossary/osi-model,osi model,Network Security,OSI Model,33100,59,12,No,15,No,13,No,13,No,11,No,11,No,17,No,13,No,8,Yes,10,No,6,No,8,No,3,No,16,No,4,No,4,No,3,No,8,No,20,No,2,No,17,No,13,No,11,No,16,No,14,No,7,No,13,No,11,No,10,No,17,No,2,No,2,No,2,No,22,No,26,No,24,No,23,No,36,No,36,No,Page 1,,0,-24
Glossary,https://www.fortinet.com/resources/cyberglossary/owasp,OWASP,Cyber Compliance,Owasp,14800,72,8,No,8,No,8,No,8,No,9,No,8,No,10,No,9,No,8,No,9,No,8,No,8,No,7,No,7,Yes,7,No,6,No,14,No,17,No,15,No,11,No,10,No,9,No,10,No,10,No,9,No,12,No,12,No,11,No,13,No,14,No,15,Yes,20,Yes,11,Yes,3,No,3,No,16,No,16,No,12,No,12,No,Page 2,,0,-4
Glossary,https://www.fortinet.com/resources/cyberglossary/role-based-access-control,rbac,Cyber Security,RBAC,9900,79,11,No,11,No,19,No,18,No,21,No,21,No,14,No,13,No,7,Yes,13,No,12,No,11,No,12,No,13,No,9,No,9,No,10,No,8,No,8,No,9,No,15,No,4,No,7,No,12,No,8,No,14,No,12,No,24,No,8,No,14,Yes,34,Yes,34,Yes,21,Yes,32,No,20,Yes,18,Yes,11,No,15,No,6,No,Page 3,,9,5
Glossary,https://www.fortinet.com/resources/cyberglossary/what-is-cyber-attack,what is a cyber attack,Cyber Threats,What Is A Cyber Attack,2900,61,8,No,8,No,9,No,4,No,11,No,11,Yes,10,No,7,No,7,Yes,2,Yes,2,Yes,2,Yes,3,Yes,4,Yes,6,No,7,Yes,2,Yes,2,Yes,2,No,2,Yes,2,Yes,3,Yes,4,Yes,4,No,4,Yes,5,No,3,No,3,No,3,No,5,Yes,11,No,8,No,21,No,11,Yes,14,Yes,9,Yes,8,No,3,Yes,3,Yes,Page 3,,0,5
Glossary,https://www.fortinet.com/resources/cyberglossary/vishing-attack,vishing attack,Cyber Threats,Vishing Attack,1600,35,5,Yes,5,Yes,5,Yes,7,Yes,8,Yes,9,Yes,7,Yes,5,Yes,8,Yes,6,No,5,No,5,No,5,No,5,No,6,No,13,No,2,No,3,Yes,3,Yes,2,Yes,4,Yes,5,Yes,4,Yes,5,Yes,5,Yes,7,No,6,No,8,No,4,No,8,No,4,No,4,No,4,No,6,No,5,No,4,No,5,No,5,No,5,No,Page 1,,0,0
Glossary,https://www.fortinet.com/resources/cyberglossary/endpoint-protection-platform,what is epp,Endpoint Security,Endpoint Protection Platform,1300,39,2,No,2,No,2,No,1,No,2,No,2,No,2,No,2,No,5,No,4,No,5,No,5,No,5,No,12,No,5,No,4,No,5,No,5,No,2,No,2,No,2,No,2,No,2,No,1,Yes,2,Yes,2,Yes,3,Yes,3,Yes,2,Yes,3,No,2,No,2,No,2,No,2,No,2,No,4,No,2,No,6,No,5,Yes,Page 1,,1,-3
Glossary,https://www.fortinet.com/resources/cyberglossary/wan,what is a wide area network wan,Network Security,What Is A WAN,1600,49,9,No,9,No,10,No,8,No,10,No,8,No,12,No,9,No,8,No,9,No,6,No,6,No,8,No,6,No,4,No,3,No,8,No,9,No,3,No,3,No,2,No,3,No,8,Yes,7,Yes,14,Yes,2,Yes,3,Yes,9,Yes,12,Yes,25,Yes,2,No,3,Yes,2,No,2,No,2,No,2,No,11,No,4,No,3,No,Page 1,,1,6
Glossary,https://www.fortinet.com/resources/cyberglossary/ransomware-statistics,,Cyber Threats,Ransomware Statistics,590,44,1,No,1,Yes,1,Yes,1,Yes,14,No,6,No,7,No,4,No,6,No,4,No,4,No,10,No,5,No,8,No,8,No,9,No,16,No,18,No,5,No,9,No,11,No,15,No,10,No,9,No,21,No,20,No,18,No,6,No,9,No,20,No,41,Yes,46,No,39,No,18,Yes,13,Yes,20,Yes,29,No,20,No,7,No,>Page 3,,13,-6
Glossary,https://www.fortinet.com/resources/cyberglossary/ciem,CIEM,Cloud Security,CIEM,1900,36,13,No,6,No,2,No,4,No,3,Yes,4,No,4,Yes,5,Yes,5,Yes,4,No,4,No,9,Yes,4,Yes,9,No,10,Yes,7,Yes,8,No,9,No,8,No,9,No,10,No,13,No,16,No,15,No,17,Yes,17,No,18,No,16,Yes,20,No,21,No,16,No,12,No,19,No,19,No,11,No,15,No,17,No,14,Yes,15,Yes,Page 2,,-1,-2
Glossary,https://www.fortinet.com/resources/cyberglossary/command-and-control-attacks,command and control,Cyber Threats,Command And Control Attack,70,19,2,No,2,No,2,No,2,Yes,3,Yes,2,Yes,3,Yes,1,Yes,2,Yes,2,Yes,2,Yes,3,Yes,2,Yes,3,Yes,3,Yes,3,Yes,3,Yes,1,Yes,2,Yes,2,Yes,2,Yes,2,Yes,2,Yes,2,Yes,2,Yes,2,No,2,No,1,No,1,No,2,No,61,No,57,No,58,No,70,Yes,75,Yes,70,Yes,75,Yes,2,Yes,1,Yes,>Page 3,,1,1
Glossary,https://www.fortinet.com/resources/cyberglossary/iot-security,IoT Security,OT Security,IOT Security,3600,52,5,No,5,No,5,No,5,No,5,No,5,No,6,No,4,No,3,Yes,4,Yes,3,Yes,4,No,3,Yes,6,Yes,5,No,2,Yes,4,Yes,4,Yes,2,Yes,2,Yes,3,No,5,Yes,5,Yes,7,Yes,4,Yes,2,Yes,2,Yes,4,Yes,3,Yes,5,No,29,No,32,No,29,No,29,Yes,18,Yes,9,Yes,10,Yes,6,Yes,6,No,Page 3,,0,-1
Glossary,https://www.fortinet.com/resources/cyberglossary/what-is-packet-loss,what is packet loss,Cyber Security,Packet Loss,3600,54,3,No,5,No,6,No,4,Yes,4,No,6,No,6,No,5,No,3,No,5,No,4,No,4,No,4,No,5,No,3,No,2,Yes,2,Yes,3,Yes,4,Yes,4,No,3,Yes,2,Yes,3,No,6,No,4,No,5,Yes,4,Yes,5,No,3,Yes,5,Yes,7,No,4,No,5,No,4,Yes,5,Yes,7,Yes,7,Yes,6,Yes,5,No,Page 1,,1,-2
Glossary,https://www.fortinet.com/resources/cyberglossary/dynamic-application-security-testing,Dynamic Application Security Testing,Cyber Security,Dynamic Application Security Testing,1300,32,17,No,17,No,14,No,16,No,12,No,21,No,9,No,7,No,5,Yes,2,Yes,2,Yes,3,Yes,8,Yes,4,Yes,8,Yes,3,No,11,No,14,No,10,No,10,No,11,No,11,No,15,No,14,No,18,No,13,No,10,No,12,No,18,No,19,No,18,No,25,No,26,No,23,No,20,Yes,18,No,23,No,15,No,12,No,Page 3,,3,5
Glossary,https://www.fortinet.com/resources/cyberglossary/what-is-bluekeep,bluekeep,Cyber Security,Bluekeep,320,22,3,No,3,No,3,No,4,No,4,No,4,No,4,No,4,No,3,No,3,No,3,No,3,No,3,No,2,No,3,No,3,No,2,No,3,No,2,No,3,No,2,No,1,No,1,No,1,No,1,No,2,No,1,No,1,Yes,1,Yes,2,Yes,11,No,17,No,13,No,10,Yes,9,Yes,11,Yes,11,Yes,3,Yes,3,Yes,Page 2,,0,0
Glossary,https://www.fortinet.com/resources/cyberglossary/it-operations,it operations,Security Operations (SecOps),It Operations,2400,32,9,No,10,No,10,No,9,No,14,No,10,Yes,14,Yes,11,No,9,No,8,No,8,No,8,No,6,No,7,No,5,No,7,No,5,No,7,No,6,No,6,No,6,No,8,No,7,No,8,No,8,No,7,No,7,No,8,No,8,No,9,No,8,No,8,No,8,No,8,No,9,No,8,No,7,No,9,No,8,No,Page 1,,1,1
Glossary,https://www.fortinet.com/resources/cyberglossary/advanced-persistent-threat,advanced persistent threrat,Cyber Threats,Advanced Persistent Threat,2900,72,13,No,13,No,15,No,15,No,16,No,16,No,17,No,13,No,14,No,14,No,13,No,13,No,13,No,19,No,14,Yes,15,No,16,No,19,No,18,No,19,No,17,No,14,No,16,No,21,No,22,No,18,No,20,No,19,No,18,No,20,Yes,16,No,27,No,26,No,20,No,21,No,15,No,16,No,14,No,14,No,Page 3,,0,-1
Glossary,https://www.fortinet.com/resources/cyberglossary/cnapp,,Cloud Security,CNapp,5400,44,15,No,21,No,31,No,38,No,30,No,20,No,27,No,27,No,12,No,10,No,13,No,13,No,11,No,20,No,18,Yes,11,No,12,No,14,No,28,No,16,No,12,No,15,No,27,No,14,No,12,No,13,No,21,No,12,No,10,No,18,No,25,No,29,No,29,No,28,No,33,No,29,No,29,No,15,No,14,No,Page 3,,1,1
Glossary,https://www.fortinet.com/resources/cyberglossary/social-engineering,social engineering,Cyber Threats,Social Engineering,14800,74,11,No,9,No,10,No,10,No,9,No,12,No,10,No,10,No,10,No,10,No,10,No,10,No,9,No,8,No,7,No,6,No,8,No,16,No,24,No,23,No,21,No,24,No,24,No,21,No,23,No,23,No,25,No,24,No,22,No,24,No,16,No,20,No,26,No,3,No,9,No,20,No,12,No,27,No,27,No,Page 3,,0,-16
Glossary,https://www.fortinet.com/resources/cyberglossary/software-as-a-service,SaaS,Security Operations (SecOps),SAAS,90500,92,13,No,12,No,12,No,12,No,12,No,7,No,5,No,5,No,4,No,6,Yes,5,No,3,No,2,No,2,No,3,No,2,No,3,No,7,No,10,Yes,13,No,18,No,7,No,7,No,13,No,6,No,5,No,10,No,10,No,10,No,11,Yes,3,No,3,No,3,Yes,3,No,3,No,2,No,4,No,5,No,5,No,Page 1,,0,8
Glossary,https://www.fortinet.com/resources/cyberglossary/privileged-access-management,What is privileged access management,SASE,Privileged Access Management,6600,62,11,No,10,No,13,No,12,Yes,15,No,20,No,22,No,17,No,11,No,15,No,9,Yes,9,Yes,9,No,10,No,14,No,13,Yes,13,No,11,No,18,No,21,No,20,No,7,No,11,No,11,No,13,No,13,No,11,No,13,No,12,No,13,No,16,No,18,No,17,No,19,No,25,No,21,No,25,No,12,No,12,No,Page 2,,0,-1
Glossary,https://www.fortinet.com/resources/cyberglossary/infrastructure-as-a-service,iaas,Cloud Security,LAAS,9900,65,8,No,6,No,9,No,9,No,3,Yes,13,No,13,Yes,7,Yes,9,Yes,12,No,12,No,11,No,8,No,8,No,8,No,11,No,19,No,22,No,24,No,26,No,17,No,16,No,17,No,23,No,28,No,28,No,26,No,26,No,27,No,29,No,6,No,6,Yes,6,No,6,No,6,No,6,No,6,No,-,No,-,No,Page 1,,#VALUE!,#VALUE!
Glossary,https://www.fortinet.com/resources/cyberglossary/data-governance,data governance,Data Security,Data Governance,12100,65,20,No,22,No,21,No,25,No,24,No,24,No,23,No,24,No,20,No,19,No,19,No,17,No,15,No,12,No,14,No,9,No,16,No,24,No,25,No,26,No,18,No,17,No,23,No,23,No,22,No,24,No,27,No,29,No,28,No,35,Yes,5,Yes,6,Yes,5,Yes,4,No,6,No,5,No,5,No,44,No,31,No,Page 1,,13,-11
Glossary,https://www.fortinet.com/resources/cyberglossary/iec-62443,IEC 62443,OT Security,IEC 62443,1600,37,4,No,3,No,3,No,3,No,3,No,3,No,3,No,3,No,3,No,5,No,4,No,4,No,5,Yes,5,No,4,No,2,No,2,No,3,No,3,Yes,2,No,2,Yes,3,No,2,No,3,Yes,3,Yes,3,Yes,3,No,2,Yes,2,Yes,3,No,25,No,23,No,24,No,26,Yes,22,No,23,No,20,Yes,3,Yes,3,No,Page 3,,0,1
Glossary,https://www.fortinet.com/resources/cyberglossary/digital-experience-monitoring,,Network Security,Digital Experience Monitoring,1000,19,29,No,29,No,41,No,20,No,24,No,17,No,14,No,15,No,10,No,12,No,6,No,7,No,6,No,11,No,8,No,6,No,6,No,6,No,7,No,9,No,14,No,8,No,8,No,8,No,8,No,9,No,6,No,6,Yes,5,No,8,Yes,2,Yes,3,Yes,2,Yes,3,Yes,4,Yes,4,Yes,3,No,6,No,4,No,Page 1,,2,25
Glossary,https://www.fortinet.com/resources/cyberglossary/active-directory,,Network Security,Active Directory Cybersecurity,30,20,9,No,12,No,12,No,2,No,5,No,5,No,4,No,5,No,3,No,3,No,3,No,3,No,5,No,5,No,2,No,2,No,3,No,2,No,2,No,2,No,3,No,3,No,3,No,3,No,3,No,5,No,5,No,5,No,3,No,4,No,10,No,8,No,10,No,11,No,10,No,11,No,10,No,1,No,1,No,Page 1,,0,8
Glossary,https://www.fortinet.com/resources/cyberglossary/what-is-scim,,Endpoint Security,SCIM Authentication,110,32,9,No,9,No,4,No,6,No,6,No,6,No,6,No,6,No,6,No,6,No,5,No,2,No,1,No,1,No,1,No,1,No,6,No,8,No,8,No,8,No,6,No,6,No,6,No,8,No,8,No,7,No,8,No,5,No,4,No,6,No,18,No,24,No,21,No,21,No,17,No,16,No,8,No,1,No,2,No,Page 3,,-1,7
Glossary,https://www.fortinet.com/resources/cyberglossary/application-security,,Network Security,Application Security,4400,49,17,No,17,No,19,No,31,No,18,No,18,No,25,No,17,No,11,No,12,No,22,No,21,No,16,No,14,No,17,No,16,No,15,No,14,No,18,No,22,No,20,No,11,No,13,No,21,No,21,No,21,No,18,No,19,No,15,No,22,Yes,22,Yes,29,No,20,No,26,No,16,No,5,No,35,No,29,No,27,No,Page 2,,2,-10
Glossary,https://www.fortinet.com/resources/cyberglossary/cyber-safety,,Cyber Threats,Cyber Safety,1000,52,7,Yes,8,Yes,7,Yes,5,Yes,4,Yes,6,Yes,5,Yes,2,Yes,3,Yes,4,Yes,6,Yes,6,Yes,4,Yes,4,Yes,3,Yes,3,Yes,3,Yes,2,Yes,4,Yes,3,Yes,2,Yes,1,Yes,1,Yes,1,Yes,1,Yes,1,Yes,1,Yes,1,Yes,1,Yes,2,Yes,2,Yes,2,No,2,No,2,No,2,No,2,No,2,No,4,No,3,No,Page 1,,1,4
Glossary,https://www.fortinet.com/resources/cyberglossary/cyber-resilience,,Cyber Threats,Cyber Resilience,2400,48,25,No,17,No,16,No,15,Yes,19,No,24,No,19,No,16,No,19,No,17,No,11,No,17,No,5,No,9,No,4,No,4,Yes,5,Yes,6,Yes,5,No,8,No,9,No,4,No,5,No,4,No,5,Yes,5,Yes,6,No,8,Yes,9,No,13,No,5,No,3,Yes,6,Yes,5,No,6,Yes,5,No,4,No,26,No,27,No,Page 1,,-1,-2
Glossary,https://www.fortinet.com/resources/cyberglossary/antivirus-protection,,Cyber Security,Antivirus Protection,4400,88,17,No,16,No,16,No,6,No,12,No,6,No,12,No,9,No,9,No,12,No,17,No,8,No,6,No,10,Yes,10,No,6,No,6,Yes,9,Yes,9,Yes,7,Yes,7,Yes,6,Yes,6,No,7,No,6,No,6,Yes,6,Yes,5,Yes,6,No,7,No,9,No,10,No,10,No,10,No,10,Yes,8,Yes,7,Yes,5,Yes,5,Yes,Page 1,,0,12
Glossary,https://www.fortinet.com/resources/cyberglossary/waf-architecture,,NGFW/firewall,Web Application Firewall Architecture,170,45,6,No,4,No,2,No,4,No,4,No,4,No,3,No,3,No,7,No,4,No,2,No,2,No,1,No,1,Yes,1,Yes,2,Yes,2,Yes,2,Yes,2,Yes,1,Yes,1,Yes,1,No,2,No,2,No,2,No,2,No,1,No,1,No,1,No,2,No,7,No,8,No,9,Yes,8,Yes,7,Yes,9,Yes,9,Yes,5,No,2,No,Page 1,,3,4
Glossary,https://www.fortinet.com/resources/cyberglossary/cybersecurity-awareness,,Cyber Security,Cybersecurity Awareness,1220000,65,,,-,,,,,,18,No,18,No,25,No,20,No,19,No,21,No,18,No,16,No,15,No,12,No,12,No,8,No,10,No,6,No,13,No,13,No,13,No,10,No,11,No,12,No,11,No,12,No,10,No,11,No,10,No,11,Yes,3,Yes,3,Yes,3,No,3,No,4,No,3,No,2,No,11,No,11,No,Page 1,,0,-11
Glossary,https://www.fortinet.com/resources/cyberglossary/it-security,,Network Security,It Security,8100,43,,,-,,,,,,13,No,14,No,17,No,14,No,9,No,8,Yes,11,No,7,Yes,7,No,6,Yes,7,No,12,Yes,11,No,11,No,20,No,13,No,16,No,12,No,12,No,27,No,25,No,18,No,14,No,30,No,21,Yes,23,No,5,Yes,4,Yes,5,No,5,No,5,Yes,3,Yes,3,Yes,8,Yes,8,Yes,Page 1,,0,-8
Glossary,https://www.fortinet.com/resources/cyberglossary/nist-800-53,,Cyber Compliance,Nist 800 53,4400,44,,,-,,,,,,7,No,8,No,9,No,8,Yes,7,Yes,7,Yes,6,Yes,5,Yes,7,No,6,Yes,7,No,6,No,6,Yes,8,No,9,No,12,Yes,11,No,12,No,15,No,12,No,15,No,12,No,14,No,16,No,12,No,14,Yes,4,No,5,Yes,5,Yes,5,No,5,Yes,3,No,4,No,11,No,12,No,Page 1,,-1,-12
Glossary,https://www.fortinet.com/resources/cyberglossary/nittf-cnssd-504,,Cyber Compliance,Nittf Cnssd 504,0,14,,,-,,,,,,2,No,2,No,2,No,2,No,2,No,2,No,1,No,1,No,1,No,2,No,2,No,2,No,2,No,2,No,2,No,2,No,2,No,2,No,2,No,2,No,2,No,2,No,2,No,1,No,1,No,2,No,10,No,5,No,5,No,8,No,10,No,7,No,6,No,2,No,2,No,Page 1,,0,-2
Glossary,https://www.fortinet.com/resources/cyberglossary/principle-of-least-privilege,,Access Control,Principle Of Least Privilege,5400,63,,,-,,,,,,13,No,11,No,14,No,13,No,4,No,3,No,5,Yes,6,No,4,No,5,No,4,No,8,Yes,18,No,14,No,19,No,20,No,13,Yes,20,No,18,No,23,No,25,No,25,No,19,Yes,24,No,23,No,24,No,2,No,3,No,4,No,3,No,4,No,5,No,5,No,30,No,25,No,Page 1,,5,-25
Glossary,https://www.fortinet.com/resources/cyberglossary/sbom,,Cyber Security,SBOM,4400,46,,,-,,,,,,18,No,24,No,25,No,11,No,20,No,23,No,12,No,16,No,7,No,8,No,12,No,21,No,25,No,26,No,24,No,23,No,16,No,15,No,22,No,27,No,18,No,22,No,22,No,23,No,30,No,33,No,8,No,8,No,9,No,9,No,8,No,7,No,9,No,24,No,25,No,Page 1,,-1,-25
Glossary,https://www.fortinet.com/resources/cyberglossary/secret-detection,,Data Security,Secret Detection,50,24,,,-,,,,,,2,No,2,No,2,No,2,No,2,No,2,No,2,No,2,No,2,No,2,No,2,No,2,No,2,No,2,No,2,No,2,No,2,Yes,2,Yes,2,Yes,2,Yes,2,Yes,2,Yes,2,Yes,2,No,2,No,4,Yes,7,No,6,No,8,No,9,No,10,No,9,No,7,No,2,No,2,No,Page 1,,0,-2
Glossary,https://www.fortinet.com/resources/cyberglossary/artificial-intelligence-in-cybersecurity,artificial intelligence in cybersecurity,AI Security,AI In Cybersecurity,320,67,9,No,2,No,6,No,9,No,9,No,8,No,2,No,5,Yes,7,Yes,2,Yes,1,Yes,1,Yes,2,Yes,9,Yes,1,Yes,1,Yes,1,Yes,1,Yes,1,Yes,1,Yes,1,Yes,1,Yes,1,Yes,1,No,1,No,3,Yes,3,No,2,Yes,2,Yes,2,No,2,No,2,No,2,No,5,Yes,6,Yes,5,Yes,5,Yes,2,No,2,Yes,Page 1,,0,7
Glossary,https://www.fortinet.com/resources/cyberglossary/ai-adoption,,AI Security,AI Adoption,1600,48,2,No,1,No,3,No,17,No,13,No,11,Yes,9,Yes,7,Yes,5,Yes,5,No,9,No,6,No,7,Yes,7,Yes,6,Yes,6,Yes,5,Yes,4,Yes,4,No,4,Yes,2,Yes,4,Yes,5,Yes,3,Yes,4,Yes,3,Yes,2,Yes,2,Yes,2,Yes,2,Yes,7,Yes,7,Yes,7,Yes,7,Yes,7,No,6,Yes,6,No,2,Yes,2,Yes,Page 1,,0,0
Glossary,https://www.fortinet.com/resources/cyberglossary/ai-security,,AI Security,AI Security,4400,67,8,No,8,No,11,No,11,No,9,No,11,No,12,No,9,No,11,No,11,No,8,No,9,No,7,Yes,7,Yes,9,Yes,4,No,13,No,14,No,17,No,17,No,17,No,17,No,22,No,18,No,17,No,18,No,15,No,11,Yes,12,No,11,No,12,No,11,No,11,No,12,No,12,Yes,11,No,11,No,12,No,9,No,Page 2,,3,-1
Glossary,https://www.fortinet.com/resources/cyberglossary/deepfake-ai,,AI Security,Deep Fake AI,3600,82,5,No,5,No,6,No,1,Yes,5,No,5,No,5,No,1,No,1,No,1,Yes,4,No,2,No,3,No,3,No,3,No,6,Yes,4,Yes,5,No,8,No,8,No,7,No,9,Yes,8,No,7,No,8,No,8,No,7,No,8,No,19,No,3,No,6,No,6,No,5,Yes,6,No,6,No,6,No,6,No,6,No,10,No,Page 1,,-4,-5
Glossary,https://www.fortinet.com/resources/cyberglossary/vpc,Vpc/ Vpcs,Cloud Security,Virtual Private Cloud,1600,21,3,No,5,No,4,No,3,No,5,Yes,4,Yes,3,Yes,2,Yes,3,Yes,2,Yes,2,Yes,3,Yes,4,No,2,No,4,No,3,No,4,No,4,No,3,No,3,No,4,Yes,4,Yes,4,Yes,3,Yes,4,Yes,11,No,12,Yes,5,No,12,No,10,No,6,No,7,No,7,No,6,No,6,No,5,No,3,No,8,No,9,Yes,Page 1,,-1,-6
Glossary,https://www.fortinet.com/resources/cyberglossary/casb,casb,SASE,CASB,1600,50,3,No,4,No,3,No,3,No,3,No,3,No,3,No,2,No,2,No,5,No,3,No,5,No,7,No,6,No,3,No,3,No,3,Yes,2,Yes,5,Yes,5,Yes,7,Yes,5,Yes,5,Yes,4,Yes,3,Yes,5,Yes,5,No,5,Yes,5,Yes,4,Yes,2,Yes,1,Yes,1,Yes,3,Yes,3,Yes,2,No,2,Yes,7,No,6,Yes,Page 1,,1,-3
Glossary,https://www.fortinet.com/resources/cyberglossary/public-cloud-security-risks,public cloud security risks,Cloud Security,Public Cloud Security Risks,40,25,2,No,2,No,2,No,2,No,2,No,2,No,2,No,2,No,2,No,2,No,2,No,3,No,3,No,2,No,1,No,1,No,1,No,1,No,1,No,8,No,7,No,5,No,5,No,7,No,6,No,6,No,7,No,7,No,7,No,6,Yes,3,Yes,3,Yes,4,No,4,No,4,No,4,No,4,No,6,No,6,No,Page 1,,0,-4
Glossary,https://www.fortinet.com/resources/cyberglossary/cloud-vpn,Cloud VPN,VPN,Cloud VPN,4400,56,8,Yes,9,Yes,8,No,7,No,8,No,10,No,12,No,9,Yes,8,Yes,6,Yes,9,No,8,No,8,No,8,No,7,No,4,No,5,Yes,4,Yes,5,Yes,6,Yes,7,No,6,No,6,No,6,No,7,No,8,No,7,No,6,No,4,Yes,4,Yes,2,Yes,2,Yes,2,Yes,2,Yes,3,Yes,2,No,2,No,7,No,6,Yes,Page 1,,1,2
Glossary,https://www.fortinet.com/resources/cyberglossary/what-is-cloud-security,cloud security,Cloud Security,Cloud Security,1300,54,9,No,18,No,13,No,15,No,14,No,14,No,16,No,14,No,14,No,9,No,9,No,8,No,7,No,8,No,13,No,9,No,12,No,14,No,12,No,14,No,15,No,21,No,21,No,16,No,11,No,23,No,15,Yes,10,No,23,No,18,Yes,2,Yes,2,Yes,3,Yes,4,No,5,No,3,No,4,No,24,No,20,No,Page 1,,4,-11
Glossary,https://www.fortinet.com/resources/cyberglossary/cloud-data-protection,cloud data protection,Data Security,Cloud Data Protection,1300,42,17,Yes,15,Yes,13,Yes,17,Yes,19,Yes,22,No,17,No,15,No,8,No,8,No,10,No,7,No,8,No,10,No,12,No,7,No,13,No,19,No,44,No,47,No,45,No,38,No,36,No,18,No,35,No,35,No,30,No,25,No,27,No,26,Yes,2,Yes,3,Yes,3,Yes,3,No,4,No,3,No,3,No,25,No,25,No,Page 1,,0,-8
Glossary,https://www.fortinet.com/resources/cyberglossary/cloud-encryption,,Cloud Security,Cloud Encryption,720,37,22,No,19,No,21,Yes,16,Yes,14,Yes,9,Yes,13,Yes,11,Yes,3,Yes,8,Yes,8,Yes,5,Yes,11,Yes,23,Yes,5,Yes,6,Yes,8,Yes,8,Yes,8,Yes,8,No,6,No,8,No,8,No,11,No,9,No,12,No,14,No,14,Yes,11,Yes,9,Yes,2,Yes,2,Yes,2,Yes,1,Yes,1,Yes,1,Yes,1,Yes,13,Yes,11,Yes,Page 1,,2,11
Glossary,https://www.fortinet.com/resources/cyberglossary/cloud-firewall,,Cloud Security,Cloud Firewall,1300,38,2,No,2,No,2,No,1,No,2,No,5,No,5,No,5,No,2,No,2,No,2,No,4,No,3,No,2,No,3,No,3,No,2,No,3,Yes,2,Yes,2,Yes,2,Yes,2,Yes,2,Yes,2,Yes,2,Yes,2,Yes,2,Yes,2,Yes,2,Yes,2,No,8,No,9,No,9,No,9,Yes,10,Yes,10,Yes,7,Yes,2,Yes,2,Yes,Page 1,,0,0
Glossary,https://www.fortinet.com/resources/cyberglossary/virtual-firewall-for-cloud,,NGFW/firewall,Virtual Firewall,1000,36,4,No,4,No,17,No,2,No,14,No,14,No,14,No,14,No,15,No,9,No,9,No,9,No,9,No,17,No,31,No,33,No,33,No,33,No,33,No,14,No,4,No,4,No,4,No,4,No,7,No,46,No,22,No,41,No,8,No,4,Yes,2,Yes,2,Yes,2,Yes,2,No,2,No,2,No,2,No,8,No,8,No,Page 1,,0,-4
Glossary,https://www.fortinet.com/resources/cyberglossary/cloud-security-tips,,Cloud Security,Cloud Security TIPS,2240000,34,-,No,-,No,-,No,-,No,-,No,-,No,-,No,-,No,-,No,-,No,-,No,-,No,-,No,-,No,-,No,-,No,-,No,-,No,-,No,-,No,-,No,-,No,-,No,-,No,-,No,-,No,-,No,-,No,-,No,-,No,3,No,2,No,3,No,3,No,2,No,5,No,2,No,9,No,2,Yes,Page 1,,7,#VALUE!
Glossary,https://www.fortinet.com/resources/cyberglossary/cloud-detection-and-response,,Cloud Security,Cloud Detection And Response,720,19,,,-,,,,,,6,Yes,5,Yes,3,Yes,5,Yes,4,Yes,5,Yes,7,Yes,6,No,3,No,7,No,6,No,5,No,5,No,5,No,6,No,10,No,7,No,10,No,10,No,6,No,4,No,4,No,6,No,5,No,5,No,2,Yes,2,Yes,2,Yes,2,Yes,3,No,2,Yes,3,Yes,2,Yes,11,Yes,7,Yes,Page 1,,4,-7
Glossary,https://www.fortinet.com/resources/cyberglossary/cwpp,,Cloud Security,Cloud Workload Protection Platform,2900,37,,,-,,,,,,10,No,13,No,12,No,11,No,10,No,10,No,9,No,9,No,9,No,9,No,11,No,14,No,10,No,10,No,10,No,14,No,11,No,11,No,12,No,11,No,11,No,16,Yes,7,Yes,16,Yes,5,Yes,4,No,8,No,8,No,8,No,6,No,6,No,4,No,5,No,8,No,10,No,Page 1,,-2,-10
Glossary,https://www.fortinet.com/resources/cyberglossary/dlp-for-cloud,,Data Security,DLP For Cloud,70,26,,,-,,,,,,3,No,4,No,4,No,4,No,4,No,3,No,3,No,1,No,1,No,1,No,1,No,1,No,1,No,4,No,5,No,4,No,3,No,5,No,2,No,2,No,2,No,2,No,2,No,2,No,4,No,4,Yes,6,No,6,No,7,No,7,No,8,No,8,No,7,No,6,No,4,No,Page 1,,2,-4
Glossary,https://www.fortinet.com/resources/cyberglossary/what-does-a-firewall-do,What does a Firewall do,NGFW/firewall,What Does A Firewall Do,1600,59,5,No,8,No,8,No,6,No,6,No,7,No,6,No,7,No,5,No,3,No,3,No,3,No,2,No,3,Yes,2,Yes,1,Yes,1,Yes,1,Yes,1,Yes,1,Yes,1,Yes,1,Yes,1,Yes,1,Yes,1,Yes,1,Yes,1,Yes,1,Yes,1,Yes,1,No,1,No,1,Yes,1,Yes,1,No,1,Yes,1,No,1,Yes,1,Yes,1,No,Page 1,,0,4
Glossary,https://www.fortinet.com/resources/cyberglossary/firewall-as-a-service-fwaas,firewall as a service,NGFW/firewall,Firewall As A Service,1000,30,1,No,1,No,1,No,1,No,1,No,1,Yes,1,Yes,1,Yes,1,Yes,1,Yes,1,Yes,1,Yes,1,Yes,1,Yes,1,Yes,1,Yes,1,Yes,1,Yes,1,Yes,1,Yes,1,Yes,1,Yes,1,No,1,No,1,No,1,No,1,No,1,No,1,No,1,Yes,1,Yes,1,Yes,1,Yes,1,Yes,1,Yes,1,Yes,1,Yes,1,Yes,1,Yes,Page 1,,0,0
Glossary,https://www.fortinet.com/resources/cyberglossary/waf-vs-firewall,Firewall vs WAF,NGFW/firewall,Waf Vs Firewall,320,20,1,Yes,1,Yes,1,Yes,1,Yes,1,Yes,1,Yes,1,Yes,1,Yes,1,No,1,No,1,No,1,No,1,No,1,No,1,No,1,No,1,No,1,No,1,No,1,No,1,No,1,No,1,No,1,No,1,Yes,1,Yes,1,Yes,1,Yes,1,Yes,1,No,1,Yes,1,Yes,1,Yes,1,Yes,1,Yes,1,Yes,1,Yes,1,Yes,1,Yes,Page 1,,0,0
Glossary,https://www.fortinet.com/resources/cyberglossary/how-does-a-firewall-work,How does a firewall work,NGFW/firewall,How Does A Firewall Work,590,44,1,Yes,1,Yes,1,Yes,1,Yes,1,Yes,1,Yes,1,Yes,1,Yes,1,Yes,1,Yes,1,Yes,1,Yes,1,Yes,1,Yes,1,Yes,1,Yes,1,Yes,1,Yes,1,Yes,1,Yes,1,Yes,1,Yes,1,Yes,1,Yes,1,Yes,1,Yes,1,Yes,1,Yes,1,Yes,1,Yes,1,Yes,1,Yes,1,Yes,1,Yes,1,Yes,1,Yes,1,Yes,1,Yes,1,Yes,Page 1,,0,0
Glossary,https://www.fortinet.com/resources/cyberglossary/perimeter-firewall,What is perimeter firewall,NGFW/firewall,Perimeter Firewall,170,13,1,No,1,No,1,No,1,No,1,Yes,1,Yes,1,Yes,2,Yes,3,Yes,2,Yes,1,Yes,1,Yes,1,No,1,No,1,No,1,No,1,No,1,No,1,No,1,No,1,Yes,1,Yes,1,Yes,1,Yes,1,Yes,1,Yes,1,Yes,1,Yes,1,Yes,1,No,1,No,1,No,1,No,1,Yes,1,Yes,1,No,1,No,1,No,1,No,Page 1,,0,0
Glossary,https://www.fortinet.com/resources/cyberglossary/transparent-firewall,transparent firewall,NGFW/firewall,Transparent Firewall,50,9,1,Yes,1,Yes,1,Yes,1,Yes,1,Yes,1,Yes,1,Yes,1,Yes,1,Yes,1,Yes,1,Yes,1,Yes,1,Yes,1,Yes,1,Yes,1,Yes,1,Yes,1,Yes,1,Yes,1,Yes,1,Yes,1,Yes,1,Yes,1,Yes,1,Yes,1,Yes,1,Yes,1,Yes,1,Yes,1,No,1,No,1,No,1,No,1,Yes,1,Yes,1,Yes,1,Yes,1,Yes,1,Yes,Page 1,,0,0
Glossary,https://www.fortinet.com/resources/cyberglossary/firewall-configuration,firewall configuration,NGFW/firewall,Firewall Configuration,5400,27,1,Yes,1,Yes,1,No,1,Yes,1,Yes,1,Yes,1,No,1,No,1,No,1,No,1,No,1,No,1,Yes,1,Yes,1,No,1,Yes,1,Yes,1,Yes,1,Yes,1,Yes,1,Yes,1,Yes,1,No,1,Yes,1,Yes,1,Yes,1,Yes,1,No,1,Yes,1,Yes,1,Yes,1,Yes,1,Yes,1,Yes,1,Yes,1,Yes,1,Yes,1,Yes,1,Yes,Page 1,,0,0
Glossary,https://www.fortinet.com/resources/cyberglossary/hybrid-mesh-firewall,hybrid mesh firewall,NGFW/firewall,Hybrid Mesh Firewall,170,24,3,Yes,4,Yes,2,Yes,2,Yes,2,Yes,2,Yes,2,Yes,1,Yes,1,Yes,1,Yes,1,Yes,1,Yes,1,Yes,2,Yes,1,Yes,1,Yes,2,Yes,5,Yes,1,Yes,2,Yes,6,Yes,4,Yes,3,Yes,11,Yes,2,Yes,2,Yes,5,Yes,4,Yes,8,Yes,8,No,5,Yes,5,Yes,7,No,5,Yes,7,Yes,5,Yes,5,Yes,5,Yes,3,Yes,Page 1,,2,0
Glossary,https://www.fortinet.com/resources/cyberglossary/proxy-firewall,proxy firewall,NGFW/firewall,Proxy Firewall,590,32,1,Yes,1,Yes,1,Yes,1,Yes,1,Yes,1,Yes,1,No,1,No,1,No,1,No,2,No,2,No,2,No,1,No,1,Yes,1,Yes,1,Yes,1,Yes,1,Yes,1,Yes,1,Yes,1,Yes,1,Yes,1,Yes,1,Yes,1,Yes,1,Yes,1,Yes,1,Yes,1,Yes,1,No,1,Yes,1,No,1,No,1,No,1,No,1,No,1,No,1,Yes,Page 1,,0,0
Glossary,https://www.fortinet.com/resources/cyberglossary/does-a-firewall-affect-internet-speed,does firewall slow down internet speed ,NGFW/firewall,Does Firewall Slow Down Internet Speed,20,11,1,No,1,No,1,No,1,No,1,No,1,No,1,No,1,No,1,No,1,No,1,No,1,No,1,No,1,No,1,No,1,No,1,No,1,No,1,No,1,No,1,No,1,No,1,No,1,No,1,No,1,No,1,No,1,No,1,No,1,No,1,No,1,No,1,Yes,1,No,1,No,1,No,1,No,1,No,1,No,Page 1,,0,0
Glossary,https://www.fortinet.com/resources/cyberglossary/hybrid-firewall-advantages-disadvantages,hybrid firewall advantages and disadvantages,NGFW/firewall,Hybrid Firewall,20,23,1,No,1,No,1,No,1,No,1,No,1,No,1,No,1,No,1,No,1,No,1,No,1,No,1,No,1,No,1,No,1,No,1,No,1,No,1,No,1,No,1,No,1,No,1,No,1,No,1,No,1,No,1,No,1,No,1,No,1,No,1,No,4,No,4,No,2,No,2,No,2,No,2,No,1,No,1,No,Page 1,,0,0
Glossary,https://www.fortinet.com/resources/cyberglossary/stateful-vs-stateless-firewall,Stateful vs stateless firewall,NGFW/firewall,Stateful Vs Stateless Firewall,1000,33,1,No,1,No,1,No,1,No,1,No,1,No,1,No,1,No,1,No,1,No,1,No,1,No,1,No,1,No,1,No,1,No,1,No,1,No,1,No,1,No,1,No,1,Yes,1,Yes,1,Yes,1,Yes,1,Yes,1,Yes,1,Yes,1,Yes,1,No,1,No,1,No,1,No,1,No,1,No,1,No,1,No,1,No,1,No,Page 1,,0,0
Glossary,https://www.fortinet.com/resources/cyberglossary/proxy-server-vs-packet-filtering-firewall,How Does A Proxy Server Differ From A Packet Filtering Firewall,NGFW/firewall,Proxy Server Vs Packet Filtering Firewall,10,25,1,No,1,No,1,No,1,No,1,No,1,No,1,No,1,No,1,No,1,No,1,No,1,No,1,No,1,No,1,No,1,No,1,No,1,No,1,No,1,No,1,No,1,No,1,No,1,No,1,No,1,No,1,No,1,No,1,No,1,No,1,Yes,1,Yes,1,Yes,1,No,1,No,1,No,1,No,1,No,1,No,Page 1,,0,0
Glossary,https://www.fortinet.com/resources/cyberglossary/firewall,network firewall ,NGFW/firewall,Firewall,27100,74,8,No,7,No,8,No,7,No,7,No,7,No,7,Yes,6,Yes,5,Yes,4,Yes,3,Yes,4,Yes,4,No,4,Yes,3,Yes,3,No,4,Yes,3,Yes,3,No,2,No,2,Yes,2,Yes,2,Yes,2,Yes,2,Yes,2,Yes,2,Yes,2,Yes,2,Yes,2,No,8,No,6,No,9,No,9,Yes,9,Yes,6,Yes,7,Yes,2,Yes,2,No,Page 1,,0,6
Glossary,https://www.fortinet.com/resources/cyberglossary/hardware-firewalls-better-than-software,Hardware vs Software Firewall,NGFW/firewall,Hardware Firewall,4400,28,1,No,1,No,1,No,1,No,2,Yes,2,No,2,Yes,1,Yes,1,Yes,2,No,2,No,4,No,2,Yes,2,Yes,2,Yes,3,No,3,No,3,Yes,1,Yes,3,No,1,Yes,2,Yes,3,No,6,No,4,Yes,3,Yes,1,Yes,2,No,2,No,2,No,2,Yes,2,No,3,No,2,No,4,Yes,3,Yes,4,Yes,4,No,3,Yes,Page 1,,1,-2
Glossary,https://www.fortinet.com/resources/cyberglossary/benefits-of-firewall,Benefits of Firewall,NGFW/firewall,Firewall Benefits,50,44,2,No,2,No,2,No,2,No,2,No,1,Yes,1,Yes,1,Yes,1,Yes,1,Yes,1,Yes,1,Yes,1,Yes,1,Yes,1,No,1,No,1,No,1,No,1,No,1,No,1,No,1,No,1,No,1,No,1,No,1,No,1,No,1,No,1,No,1,No,1,No,1,No,1,No,1,No,1,No,1,No,1,No,1,No,1,No,Page 1,,0,1
Glossary,https://www.fortinet.com/resources/cyberglossary/firewall,what is a firewall,NGFW/firewall,What Is A Firewall,135000,70,2,Yes,3,Yes,2,Yes,1,Yes,1,Yes,2,Yes,2,Yes,2,Yes,2,Yes,2,Yes,2,Yes,3,No,3,No,4,No,3,No,2,Yes,2,Yes,2,Yes,2,Yes,2,Yes,2,Yes,2,Yes,2,Yes,2,Yes,2,Yes,2,Yes,1,Yes,2,Yes,2,Yes,2,Yes,2,Yes,1,Yes,2,Yes,2,No,3,Yes,2,Yes,3,Yes,2,No,2,Yes,Page 1,,0,0
Glossary,https://www.fortinet.com/resources/cyberglossary/end-of-life-firewall,,NGFW/firewall,End Of Life Firewall,2900,54,-,No,-,No,-,No,-,No,-,No,-,No,-,No,-,No,-,No,-,No,-,No,-,No,-,No,-,No,-,No,-,No,-,No,-,No,-,No,-,No,-,No,1,No,1,No,1,No,1,No,-,No,-,No,-,No,1,No,1,Yes,1,Yes,1,No,1,No,1,No,1,No,1,No,1,No,1,No,1,No,Page 1,,0,#VALUE!
Glossary,https://www.fortinet.com/resources/cyberglossary/human-firewall,,NGFW/firewall,Human Firewall,1000,21,6,Yes,4,Yes,3,Yes,3,Yes,3,Yes,5,No,4,No,4,No,4,No,3,No,2,No,2,No,2,No,2,No,3,No,2,No,3,No,3,No,2,No,2,No,2,No,2,No,2,Yes,2,Yes,4,Yes,2,Yes,2,Yes,3,Yes,2,Yes,2,No,7,No,7,No,6,Yes,5,No,7,No,5,No,6,No,2,Yes,2,Yes,Page 1,,0,4
Glossary,https://www.fortinet.com/resources/cyberglossary/ruggedized-firewall,,OT Security,Rugged Firewall,20,11,14,No,16,No,17,No,11,No,14,No,16,No,16,No,16,No,16,No,11,No,10,No,10,No,10,No,10,No,10,No,11,No,8,No,6,No,6,No,6,No,8,No,8,No,6,No,7,No,6,No,6,No,6,No,9,No,1,No,1,Yes,1,Yes,1,Yes,1,Yes,1,No,1,No,1,No,1,No,8,No,-,No,Page 1,,#VALUE!,#VALUE!
Glossary,https://www.fortinet.com/resources/cyberglossary/business-web-application-firewall,,NGFW/firewall,Web Application Firewall For Enterprise,0,69,2,No,2,No,2,No,1,No,2,No,2,No,2,No,1,No,1,No,1,No,1,No,1,No,2,No,3,No,2,No,4,No,1,No,2,No,2,No,1,No,1,No,1,No,2,No,3,No,3,No,39,No,1,No,1,No,1,No,1,Yes,1,Yes,3,Yes,6,Yes,3,No,6,No,7,No,5,No,21,No,2,No,Page 1,,19,0
Glossary,https://www.fortinet.com/resources/cyberglossary/waf,,NGFW/firewall,WAF,1300,58,5,No,6,No,6,No,4,No,7,No,8,Yes,6,Yes,3,Yes,6,Yes,6,Yes,6,Yes,3,Yes,2,Yes,3,Yes,5,Yes,2,Yes,7,Yes,6,Yes,4,Yes,3,Yes,9,Yes,5,No,4,No,4,No,3,No,14,No,6,No,3,No,15,No,8,Yes,3,Yes,4,Yes,3,No,5,No,5,No,4,No,4,No,12,No,12,No,Page 1,,0,-7
Glossary,https://www.fortinet.com/resources/cyberglossary/comparing-virtual-firewalls,,NGFW/firewall,Best Virtual Firwall,590,39,-,No,-,No,-,No,-,No,9,No,9,No,9,No,5,No,9,No,9,No,74,No,1,No,4,No,3,No,12,No,6,No,4,No,4,No,8,No,10,No,16,No,9,No,15,No,12,No,8,No,-,No,4,No,8,No,-,No,-,No,46,No,4,No,3,No,4,No,5,No,5,No,5,No,15,No,15,No,Page 1,,0,#VALUE!
Glossary,https://www.fortinet.com/resources/cyberglossary/next-generation-firewall,,NGFW/firewall,NGFW,4400,52,-,No,-,No,-,No,-,No,-,No,-,No,-,No,-,No,-,No,-,No,-,No,-,No,-,No,71,No,11,No,1,No,3,No,5,No,5,No,3,Yes,12,No,7,No,9,No,24,No,29,No,26,No,22,No,30,No,32,No,13,Yes,21,Yes,18,Yes,20,Yes,19,No,2,No,18,No,24,No,28,No,40,No,Page 2,,-12,#VALUE!
Glossary,https://www.fortinet.com/resources/cyberglossary/network-security-vulnerability,network security vulnerability,Network Security,Network Security Vulnerability,110,27,1,No,1,No,1,No,1,No,1,No,1,No,1,Yes,1,Yes,1,Yes,1,Yes,1,Yes,1,Yes,1,Yes,1,Yes,1,Yes,1,Yes,1,Yes,1,Yes,1,Yes,1,Yes,1,Yes,1,Yes,1,Yes,1,Yes,1,Yes,1,Yes,1,Yes,1,Yes,1,Yes,1,No,1,No,1,No,1,No,1,Yes,1,Yes,1,Yes,1,Yes,1,Yes,1,Yes,Page 1,,0,0
Glossary,https://www.fortinet.com/resources/cyberglossary/network-security-threats,,Network Security,Network Security Threats,720,50,8,No,5,No,1,Yes,1,Yes,1,Yes,1,Yes,1,Yes,1,Yes,1,Yes,1,Yes,1,Yes,1,No,1,No,1,No,1,No,1,No,1,No,1,No,1,No,1,Yes,1,Yes,1,Yes,1,Yes,1,Yes,1,Yes,1,Yes,1,Yes,1,Yes,1,Yes,1,No,1,No,1,Yes,1,Yes,1,Yes,1,Yes,1,Yes,1,Yes,1,Yes,1,Yes,Page 1,,0,7
Glossary,https://www.fortinet.com/resources/cyberglossary/cloud-network-security,,Network Security,Cloud Network Security,2900,32,23,No,13,No,15,No,20,No,24,No,27,No,30,No,31,No,30,No,11,No,13,No,19,No,21,No,11,No,12,No,7,No,12,No,11,No,13,No,15,No,13,No,12,No,12,No,14,No,14,No,14,No,9,Yes,4,Yes,3,Yes,2,No,2,Yes,3,Yes,5,Yes,3,Yes,4,Yes,4,Yes,2,Yes,2,Yes,1,Yes,Page 1,,1,22
Glossary,https://www.fortinet.com/resources/cyberglossary/network-security-management,,Network Security,Network Security Management,1300,31,9,No,8,No,8,No,8,No,9,No,10,No,10,No,9,No,6,No,8,No,7,No,7,No,9,No,6,Yes,4,Yes,4,Yes,2,Yes,4,Yes,8,Yes,9,Yes,10,Yes,8,No,8,No,6,No,6,No,6,No,6,No,7,No,6,No,5,Yes,3,No,2,No,3,No,3,No,2,No,3,No,2,No,7,No,7,No,Page 1,,0,2
Glossary,https://www.fortinet.com/resources/cyberglossary/network-security-vs-cybersecurity,,Network Security,Network Security Vs Cybersecurity,90,12,,,-,,,,,,1,Yes,1,Yes,1,Yes,1,Yes,1,Yes,1,Yes,1,Yes,1,Yes,1,Yes,1,Yes,1,Yes,1,Yes,1,Yes,1,Yes,1,Yes,1,Yes,1,Yes,1,Yes,1,Yes,1,Yes,1,Yes,1,Yes,1,Yes,1,Yes,1,Yes,1,Yes,1,Yes,1,Yes,1,Yes,1,Yes,1,Yes,1,Yes,1,Yes,1,Yes,1,Yes,Page 1,,0,-1
Glossary,https://www.fortinet.com/resources/cyberglossary/it-vs-ot-cybersecurity,it vs ot cybersecurity,OT Security,IT Vs OT Security,70,42,1,No,1,No,1,Yes,1,Yes,1,Yes,1,Yes,1,Yes,1,Yes,1,Yes,1,Yes,1,Yes,1,No,1,No,1,No,1,No,1,No,1,No,1,No,1,No,1,Yes,1,Yes,1,Yes,1,Yes,1,Yes,1,Yes,1,Yes,1,Yes,1,Yes,1,Yes,1,Yes,1,Yes,1,Yes,1,No,2,No,5,No,3,No,3,No,2,No,2,No,Page 1,,0,-1
Glossary,https://www.fortinet.com/resources/cyberglossary/manufacturing-ot,,OT Security,Manufacturing OT,40,10,9,No,9,No,9,No,9,No,9,Yes,9,Yes,9,Yes,9,Yes,4,Yes,7,Yes,8,Yes,9,Yes,16,Yes,10,Yes,1,Yes,9,Yes,8,Yes,8,Yes,8,Yes,8,Yes,8,Yes,8,Yes,3,Yes,10,Yes,15,Yes,21,Yes,4,Yes,7,No,-,No,8,Yes,2,No,2,No,2,No,2,No,3,No,2,No,2,No,5,No,4,No,Page 1,,1,5
Glossary,https://www.fortinet.com/resources/cyberglossary/quantum-key-distribution,,Quantum Security,Quantum Key Distribution,1000,45,6,No,7,No,7,No,7,No,10,No,9,No,8,No,7,No,9,No,7,No,5,No,8,No,2,No,4,No,4,No,3,No,4,No,5,Yes,4,Yes,4,Yes,4,Yes,5,Yes,7,Yes,6,Yes,3,Yes,6,Yes,6,Yes,6,Yes,6,Yes,2,Yes,2,Yes,2,Yes,2,Yes,1,Yes,3,Yes,3,Yes,4,Yes,2,Yes,2,Yes,Page 1,,0,4
Glossary,https://www.fortinet.com/resources/cyberglossary/post-quantum-cryptography,,Quantum Security,Post Quantum Cryptography,3600,76,14,No,17,No,2,No,1,No,1,Yes,2,Yes,2,No,2,No,2,Yes,4,No,9,No,4,Yes,9,No,5,No,2,No,20,No,3,No,3,No,2,No,2,No,2,No,2,No,3,No,10,No,2,No,19,No,18,No,2,No,17,No,10,Yes,18,Yes,22,Yes,21,No,11,Yes,12,No,9,No,7,No,9,No,10,No,Page 3,,-1,4
Glossary,https://www.fortinet.com/resources/cyberglossary/quantum-computing-security,,Quantum Security,Quantum Computing Security,110,34,5,No,8,No,4,No,4,No,4,No,4,No,3,No,4,No,4,No,6,No,5,No,6,No,6,No,6,Yes,6,Yes,9,Yes,2,Yes,3,Yes,2,Yes,3,Yes,7,Yes,7,No,7,No,7,No,5,No,5,No,4,No,4,No,5,No,5,Yes,3,No,2,Yes,2,Yes,3,No,4,No,4,No,2,No,1,Yes,1,Yes,Page 1,,0,4
Glossary,https://www.fortinet.com/resources/cyberglossary/quantum-safe-security,,Quantum Security,Quantum Safe Security,70,48,3,No,3,Yes,3,Yes,1,Yes,1,Yes,1,Yes,1,Yes,3,Yes,2,Yes,2,Yes,2,Yes,2,No,3,No,2,No,2,No,2,No,2,No,1,No,1,No,1,Yes,1,Yes,1,Yes,1,Yes,1,Yes,1,Yes,1,Yes,1,No,1,No,1,No,1,No,1,No,1,Yes,1,No,1,No,1,No,1,No,1,No,1,No,1,No,Page 1,,0,2
Glossary,https://www.fortinet.com/resources/cyberglossary/quantum-safe-encryption,,Quantum Security,Quantum Safe Encryption,390,49,1,No,1,No,1,No,1,No,2,No,3,No,4,No,4,No,6,No,7,Yes,31,Yes,33,Yes,3,Yes,36,Yes,22,Yes,43,Yes,41,Yes,21,Yes,32,No,32,No,28,No,9,No,9,No,9,No,9,No,8,No,8,No,8,No,8,No,5,Yes,28,Yes,2,Yes,2,Yes,25,No,2,No,43,No,23,No,55,No,23,No,Page 1,,32,-22
Glossary,https://www.fortinet.com/resources/cyberglossary/sd-wan-vs-sase,sase vs sd-wan,SASE,SD WAN Vs SASE,70,13,2,Yes,2,Yes,2,Yes,2,Yes,2,Yes,2,Yes,1,Yes,1,Yes,1,Yes,1,Yes,1,Yes,1,Yes,1,Yes,1,Yes,1,Yes,1,Yes,1,Yes,1,Yes,1,Yes,1,Yes,1,Yes,1,Yes,1,Yes,1,Yes,1,Yes,2,Yes,2,Yes,1,Yes,1,Yes,1,Yes,1,Yes,2,Yes,2,Yes,2,Yes,2,Yes,2,Yes,2,Yes,3,Yes,3,Yes,Page 1,,0,-1
Glossary,https://www.fortinet.com/resources/cyberglossary/sase-vs-casb,sase vs casb,SASE,SASE Vs CASB,260,25,3,No,6,No,9,Yes,9,Yes,10,Yes,5,Yes,4,Yes,5,Yes,2,Yes,2,Yes,4,Yes,6,No,2,No,4,No,2,No,6,No,2,No,2,No,2,No,2,Yes,1,Yes,1,Yes,2,Yes,2,Yes,1,Yes,2,Yes,4,Yes,2,Yes,3,Yes,3,Yes,2,Yes,1,Yes,1,Yes,1,Yes,2,Yes,2,Yes,2,Yes,1,Yes,1,Yes,Page 1,,0,2
Glossary,https://www.fortinet.com/resources/cyberglossary/sase,SASE,SASE,SASE,14800,69,1,Yes,1,No,1,Yes,1,No,1,Yes,1,No,1,Yes,2,Yes,2,Yes,3,No,4,No,3,Yes,4,No,6,Yes,4,No,4,Yes,2,Yes,2,No,2,Yes,2,No,1,Yes,1,No,1,Yes,1,Yes,1,Yes,1,No,1,Yes,1,Yes,1,Yes,1,No,1,Yes,1,No,1,No,1,Yes,1,Yes,1,Yes,1,Yes,1,Yes,1,Yes,Page 1,,0,0
Glossary,https://www.fortinet.com/resources/cyberglossary/sase-architecture,sase architecture,SASE,SASE Architecture,1000,59,5,No,3,No,4,No,3,No,3,No,5,No,5,No,4,No,5,No,7,No,4,No,4,No,4,No,2,Yes,3,Yes,4,Yes,4,Yes,3,Yes,3,Yes,1,Yes,1,Yes,1,Yes,1,Yes,1,Yes,1,Yes,1,Yes,2,Yes,3,Yes,3,Yes,3,No,4,No,6,No,8,No,6,No,5,No,6,No,5,No,4,No,4,No,Page 1,,0,1
Glossary,https://www.fortinet.com/resources/cyberglossary/sase-vs-ztna,,SASE,SASE Vs ZTNA,110,17,2,No,1,No,2,No,2,No,2,No,2,No,2,No,2,No,2,No,2,No,2,No,2,No,1,Yes,2,Yes,2,Yes,3,Yes,2,Yes,1,Yes,1,Yes,1,Yes,2,Yes,1,Yes,2,Yes,3,Yes,2,Yes,2,Yes,3,Yes,2,Yes,3,Yes,3,Yes,3,Yes,3,Yes,3,Yes,4,Yes,3,Yes,4,Yes,4,No,4,No,3,No,Page 1,,1,-1
Glossary,https://www.fortinet.com/resources/cyberglossary/sovereign-sase,,SASE,Sovereign SASE,40,8,,,-,,,,,,1,No,1,No,1,No,1,No,1,No,1,No,1,No,1,No,1,No,1,No,1,No,1,No,1,No,1,No,1,No,1,No,1,No,1,No,1,No,1,No,1,No,1,No,1,No,1,No,9,No,4,No,2,No,2,Yes,3,Yes,2,Yes,2,Yes,1,Yes,1,Yes,15,Yes,11,Yes,Page 1,,4,-11
Glossary,https://www.fortinet.com/resources/cyberglossary/sdn-vs-sd-wan,SDN vs SD WAN,SD-WAN,SDN Vs SD WAN,210,24,1,No,1,No,1,No,1,No,1,No,1,Yes,1,Yes,1,Yes,1,Yes,1,Yes,1,Yes,1,Yes,1,Yes,1,Yes,1,Yes,1,Yes,1,Yes,1,Yes,1,Yes,1,Yes,1,Yes,1,Yes,1,Yes,1,Yes,1,Yes,1,Yes,1,Yes,1,Yes,1,Yes,1,Yes,1,No,1,No,1,No,1,Yes,1,Yes,1,Yes,1,Yes,1,Yes,1,Yes,Page 1,,0,0
Glossary,https://www.fortinet.com/resources/cyberglossary/sd-wan-vs-vpn,sd-wan vs vpn,SD-WAN,SD WAN Vs VPN,110,12,2,Yes,3,Yes,3,Yes,3,Yes,3,Yes,3,Yes,2,Yes,2,Yes,2,Yes,1,Yes,1,Yes,1,Yes,1,Yes,2,Yes,5,Yes,4,Yes,2,Yes,1,Yes,2,Yes,2,Yes,2,Yes,2,Yes,1,Yes,1,No,1,No,5,No,3,No,2,No,5,No,5,Yes,4,Yes,5,Yes,4,Yes,5,Yes,5,Yes,4,Yes,4,Yes,5,Yes,2,Yes,Page 1,,3,0
Glossary,https://www.fortinet.com/resources/cyberglossary/sd-wan-explained,SD-WAN explained,SASE,SD WAN Explained,50,40,11,No,11,No,7,No,6,No,6,No,6,No,6,No,6,No,8,No,2,No,4,No,3,No,1,No,1,No,4,No,4,No,2,No,3,No,2,No,3,No,2,No,4,No,2,No,2,No,5,No,6,No,5,No,4,No,4,No,3,No,3,No,3,No,2,No,3,No,5,No,2,No,6,No,3,No,2,No,Page 1,,1,9
Glossary,https://www.fortinet.com/resources/cyberglossary/benefits-of-sd-wan,SD-WAN Benefits,SD-WAN,SD WAN Benefits,390,24,1,Yes,1,Yes,1,Yes,1,Yes,1,Yes,1,Yes,1,Yes,1,Yes,1,Yes,1,Yes,1,Yes,1,Yes,1,Yes,1,Yes,1,Yes,1,Yes,1,Yes,1,Yes,1,Yes,1,Yes,1,Yes,1,Yes,1,Yes,1,Yes,1,Yes,9,Yes,1,Yes,1,Yes,1,Yes,1,No,1,No,1,No,1,No,1,Yes,1,Yes,1,Yes,1,Yes,5,Yes,1,Yes,Page 1,,4,0
Glossary,https://www.fortinet.com/resources/cyberglossary/sd-wan-as-a-service,,SASE,SD WAN As A Service,590,7,1,Yes,1,Yes,1,Yes,1,Yes,1,Yes,1,Yes,1,No,1,No,1,No,1,No,1,No,1,No,2,No,34,No,1,Yes,1,Yes,1,Yes,1,Yes,1,Yes,1,Yes,1,Yes,1,Yes,1,Yes,1,Yes,1,Yes,1,Yes,1,Yes,1,Yes,1,Yes,1,No,1,No,1,No,1,No,1,No,1,No,1,No,1,No,1,No,1,Yes,Page 1,,0,0
Glossary,https://www.fortinet.com/resources/cyberglossary/sd-wan-security,,SASE,SD WAN Security,260,30,15,No,6,No,13,No,14,No,12,No,5,No,18,No,17,No,18,No,19,No,5,No,4,No,4,No,9,No,6,No,5,No,4,No,10,No,4,No,4,No,4,No,4,No,3,No,4,No,14,No,15,No,13,No,11,No,17,No,14,No,5,No,10,No,2,No,6,No,7,No,2,No,6,No,9,No,7,No,Page 1,,2,8
Glossary,https://www.fortinet.com/resources/cyberglossary/sd-wan-vs-mpls,,Network Security,SD WAN Vs Mpls,880,19,,,-,,,,,,9,No,3,No,4,No,4,No,1,No,1,No,1,No,1,No,2,No,2,No,1,Yes,1,Yes,2,Yes,2,Yes,3,Yes,2,Yes,4,Yes,6,Yes,6,Yes,11,Yes,9,Yes,12,Yes,8,Yes,2,Yes,3,Yes,3,Yes,3,Yes,3,Yes,4,Yes,3,Yes,4,Yes,2,Yes,3,Yes,3,Yes,3,Yes,Page 1,,0,-3
Glossary,https://www.fortinet.com/resources/cyberglossary/what-is-secops,Security Operations,Security Operations (SecOps),Security Operations,1300,49,10,No,11,No,13,No,7,No,12,No,17,Yes,9,Yes,12,Yes,10,Yes,5,Yes,5,Yes,10,Yes,11,Yes,5,Yes,9,Yes,12,Yes,10,Yes,10,Yes,18,Yes,13,Yes,17,Yes,23,Yes,29,No,26,No,12,No,14,No,17,No,15,No,18,No,10,Yes,2,No,2,No,2,No,3,No,3,No,2,No,2,No,5,Yes,33,Yes,Page 1,,-28,-23
Glossary,https://www.fortinet.com/resources/cyberglossary/what-is-secops,SecOps,Security Operations (SecOps),Secops,1900,47,15,No,13,No,13,No,9,No,10,No,12,No,10,Yes,5,Yes,5,Yes,5,No,4,Yes,5,No,5,Yes,6,Yes,7,Yes,6,Yes,6,No,7,No,6,No,5,No,8,No,9,No,8,No,7,No,10,No,10,Yes,8,No,11,No,10,Yes,9,Yes,7,Yes,9,No,7,Yes,6,No,9,Yes,8,Yes,10,Yes,4,Yes,7,Yes,Page 1,,-3,8
Glossary,https://www.fortinet.com/resources/cyberglossary/secops-metrics,,Security Operations (SecOps),Secops Metrics,30,16,1,No,1,No,1,No,1,No,1,No,1,No,1,No,1,No,1,No,1,Yes,1,Yes,1,Yes,1,Yes,1,Yes,1,Yes,1,Yes,1,Yes,1,Yes,1,Yes,1,Yes,1,Yes,1,Yes,1,Yes,1,Yes,1,No,1,No,1,No,1,No,1,No,1,Yes,1,Yes,1,Yes,1,Yes,1,No,1,No,1,No,1,No,1,No,1,No,Page 1,,0,0
Glossary,https://www.fortinet.com/resources/cyberglossary/how-to-implement-zero-trust,how to implement zero trust,ZTNA,How To Implement Zero Trust,880,50,4,Yes,5,Yes,2,Yes,3,Yes,4,Yes,2,Yes,4,No,3,No,2,No,3,No,3,No,4,No,2,No,3,No,2,Yes,2,Yes,2,Yes,1,Yes,2,Yes,1,Yes,2,Yes,1,Yes,2,No,2,No,2,No,2,No,2,No,3,No,1,No,1,Yes,2,Yes,1,No,2,Yes,2,Yes,3,Yes,2,Yes,4,Yes,2,Yes,1,Yes,Page 1,,1,3
Glossary,https://www.fortinet.com/resources/cyberglossary/universal-ztna,universal ztna,ZTNA,Universal ZTNA,110,15,3,No,2,No,2,No,1,No,1,Yes,1,Yes,1,Yes,1,Yes,1,Yes,1,Yes,1,Yes,1,Yes,1,Yes,1,Yes,1,Yes,1,Yes,1,Yes,1,Yes,1,Yes,1,Yes,1,Yes,1,Yes,1,Yes,1,Yes,1,Yes,1,Yes,1,Yes,1,Yes,1,Yes,1,No,1,No,1,No,1,Yes,1,Yes,1,Yes,1,No,1,No,41,No,19,No,Page 1,,22,-16
Glossary,https://www.fortinet.com/resources/cyberglossary/zero-trust-edge,zero trust edge,ZTNA,Zero Trust EDGE,260,14,1,Yes,1,Yes,1,Yes,1,Yes,1,Yes,1,Yes,1,No,1,No,1,No,1,No,1,No,2,No,4,No,10,No,5,No,3,No,12,No,3,No,2,No,2,No,11,No,12,No,11,Yes,10,Yes,19,Yes,16,Yes,10,Yes,17,Yes,15,Yes,14,No,2,No,2,Yes,2,No,2,No,2,No,2,No,2,No,15,No,10,Yes,Page 1,,5,-9
Glossary,https://www.fortinet.com/resources/cyberglossary/what-is-the-zero-trust-network-security-model,Zero-Trust,ZTNA,Zerotrust Security Model,5400,36,4,No,5,No,7,No,3,No,6,No,6,No,5,No,4,No,4,No,3,No,3,No,2,Yes,2,Yes,4,No,2,Yes,2,No,3,No,3,No,2,No,2,No,3,No,5,No,6,Yes,6,No,2,No,1,No,1,No,1,No,1,No,1,Yes,1,No,1,No,1,No,1,No,1,No,1,No,1,No,1,No,2,No,Page 1,,-1,2
Glossary,https://www.fortinet.com/resources/cyberglossary/ztna-vs-vpn,ZTNA vs VPN,ZTNA,ZTNA Vs VPN,1000,29,13,No,9,No,3,No,12,No,8,No,5,No,5,No,2,No,2,No,2,No,4,No,3,No,5,No,2,No,4,No,5,Yes,2,Yes,1,Yes,1,Yes,1,Yes,1,Yes,1,Yes,1,Yes,1,No,1,No,1,No,1,No,1,No,1,No,1,Yes,1,Yes,1,Yes,1,Yes,1,No,1,No,1,No,1,No,1,No,1,Yes,Page 1,,0,12
Glossary,https://www.fortinet.com/resources/cyberglossary/what-is-ztna,zero trust network access,ZTNA,Zero-Trust Network Access,8100,74,1,No,1,No,1,No,1,No,1,No,1,No,1,No,1,No,2,Yes,2,No,4,Yes,2,Yes,1,Yes,2,No,2,No,2,No,2,No,3,No,2,No,2,No,2,Yes,2,No,4,No,5,No,2,No,4,Yes,4,Yes,3,Yes,2,Yes,2,Yes,1,Yes,1,Yes,2,Yes,2,No,3,Yes,2,Yes,2,Yes,1,Yes,1,Yes,Page 1,,0,0
Glossary,https://www.fortinet.com/resources/cyberglossary/virtual-firewall-zero-trust,,ZTNA,Virtual Firewall For Zero Trust,0,30,1,No,1,No,1,No,1,No,1,No,1,No,1,No,1,No,1,No,1,No,1,No,1,No,1,No,1,No,1,No,1,No,1,No,1,No,1,No,1,No,1,No,1,No,1,No,1,No,1,No,1,No,1,No,1,No,1,No,1,Yes,1,Yes,1,Yes,1,Yes,1,No,1,No,1,No,1,No,1,No,1,No,Page 1,,0,0
Glossary,https://www.fortinet.com/resources/cyberglossary/what-is-zero-trust,,ZTNA,Zero Trust,9900,83,-,No,-,No,-,No,-,No,-,No,-,No,-,No,-,No,-,No,-,No,-,No,-,No,54,No,67,No,66,No,56,No,60,No,63,No,57,No,-,No,24,No,24,No,24,No,24,No,24,No,-,No,-,No,-,No,57,No,57,Yes,3,No,4,No,3,Yes,2,No,5,No,4,No,3,No,76,No,72,No,Page 1,,4,#VALUE!
Glossary,https://www.fortinet.com/resources/cyberglossary/what-is-cognitive-science,cognitive science,Cyber Security,Cognitive Science,12100,66,7,No,7,No,10,No,9,No,9,No,10,No,8,No,9,No,9,No,9,No,9,No,8,No,8,No,6,No,6,No,6,No,5,No,9,No,9,No,9,No,7,No,3,No,7,No,10,No,10,No,10,No,11,No,10,No,10,No,10,No,3,No,2,Yes,2,No,3,No,3,No,3,No,4,No,10,No,8,No,Page 1,,2,-1
Glossary,https://www.fortinet.com/resources/cyberglossary/what-is-fedramp,fedramp,Cyber Compliance,Fedramp,18100,67,10,No,11,No,10,No,8,No,10,No,9,No,10,No,8,No,7,No,5,No,7,No,4,No,4,No,6,No,5,No,5,No,6,No,5,No,6,No,8,No,8,No,8,Yes,5,Yes,9,No,10,No,9,No,10,No,12,No,8,No,8,No,11,No,11,No,11,No,11,No,11,No,10,No,9,No,7,No,7,No,Page 2,,0,3
Glossary,https://www.fortinet.com/resources/cyberglossary/hyperscale,hyperscale data center,Cyber Security,Hyperscale Data Center,1900,34,9,No,11,No,11,No,11,No,14,No,10,No,7,Yes,11,No,10,No,8,No,4,Yes,9,No,11,No,10,No,10,No,9,No,9,No,10,No,10,No,11,No,11,No,11,No,15,No,19,No,21,No,22,No,26,No,24,No,24,No,23,No,32,No,2,No,2,No,21,No,1,Yes,1,No,13,Yes,13,Yes,9,No,Page 1,,4,0
Glossary,https://www.fortinet.com/resources/cyberglossary/what-is-adware,adware blocker,Cyber Threats,What Is Adware,3600,46,3,No,6,No,5,No,7,No,7,No,4,No,5,Yes,5,No,4,No,5,No,4,No,6,No,3,No,5,No,4,No,4,No,4,No,3,Yes,4,Yes,4,No,2,Yes,3,Yes,3,No,4,No,3,No,3,Yes,2,Yes,4,No,3,No,3,Yes,2,Yes,2,Yes,2,Yes,2,Yes,2,Yes,2,Yes,2,No,3,Yes,3,No,Page 1,,0,0
Glossary,https://www.fortinet.com/resources/cyberglossary/common-vulnerability-scoring-system,Common Vulnerability Scoring System (CVSS),Cyber Security,Common Vulnerability Scoring System,18100,77,10,No,11,No,10,No,10,No,11,No,11,No,11,No,10,No,10,No,11,No,13,No,13,No,9,No,10,No,8,No,10,No,15,No,14,No,13,No,17,No,12,No,16,No,20,No,19,No,19,No,19,No,17,No,21,No,19,No,18,No,4,No,4,No,3,No,3,No,4,No,5,No,4,No,27,No,24,No,Page 1,,3,-14
Glossary,https://www.fortinet.com/resources/cyberglossary/what-is-bitcoin-mining,bitcoin mining,Cyber Security,Bitcoin Mining,12100,94,6,No,6,No,7,No,4,No,3,No,4,No,5,No,4,No,4,No,4,No,5,No,4,No,5,No,6,No,5,No,5,No,6,No,6,No,6,No,6,No,6,No,7,No,6,No,6,No,6,No,6,No,6,Yes,6,Yes,6,No,6,Yes,2,Yes,2,Yes,2,Yes,2,Yes,2,Yes,2,No,6,Yes,6,Yes,4,No,Page 1,,2,2
Glossary,https://www.fortinet.com/resources/cyberglossary/business-email-compromise,business email compromise,Email Security,Business Email Compromise,2900,58,17,No,19,No,15,No,10,No,6,No,11,No,13,No,10,No,13,No,17,No,13,No,18,No,16,No,19,No,13,No,10,No,24,No,25,No,27,No,25,No,23,No,15,No,23,No,23,No,25,No,25,No,23,Yes,24,No,24,No,23,Yes,25,No,28,Yes,2,Yes,5,No,9,No,7,No,7,No,25,No,22,No,Page 1,,3,-5
Glossary,https://www.fortinet.com/resources/cyberglossary/dmarc,Dmarc,Email Security,What Is Dmarc,12100,78,9,No,9,Yes,11,No,3,No,13,No,6,No,11,No,7,No,9,No,6,No,4,No,8,No,5,No,7,Yes,7,No,6,No,9,No,7,No,6,Yes,8,No,10,No,5,Yes,7,No,10,No,9,No,1,Yes,2,Yes,16,Yes,2,Yes,2,Yes,2,No,2,No,2,No,3,Yes,3,Yes,2,No,2,No,3,No,3,No,Page 1,,0,6
Glossary,https://www.fortinet.com/resources/cyberglossary/iso-iec-27001,iso iec 27001,Cyber Compliance,ISO/IEC 27001,2900,62,9,No,9,No,9,No,5,No,5,No,16,Yes,2,No,2,No,2,No,2,No,4,No,2,No,4,No,2,No,6,No,6,No,4,No,4,No,9,No,11,No,8,No,13,No,12,No,15,No,15,No,9,No,11,No,16,No,13,No,12,No,6,No,6,No,5,No,5,No,6,No,6,No,2,No,13,No,13,No,Page 1,,0,-4
Glossary,https://www.fortinet.com/resources/cyberglossary/what-is-mssp,mssp,Cyber Security,Managed Security Service Provider,12100,61,7,No,5,No,6,No,7,No,7,No,5,No,7,No,6,No,5,Yes,4,Yes,3,No,2,No,2,No,2,Yes,3,Yes,2,Yes,3,No,5,No,4,Yes,3,Yes,4,Yes,4,Yes,4,Yes,4,No,4,Yes,3,Yes,2,Yes,5,Yes,3,No,2,Yes,1,No,1,Yes,1,No,2,Yes,2,Yes,2,Yes,2,Yes,2,Yes,2,Yes,Page 1,,0,5
Glossary,https://www.fortinet.com/resources/cyberglossary/what-is-sandboxing,what is sandboxing,Security Operations (SecOps),Sandboxing,1900,56,1,No,1,No,1,No,1,Yes,1,No,1,No,1,No,1,Yes,1,Yes,1,Yes,1,No,1,No,1,Yes,1,No,1,Yes,1,No,1,Yes,1,Yes,1,Yes,1,Yes,1,Yes,2,Yes,4,Yes,5,Yes,6,Yes,5,Yes,5,Yes,7,Yes,6,Yes,6,Yes,2,Yes,6,No,6,No,6,Yes,5,Yes,4,Yes,5,Yes,4,Yes,4,Yes,Page 1,,0,-3
Glossary,https://www.fortinet.com/resources/cyberglossary/what-is-web-security,What is Web Security,Cloud Security,Web Security,2400,43,2,No,2,No,3,No,3,Yes,3,Yes,3,Yes,3,No,3,No,3,No,4,Yes,5,No,3,No,2,No,2,No,3,No,3,Yes,3,Yes,3,Yes,3,No,2,Yes,3,No,7,No,7,No,7,No,10,No,9,No,9,No,8,No,8,No,7,Yes,21,No,21,No,29,No,20,Yes,24,No,2,No,19,No,7,No,4,No,Page 3,,3,-2
Glossary,https://www.fortinet.com/resources/cyberglossary/cybersecurity-management,cybersecurity management,Cyber Security,Cybersecurity Management,720,28,13,No,10,No,7,No,11,No,10,No,5,No,10,No,8,No,11,No,5,No,4,No,3,No,4,No,6,No,4,No,1,No,3,Yes,2,Yes,2,Yes,2,Yes,4,Yes,12,Yes,9,Yes,7,Yes,9,Yes,7,Yes,4,Yes,3,Yes,3,Yes,3,Yes,3,Yes,2,Yes,2,Yes,2,No,3,No,2,No,2,No,2,No,1,No,Page 1,,1,12
Glossary,https://www.fortinet.com/resources/cyberglossary/what-is-endpoint-security,endpoint security,Endpoint Security,Endpoint Security,1600,49,8,No,10,No,12,No,11,Yes,12,Yes,10,Yes,9,Yes,6,Yes,5,Yes,5,No,4,No,5,No,5,No,5,No,3,No,3,No,3,No,3,No,3,No,3,No,4,No,2,No,3,No,2,Yes,3,No,2,Yes,4,No,3,Yes,4,Yes,4,No,2,No,3,No,3,No,4,No,3,No,5,Yes,3,No,3,No,3,Yes,Page 1,,0,5
Glossary,https://www.fortinet.com/resources/cyberglossary/encryption,encryption,Data Security,What Is Encryption,3600,75,11,No,9,No,10,No,10,No,11,No,12,No,12,No,7,No,10,No,9,No,6,Yes,4,No,5,No,8,No,5,No,6,No,7,No,5,No,4,Yes,4,No,4,Yes,4,Yes,7,Yes,5,Yes,8,No,9,Yes,8,Yes,5,No,8,No,5,Yes,6,Yes,9,Yes,5,No,7,No,9,Yes,6,Yes,13,Yes,4,Yes,2,Yes,Page 1,,2,9
Glossary,https://www.fortinet.com/resources/cyberglossary/ldap-authentication,ldap authentication,Network Security,LDAP Authentication,880,24,15,No,6,No,6,No,9,No,11,No,7,No,7,No,4,No,5,No,5,No,3,No,2,No,4,No,3,No,3,No,3,No,3,No,3,No,1,No,1,No,1,Yes,1,Yes,1,Yes,1,Yes,1,Yes,1,Yes,1,Yes,1,No,1,No,1,No,1,No,1,No,1,Yes,1,No,1,No,1,No,1,No,6,No,3,No,Page 1,,3,12
Glossary,https://www.fortinet.com/resources/cyberglossary/privileged-identity-management,Privileged Identity Management,SASE,Privileged Identity Management,6600,33,5,No,10,No,16,No,11,No,11,No,10,Yes,11,No,10,No,5,Yes,7,No,10,No,13,No,14,No,16,No,15,Yes,11,No,11,No,11,No,9,No,11,No,11,No,13,No,12,No,11,No,15,No,13,No,11,No,8,Yes,8,No,8,Yes,2,Yes,3,Yes,4,Yes,4,No,3,Yes,2,No,2,No,12,No,9,No,Page 1,,3,-4
Glossary,https://www.fortinet.com/resources/cyberglossary/what-is-dmz,dmz,Network Security,DMZ,22200,80,7,Yes,5,No,5,Yes,4,Yes,5,No,4,No,5,No,5,No,3,No,5,No,5,No,4,No,5,No,4,No,4,No,6,No,7,No,7,No,7,No,5,Yes,6,Yes,6,No,8,No,7,No,10,Yes,7,No,8,Yes,6,Yes,6,No,5,No,3,No,3,No,4,No,3,No,4,No,4,No,3,Yes,6,No,7,Yes,Page 1,,-1,0
Glossary,https://www.fortinet.com/resources/cyberglossary/does-vpn-decrease-internet-speed,does VPN affect internet speed,VPN,Does VPN Affect Internet Speed,90,43,3,No,3,No,3,No,7,No,4,No,3,Yes,1,No,1,No,1,No,2,No,3,Yes,3,Yes,4,Yes,3,Yes,3,Yes,3,Yes,3,Yes,3,Yes,3,Yes,3,Yes,3,Yes,2,Yes,2,Yes,5,Yes,5,Yes,3,Yes,5,No,5,No,1,No,1,No,3,No,4,No,4,No,4,No,5,Yes,5,Yes,5,Yes,5,Yes,2,Yes,Page 1,,3,1
Glossary,https://www.fortinet.com/resources/cyberglossary/are-vpns-safe,is vpn safe,VPN,Are VPNs Safe,1300,34,5,No,6,No,11,No,9,No,8,No,7,No,10,No,9,No,6,No,3,No,4,No,5,No,5,No,4,No,4,No,2,No,5,No,11,No,5,No,6,No,6,Yes,7,Yes,6,Yes,6,Yes,7,Yes,6,Yes,7,Yes,7,Yes,6,Yes,6,No,5,No,5,No,5,No,5,Yes,6,Yes,6,No,7,No,6,No,6,No,Page 1,,0,-1
Glossary,https://www.fortinet.com/resources/cyberglossary/threat-modeling,threat modeling,Data Security,Threat Modeling,2900,60,9,No,11,No,13,No,11,No,11,No,7,No,12,No,10,No,10,No,10,No,10,No,7,No,9,No,9,No,8,No,10,No,10,No,10,No,6,Yes,13,No,11,No,13,No,14,No,13,No,12,No,17,No,11,No,12,No,12,No,11,Yes,2,Yes,2,Yes,2,Yes,2,No,2,No,2,No,2,No,11,No,11,No,Page 1,,0,-2
Glossary,https://www.fortinet.com/resources/cyberglossary/are-vpns-safe,Is vpn safe,VPN,Is VPN Safe,1300,45,4,No,3,No,3,No,4,No,3,No,3,No,6,No,5,No,4,No,2,No,4,No,3,No,4,No,4,No,3,No,2,No,5,No,5,No,4,No,5,No,5,No,6,No,6,No,6,No,6,No,6,No,6,No,6,No,6,No,5,Yes,2,Yes,2,Yes,2,Yes,2,Yes,2,Yes,2,Yes,2,Yes,7,Yes,6,Yes,Page 1,,1,-2
Glossary,https://www.fortinet.com/resources/cyberglossary/attack-vector,attack vector,Cyber Threats,Attack Vector,1600,48,5,No,5,No,4,No,2,No,6,No,3,No,1,No,2,No,4,No,4,Yes,5,Yes,2,Yes,4,Yes,5,Yes,3,Yes,4,Yes,4,Yes,4,No,6,No,4,No,3,No,3,No,3,No,3,No,5,No,7,No,7,No,6,No,6,No,6,Yes,8,Yes,5,Yes,4,Yes,5,Yes,6,Yes,5,Yes,6,Yes,5,Yes,4,Yes,Page 1,,1,1
Glossary,https://www.fortinet.com/resources/cyberglossary/service-set-identifier-ssid,service set identifier,Cyber Security,Service Set Identifier,1300,21,1,No,1,No,1,No,1,No,1,No,1,No,1,No,1,No,1,No,1,No,1,No,1,No,1,No,1,Yes,1,Yes,1,Yes,1,Yes,1,Yes,1,Yes,1,Yes,1,Yes,1,Yes,1,Yes,1,Yes,1,Yes,1,Yes,1,Yes,1,Yes,1,Yes,1,No,1,No,1,No,1,No,1,Yes,1,Yes,1,Yes,1,Yes,1,Yes,1,No,Page 1,,0,0
Glossary,https://www.fortinet.com/resources/cyberglossary/digital-rights-management-drm,digital rights management,Data Security,Digital Rights Management,5400,49,3,No,2,No,2,No,4,No,3,Yes,2,Yes,2,Yes,1,No,2,Yes,3,No,2,Yes,2,No,3,No,2,Yes,2,Yes,2,Yes,2,Yes,2,Yes,2,Yes,2,Yes,1,Yes,2,No,2,Yes,3,Yes,3,No,3,No,3,Yes,3,Yes,3,Yes,3,Yes,6,No,6,No,6,No,6,No,4,No,4,No,6,Yes,3,Yes,3,Yes,Page 1,,0,0
Glossary,https://www.fortinet.com/resources/cyberglossary/content-filtering,content filtering,Security Operations (SecOps),Content Filtering,2400,35,1,No,1,No,1,No,1,Yes,1,No,1,Yes,1,No,1,No,1,No,1,No,1,No,1,Yes,1,No,1,Yes,1,Yes,1,Yes,1,Yes,1,Yes,1,Yes,1,Yes,1,Yes,1,No,1,Yes,1,No,1,No,1,Yes,1,Yes,1,Yes,1,Yes,1,No,1,Yes,1,Yes,1,Yes,1,Yes,1,Yes,1,Yes,1,Yes,1,Yes,1,Yes,Page 1,,0,0
Glossary,https://www.fortinet.com/resources/cyberglossary/what-is-splunk,What is Splunk,Data Security,What Is Splunk,4400,44,5,No,5,No,5,No,5,No,4,Yes,2,Yes,3,Yes,3,No,3,No,2,Yes,5,No,4,No,3,Yes,4,Yes,3,Yes,2,No,2,Yes,2,No,3,Yes,2,No,1,Yes,2,Yes,2,No,2,Yes,2,Yes,2,Yes,2,Yes,2,Yes,2,Yes,2,Yes,5,Yes,5,Yes,2,Yes,2,Yes,3,No,5,No,5,No,4,No,2,No,Page 1,,2,3
Glossary,https://www.fortinet.com/resources/cyberglossary/proxy-server,what is a proxy server,SASE,What Is Proxy Server,1600,63,4,Yes,3,Yes,4,Yes,5,Yes,4,Yes,6,Yes,5,Yes,4,Yes,1,No,1,No,1,No,1,No,1,No,1,No,2,No,6,No,2,Yes,3,Yes,3,Yes,3,Yes,3,Yes,2,Yes,2,Yes,2,Yes,3,Yes,2,Yes,2,Yes,2,Yes,3,Yes,3,No,14,No,14,No,12,No,15,Yes,17,Yes,20,Yes,18,Yes,3,Yes,2,Yes,Page 2,,1,2
Glossary,https://www.fortinet.com/resources/cyberglossary/data-egress,data egress,Data Security,Data Egress,320,35,1,No,1,No,1,No,1,No,1,No,1,No,1,No,1,No,1,No,1,No,1,No,1,No,1,No,1,No,1,No,1,Yes,1,Yes,1,Yes,1,Yes,1,Yes,1,Yes,1,Yes,1,Yes,1,Yes,1,Yes,1,Yes,1,Yes,1,Yes,1,Yes,1,No,1,No,1,No,1,Yes,1,Yes,1,Yes,1,Yes,1,Yes,1,Yes,1,Yes,Page 1,,0,0
Glossary,https://www.fortinet.com/resources/cyberglossary/iot-edge,iot edge,OT Security,IOT EDGE,390,50,3,Yes,5,Yes,3,Yes,1,Yes,3,Yes,4,Yes,4,Yes,4,Yes,5,Yes,3,Yes,5,Yes,4,Yes,3,No,2,No,4,No,2,No,3,No,5,No,5,No,4,No,6,No,8,No,9,No,8,No,9,No,10,No,7,No,8,No,8,No,7,No,2,Yes,2,Yes,2,Yes,3,No,3,No,2,No,2,No,7,No,6,No,Page 1,,1,-3
Glossary,https://www.fortinet.com/resources/cyberglossary/http-proxy,http proxy,SASE,Http Proxy,1900,59,1,No,1,No,1,No,1,No,1,No,1,No,1,Yes,1,Yes,1,Yes,1,Yes,1,Yes,1,Yes,1,Yes,1,No,1,Yes,1,Yes,1,Yes,1,Yes,1,Yes,1,Yes,1,Yes,1,Yes,1,Yes,1,Yes,1,Yes,1,Yes,1,Yes,1,Yes,1,Yes,1,Yes,1,Yes,1,Yes,1,Yes,1,Yes,1,Yes,1,Yes,1,No,1,No,1,No,Page 1,,0,0
Glossary,https://www.fortinet.com/resources/cyberglossary/web-security-threats,web security threats,Cyber Threats,Web Security Threats,110,49,3,Yes,3,Yes,1,Yes,1,Yes,1,Yes,1,Yes,1,Yes,1,Yes,1,Yes,1,Yes,1,No,1,No,1,No,1,No,1,No,1,No,1,No,1,No,1,No,1,No,1,No,1,No,1,No,2,No,3,No,5,No,3,No,5,No,4,No,3,Yes,2,Yes,2,No,2,No,2,No,2,No,2,No,2,No,1,No,1,No,Page 1,,0,2
Glossary,https://www.fortinet.com/resources/cyberglossary/email-encryption,email encryption,Email Security,Email Encryption,2900,51,5,No,6,No,8,No,6,No,5,No,7,No,7,No,6,No,6,No,4,No,5,No,4,Yes,3,Yes,2,No,3,No,2,No,3,Yes,2,Yes,4,No,3,Yes,3,Yes,5,Yes,4,Yes,5,Yes,4,Yes,3,Yes,3,Yes,2,No,2,Yes,2,No,9,No,7,No,5,No,7,Yes,7,Yes,6,No,4,No,3,Yes,3,Yes,Page 1,,0,2
Glossary,https://www.fortinet.com/resources/cyberglossary/brute-force-attack,brute force attack,Cyber Threats,Brute Force Attack,1900,66,13,Yes,8,No,9,No,9,No,8,Yes,7,Yes,10,No,7,No,3,Yes,4,No,4,No,3,No,6,No,2,No,2,Yes,2,Yes,4,No,4,Yes,4,Yes,4,Yes,5,Yes,5,No,7,No,7,Yes,7,No,9,Yes,7,Yes,6,Yes,5,Yes,5,No,2,No,2,No,2,No,1,No,1,No,1,Yes,1,Yes,6,Yes,4,Yes,Page 1,,2,9
Glossary,https://www.fortinet.com/resources/cyberglossary/defense-in-depth,Defense in Depth,Data Security,Defense In Depth,2900,60,3,No,3,Yes,3,Yes,2,Yes,2,No,3,No,3,No,2,No,3,Yes,3,No,6,Yes,2,Yes,2,No,2,No,2,No,2,No,1,Yes,1,No,2,No,2,Yes,1,Yes,1,Yes,1,Yes,1,Yes,1,Yes,1,Yes,1,No,2,Yes,2,Yes,2,No,5,No,4,No,4,No,5,Yes,3,Yes,1,Yes,2,Yes,2,No,2,Yes,Page 1,,0,1
Glossary,https://www.fortinet.com/resources/cyberglossary/honey-tokens,honey tokens,Data Security,Honey Tokens,320,23,2,Yes,2,Yes,2,Yes,1,Yes,1,Yes,1,Yes,1,Yes,1,Yes,2,Yes,2,Yes,2,Yes,2,Yes,2,Yes,2,No,2,No,2,No,1,No,1,No,1,No,1,No,1,No,1,Yes,1,Yes,1,Yes,1,Yes,1,Yes,1,Yes,1,Yes,1,Yes,1,No,1,No,1,No,1,No,1,Yes,1,Yes,1,Yes,1,Yes,1,Yes,1,Yes,Page 1,,0,1
Glossary,https://www.fortinet.com/resources/cyberglossary/attack-surface,attack surface,Data Security,Attack Surface,1900,55,3,Yes,3,No,2,Yes,4,Yes,3,Yes,3,Yes,2,Yes,3,No,3,No,3,No,3,No,4,Yes,3,No,3,Yes,2,No,2,Yes,2,Yes,2,Yes,2,Yes,2,Yes,2,Yes,2,Yes,2,Yes,2,Yes,2,Yes,3,No,2,No,2,Yes,2,Yes,2,Yes,5,Yes,6,Yes,5,Yes,6,Yes,6,Yes,5,Yes,4,Yes,2,Yes,2,Yes,Page 1,,0,1
Glossary,https://www.fortinet.com/resources/cyberglossary/types-of-cyber-attacks,types of cyber attacks,Data Security,Types Of Cyber Attacks,2900,68,2,No,2,No,2,No,1,No,1,Yes,1,No,1,No,1,No,1,Yes,1,No,1,No,1,Yes,1,No,1,No,1,Yes,1,Yes,1,No,1,Yes,1,Yes,1,Yes,1,No,1,Yes,1,Yes,1,No,1,Yes,1,Yes,1,Yes,1,Yes,1,Yes,1,Yes,1,Yes,1,Yes,1,No,1,Yes,1,Yes,1,No,1,Yes,1,Yes,1,Yes,Page 1,,0,1
Glossary,https://www.fortinet.com/resources/cyberglossary/active-defense,active defense,Cyber Threats,Active Defense,170,20,2,Yes,4,Yes,2,Yes,2,Yes,4,Yes,3,Yes,2,Yes,3,Yes,3,No,3,No,2,No,2,No,2,No,2,No,2,No,2,No,2,Yes,2,Yes,1,Yes,1,Yes,1,Yes,1,Yes,1,Yes,1,Yes,1,Yes,2,Yes,4,Yes,3,Yes,1,Yes,1,No,1,No,1,No,1,No,2,Yes,7,Yes,7,Yes,9,Yes,1,Yes,1,Yes,Page 1,,0,1
Glossary,https://www.fortinet.com/resources/cyberglossary/nist-compliance,nist compliance,Cyber Compliance,Nist Compliance,1900,32,1,Yes,1,No,1,Yes,1,Yes,1,Yes,1,Yes,1,Yes,1,Yes,1,No,1,No,1,No,3,No,2,No,2,No,2,No,3,No,1,No,1,No,1,Yes,1,No,1,Yes,1,Yes,1,Yes,1,Yes,1,Yes,1,Yes,1,No,1,Yes,1,No,1,No,1,No,1,No,1,No,1,No,1,No,1,Yes,1,Yes,1,Yes,1,Yes,Page 1,,0,0
Glossary,https://www.fortinet.com/resources/cyberglossary/remote-access-trojan,remote access trojan,Cyber Threats,Remote Access Trojan,4400,42,3,No,2,Yes,2,Yes,1,Yes,1,Yes,2,No,1,Yes,2,No,2,No,2,No,2,Yes,3,No,2,No,2,No,2,Yes,2,Yes,1,Yes,1,Yes,1,Yes,1,Yes,2,Yes,2,No,2,Yes,2,Yes,2,Yes,2,Yes,2,No,3,No,3,No,3,Yes,2,Yes,2,Yes,2,Yes,2,Yes,2,Yes,2,No,2,Yes,5,Yes,4,Yes,Page 1,,1,-1
Glossary,https://www.fortinet.com/resources/cyberglossary/malware-analysis,malware analysis,Cyber Threats,Malware Analysis,1300,24,11,Yes,10,Yes,8,Yes,9,Yes,7,Yes,10,Yes,11,Yes,8,Yes,7,Yes,5,Yes,7,Yes,7,Yes,6,No,8,No,4,No,1,No,4,No,4,No,6,No,5,No,7,No,7,No,8,No,10,No,10,No,12,No,9,No,9,No,8,No,5,Yes,4,Yes,10,No,11,No,9,No,3,No,2,Yes,4,Yes,8,Yes,7,Yes,Page 2,,1,4
Glossary,https://www.fortinet.com/resources/cyberglossary/fake-hacking,fake hacking,Cyber Threats,Fake Hacking,5400,51,9,No,7,No,5,No,8,No,6,No,7,No,7,No,5,No,6,No,6,No,5,No,3,No,4,No,4,No,5,No,2,No,5,No,8,No,7,No,6,No,5,No,5,No,4,No,4,No,4,No,5,No,5,No,4,No,4,No,4,Yes,8,Yes,7,Yes,8,Yes,13,No,14,No,10,No,12,No,4,No,4,No,Page 1,,0,5
Glossary,https://www.fortinet.com/resources/cyberglossary/pos-security,Pos security,Data Security,Pos Security,480,20,1,Yes,1,No,1,No,1,No,1,No,1,No,1,No,1,No,1,No,1,No,1,No,1,No,1,No,1,No,1,No,1,No,1,No,1,No,1,Yes,1,Yes,1,Yes,1,Yes,1,Yes,1,Yes,1,Yes,1,Yes,1,Yes,1,Yes,1,Yes,1,Yes,1,No,1,No,1,No,1,Yes,1,Yes,1,Yes,1,Yes,1,Yes,1,Yes,Page 1,,0,0
Glossary,https://www.fortinet.com/resources/cyberglossary/iot-best-practices,iot security best practices,OT Security,IOT Security Best Practices,210,37,9,Yes,5,Yes,5,Yes,15,Yes,16,Yes,16,Yes,22,No,16,No,18,No,22,No,22,No,3,No,2,No,4,No,2,No,2,Yes,2,Yes,1,Yes,1,Yes,1,Yes,1,Yes,1,Yes,1,Yes,1,Yes,1,Yes,1,Yes,1,Yes,1,Yes,1,Yes,1,Yes,1,Yes,1,Yes,1,Yes,1,No,1,No,1,No,1,No,1,No,1,No,Page 1,,0,8
Glossary,https://www.fortinet.com/resources/cyberglossary/what-is-edr,edr,Endpoint Security,What Is EDR,2400,63,9,Yes,10,Yes,6,No,6,Yes,10,No,9,Yes,10,No,8,No,5,No,4,No,6,No,7,No,5,No,6,No,3,Yes,5,No,4,Yes,6,Yes,7,Yes,6,Yes,7,No,6,No,6,No,5,Yes,5,Yes,5,No,6,No,6,Yes,6,No,6,Yes,3,Yes,3,Yes,3,Yes,3,Yes,3,No,2,Yes,3,No,6,No,4,No,Page 1,,2,5
Glossary,https://www.fortinet.com/resources/cyberglossary/types-of-endpoint-security,types of endpoint security,Endpoint Security,Types Of Endpoint Security,110,26,1,No,1,No,1,No,1,No,1,No,1,No,1,No,1,No,1,No,1,No,1,No,1,No,1,No,1,No,1,No,1,No,1,No,1,No,1,Yes,1,Yes,1,Yes,1,Yes,1,Yes,1,Yes,1,Yes,1,Yes,1,Yes,1,Yes,1,Yes,1,No,1,No,1,No,1,No,1,Yes,1,Yes,1,Yes,1,Yes,1,Yes,1,Yes,Page 1,,0,0
Glossary,https://www.fortinet.com/resources/cyberglossary/what-is-wan-aggregation,What is WAN Aggregation,Network Security,WAN Aggregation,260,18,4,No,2,No,3,Yes,3,Yes,2,Yes,2,Yes,1,Yes,1,Yes,1,Yes,1,Yes,1,Yes,1,No,1,No,1,No,2,No,1,No,1,No,2,No,6,No,4,Yes,6,Yes,7,Yes,11,Yes,8,Yes,8,Yes,10,Yes,8,Yes,5,Yes,8,Yes,1,No,1,No,1,No,2,No,4,Yes,5,Yes,5,Yes,5,Yes,5,Yes,5,Yes,Page 1,,0,-1
Glossary,https://www.fortinet.com/resources/cyberglossary/what-is-ueba,ueba,Security Operations (SecOps),UEBA,590,44,1,No,1,No,1,No,1,No,1,No,1,No,1,No,1,No,1,No,1,No,1,No,3,No,3,No,3,No,1,No,2,No,4,No,4,Yes,2,Yes,2,Yes,2,Yes,2,Yes,1,Yes,1,Yes,1,Yes,2,Yes,3,Yes,5,Yes,3,No,3,No,7,Yes,7,No,3,No,3,Yes,5,No,4,No,5,No,4,Yes,3,No,Page 1,,1,-2
Glossary,https://www.fortinet.com/resources/cyberglossary/pst-file,PST file,Email Security,What Is A Pst File,2400,33,5,No,6,No,3,No,2,No,3,Yes,2,No,3,Yes,3,Yes,3,No,5,No,5,No,4,Yes,2,Yes,2,Yes,2,Yes,2,No,5,No,5,No,2,Yes,2,Yes,3,No,1,No,2,No,2,No,1,No,1,Yes,1,Yes,1,Yes,1,Yes,1,No,1,No,1,Yes,1,No,1,Yes,1,Yes,1,Yes,1,Yes,1,Yes,1,Yes,Page 1,,0,4
Glossary,https://www.fortinet.com/resources/cyberglossary/saml-vs-oauth,What is saml vs oauth,Access Control,SAML Vs OAUTH,1000,31,2,No,2,No,5,No,9,No,9,No,5,No,5,No,4,No,3,No,2,No,2,No,3,No,2,No,1,No,1,Yes,1,Yes,1,Yes,1,Yes,1,Yes,1,Yes,1,Yes,1,Yes,1,No,1,No,1,No,1,No,1,No,1,No,1,No,1,No,1,No,1,No,1,No,1,No,1,No,1,No,1,No,1,Yes,1,Yes,Page 1,,0,1
Glossary,https://www.fortinet.com/resources/cyberglossary/traceroutes,traceroute,Cyber Security,What Is Traceroute,390,21,1,No,1,No,1,No,1,No,1,No,1,No,1,No,1,No,1,No,1,No,1,No,1,No,1,No,1,No,1,No,1,Yes,1,Yes,1,Yes,1,Yes,1,Yes,1,Yes,1,Yes,1,Yes,1,No,1,No,1,No,1,No,1,No,1,No,1,No,1,No,1,No,1,No,1,Yes,1,Yes,1,Yes,1,Yes,1,Yes,1,Yes,Page 1,,0,0
Glossary,https://www.fortinet.com/resources/cyberglossary/authentication-token,authentication token,SASE,Authentication Token,590,51,2,No,3,No,3,No,4,No,4,No,3,No,3,No,4,No,4,No,3,No,3,No,2,No,1,No,1,No,1,No,1,No,1,No,1,No,1,No,1,No,1,No,1,No,1,Yes,1,Yes,1,Yes,1,Yes,1,Yes,1,Yes,1,Yes,1,Yes,1,No,1,No,1,Yes,1,No,2,No,9,No,9,No,2,No,2,Yes,Page 1,,0,0
Glossary,https://www.fortinet.com/resources/cyberglossary/network-traffic,network traffic,Network Security,Network Traffic,720,41,1,Yes,1,Yes,1,Yes,1,Yes,1,Yes,1,Yes,1,Yes,1,Yes,1,No,1,No,1,No,1,No,1,No,1,No,1,No,1,No,1,Yes,1,Yes,1,Yes,1,Yes,1,Yes,1,Yes,1,Yes,1,Yes,1,Yes,1,Yes,1,Yes,1,Yes,1,Yes,1,No,1,No,1,No,1,No,1,Yes,1,Yes,1,Yes,1,Yes,1,Yes,1,Yes,Page 1,,0,0
Glossary,https://www.fortinet.com/resources/cyberglossary/internet-fraud,internet fraud,Cyber Threats,Internet Fraud,1300,78,5,Yes,5,Yes,4,Yes,6,Yes,5,Yes,6,Yes,3,Yes,4,Yes,4,No,6,No,8,No,3,No,5,No,5,No,3,No,2,No,2,Yes,2,Yes,2,Yes,2,Yes,2,Yes,3,Yes,4,Yes,3,Yes,3,Yes,4,Yes,4,Yes,5,Yes,5,Yes,3,Yes,2,No,1,Yes,2,Yes,2,No,4,No,3,No,3,No,3,No,3,No,Page 1,,0,2
Glossary,https://www.fortinet.com/resources/cyberglossary/802-1x-authentication,802.1x authentication,Cyber Threats,802.1X Authentication,1300,24,2,No,2,No,2,No,2,No,2,No,2,No,2,No,2,No,2,No,3,No,3,No,1,No,1,No,1,No,1,No,1,No,1,No,1,No,1,No,1,No,1,No,1,No,1,Yes,1,Yes,1,Yes,1,Yes,1,Yes,1,Yes,1,Yes,1,Yes,1,Yes,1,Yes,1,Yes,1,No,1,No,1,No,1,No,1,No,1,Yes,Page 1,,0,1
Glossary,https://www.fortinet.com/resources/cyberglossary/network-access-control-list, network access control list ,Network Security,Network Access Control List,480,38,1,No,1,No,1,No,1,Yes,1,Yes,1,Yes,1,Yes,1,Yes,1,Yes,1,Yes,1,Yes,1,No,1,No,1,No,1,No,1,No,1,No,1,No,1,No,1,No,1,No,1,No,1,No,1,No,1,No,1,No,1,No,1,Yes,1,Yes,1,No,1,No,1,No,1,No,1,Yes,1,Yes,1,Yes,1,Yes,1,Yes,1,Yes,Page 1,,0,0
Glossary,https://www.fortinet.com/resources/cyberglossary/what-is-an-open-proxy,what is an open proxy,Cyber Security,What Is An Open Proxy,110,17,1,Yes,1,Yes,1,Yes,1,Yes,1,Yes,1,Yes,1,Yes,1,Yes,1,Yes,1,Yes,1,Yes,1,Yes,1,Yes,1,Yes,1,Yes,1,Yes,1,Yes,1,Yes,1,Yes,1,Yes,1,Yes,1,Yes,1,Yes,1,Yes,1,Yes,1,Yes,1,Yes,1,Yes,1,Yes,1,No,1,No,1,No,1,No,1,No,1,No,1,No,1,No,1,No,1,No,Page 1,,0,0
Glossary,https://www.fortinet.com/resources/cyberglossary/api-key,what is an api key,Cloud Security,What Is An API Key,8100,44,2,No,3,No,4,No,4,No,4,No,4,No,4,Yes,3,Yes,3,Yes,3,No,4,No,3,No,3,No,3,No,2,No,1,Yes,1,Yes,2,Yes,2,Yes,2,No,2,Yes,3,Yes,3,No,2,No,3,Yes,2,Yes,3,No,2,No,2,No,2,Yes,2,Yes,1,Yes,1,Yes,2,Yes,2,No,2,No,2,No,2,Yes,1,Yes,Page 1,,1,1
Glossary,https://www.fortinet.com/resources/cyberglossary/radius-protocol,radius protocol,Access Control,Radius Protocol,1900,44,2,No,3,No,2,No,1,No,2,No,3,Yes,2,No,2,No,2,No,4,No,2,Yes,3,Yes,2,No,2,No,1,Yes,1,No,1,No,1,Yes,1,No,2,Yes,1,No,1,Yes,1,Yes,2,Yes,1,Yes,1,Yes,1,Yes,1,Yes,1,No,1,Yes,2,No,2,No,2,Yes,2,Yes,2,Yes,2,Yes,2,Yes,2,Yes,2,Yes,Page 1,,0,0
Glossary,https://www.fortinet.com/resources/cyberglossary/transparent-proxy,transparent proxy,Cyber Security,Transparent Proxy,480,25,1,No,1,No,1,No,1,No,1,No,1,No,1,No,1,No,1,No,1,No,1,No,3,No,1,Yes,1,Yes,1,Yes,1,Yes,1,Yes,1,Yes,1,Yes,1,Yes,1,No,1,No,1,No,1,No,1,No,1,No,1,No,1,Yes,1,Yes,1,Yes,1,Yes,1,Yes,1,Yes,1,Yes,1,Yes,1,Yes,1,Yes,1,Yes,1,Yes,Page 1,,0,0
Glossary,https://www.fortinet.com/resources/cyberglossary/ocsp,ocsp,Cyber Security,OCSP,2900,49,4,No,4,Yes,2,Yes,3,Yes,4,No,4,No,4,Yes,4,Yes,4,Yes,3,Yes,3,Yes,2,Yes,2,No,2,Yes,2,Yes,2,Yes,2,Yes,2,Yes,2,Yes,3,No,2,No,1,Yes,2,No,2,Yes,1,Yes,1,Yes,2,Yes,3,No,3,Yes,3,Yes,4,Yes,4,Yes,2,Yes,3,Yes,3,Yes,4,No,3,Yes,2,Yes,2,No,Page 1,,0,2
Glossary,https://www.fortinet.com/resources/cyberglossary/centralized-management,centralized management,Network Security,Centralized Management,590,24,3,No,6,No,5,Yes,2,Yes,4,Yes,3,Yes,7,Yes,4,Yes,7,Yes,5,Yes,4,Yes,3,Yes,4,Yes,2,Yes,4,Yes,2,Yes,4,Yes,3,Yes,5,Yes,4,Yes,3,Yes,4,Yes,2,Yes,2,Yes,1,Yes,4,Yes,6,Yes,3,Yes,1,Yes,1,No,4,No,9,No,9,No,10,Yes,9,Yes,8,Yes,9,Yes,2,Yes,2,Yes,Page 1,,0,1
Glossary,https://www.fortinet.com/resources/cyberglossary/benefits-of-vpn,benefits of vpn,VPN,Benefits Of VPN,1900,62,6,Yes,7,Yes,7,Yes,6,Yes,5,Yes,7,Yes,7,Yes,6,Yes,2,Yes,2,Yes,5,Yes,3,Yes,1,Yes,3,Yes,3,Yes,4,Yes,3,Yes,4,Yes,5,Yes,3,Yes,3,Yes,3,Yes,2,Yes,3,Yes,2,Yes,2,Yes,2,Yes,3,Yes,2,Yes,2,No,11,No,11,No,10,No,10,Yes,10,Yes,10,Yes,4,No,4,No,2,No,Page 1,,2,4
Glossary,https://www.fortinet.com/resources/cyberglossary/vpn-split-tunneling,vpn split tunneling,VPN,VPN Split Tunneling,880,42,2,No,4,No,2,No,7,No,4,No,4,No,3,No,6,Yes,2,Yes,3,Yes,4,Yes,7,Yes,2,Yes,3,Yes,5,Yes,2,Yes,2,Yes,2,Yes,2,Yes,2,Yes,2,Yes,3,Yes,2,Yes,3,No,3,No,2,No,2,No,2,No,2,No,2,No,2,No,2,No,2,No,2,Yes,2,Yes,2,Yes,2,Yes,1,Yes,1,Yes,Page 1,,0,1
Glossary,https://www.fortinet.com/resources/cyberglossary/proxy-vs-vpn,proxy vs vpn,VPN,Proxy Vs VPN,4400,53,6,Yes,3,Yes,2,Yes,1,Yes,2,Yes,2,No,9,Yes,6,No,3,No,4,No,4,No,4,No,3,Yes,4,No,5,No,2,Yes,4,Yes,5,No,4,Yes,5,No,4,Yes,3,No,3,Yes,2,No,4,No,4,Yes,3,Yes,3,Yes,2,No,2,Yes,1,Yes,2,Yes,2,Yes,2,Yes,2,No,2,Yes,2,Yes,3,Yes,2,Yes,Page 1,,1,4
Glossary,https://www.fortinet.com/resources/cyberglossary/aaa-security,aaa security,Access Control,AAA Security,880,51,5,No,4,No,5,No,4,No,4,No,3,No,5,No,4,No,4,No,4,No,6,No,5,No,6,No,5,No,6,No,4,No,3,No,5,No,6,No,6,No,5,No,6,No,7,No,6,No,5,No,5,Yes,5,Yes,5,Yes,5,Yes,4,No,4,No,5,No,4,No,5,No,5,No,5,No,4,No,4,No,4,No,Page 1,,0,1
Glossary,https://www.fortinet.com/resources/cyberglossary/network-edge,network edge,OT Security,Network EDGE,480,49,1,No,1,No,1,No,1,No,1,No,1,No,1,No,1,No,1,No,1,No,1,No,1,No,1,No,1,No,1,No,1,No,1,No,1,No,1,No,1,No,1,No,1,No,1,No,1,No,1,No,1,No,1,No,1,No,1,No,1,No,1,No,1,No,1,No,1,No,1,No,1,No,1,No,7,No,3,No,Page 1,,4,-2
Glossary,https://www.fortinet.com/resources/cyberglossary/operational-security,operational security ,OT Security,Operational Security,1600,37,2,Yes,2,Yes,2,Yes,3,Yes,3,No,4,No,4,No,3,No,4,No,2,No,4,No,3,No,2,No,3,No,2,No,2,No,2,No,2,No,3,No,2,No,2,Yes,2,Yes,2,Yes,2,Yes,2,Yes,2,Yes,2,Yes,2,No,2,No,2,Yes,3,Yes,3,No,3,Yes,4,No,4,No,4,Yes,4,Yes,3,Yes,2,Yes,Page 1,,1,0
Glossary,https://www.fortinet.com/resources/cyberglossary/hybrid-data-center,hybrid data center,Cloud Security,Hybrid Data Center,170,16,5,No,2,No,2,No,1,Yes,2,Yes,2,Yes,2,Yes,4,Yes,12,Yes,2,Yes,2,Yes,2,Yes,3,No,3,No,2,No,2,No,3,No,2,No,2,No,2,No,1,Yes,1,Yes,2,Yes,5,Yes,2,Yes,2,Yes,4,Yes,3,Yes,2,No,2,Yes,8,Yes,9,No,9,No,9,No,9,No,8,No,7,Yes,1,Yes,1,Yes,Page 1,,0,4
Glossary,https://www.fortinet.com/resources/cyberglossary/how-to-setup-a-proxy-server,how to setup a proxy server,SASE,How To Setup A Proxy Server,590,34,9,No,9,No,8,No,5,No,8,No,7,No,5,No,5,No,4,No,4,No,3,No,3,No,6,No,5,No,6,No,7,No,7,No,7,No,7,No,7,No,2,No,1,No,1,No,5,No,8,No,7,No,12,No,15,No,11,No,11,No,6,No,4,No,2,No,3,No,3,No,3,No,4,No,6,No,5,No,Page 1,,1,4
Glossary,https://www.fortinet.com/resources/cyberglossary/message-authentication-code,message authentication code,Cyber Security,Message Authentication Code,390,39,2,Yes,2,Yes,2,No,3,No,3,No,3,No,3,No,3,No,3,No,3,No,3,No,4,No,3,No,3,No,3,No,2,No,2,No,3,No,2,No,2,Yes,2,Yes,2,Yes,2,Yes,2,Yes,1,Yes,2,Yes,2,Yes,4,Yes,3,Yes,3,No,7,No,7,No,8,No,8,Yes,8,Yes,7,Yes,11,Yes,3,Yes,3,Yes,Page 1,,0,-1
Glossary,https://www.fortinet.com/resources/cyberglossary/dns-security,dns security,Network Security,DNS Security,1300,39,2,Yes,2,Yes,2,Yes,1,Yes,2,Yes,2,No,2,No,4,No,6,No,6,No,6,No,7,No,5,No,3,No,5,No,7,No,3,No,2,No,4,No,4,No,6,No,3,No,3,Yes,3,Yes,3,Yes,3,Yes,6,Yes,8,No,6,Yes,4,No,7,No,7,No,8,No,9,Yes,8,Yes,10,Yes,11,Yes,11,No,10,Yes,Page 1,,1,-8
Glossary,https://www.fortinet.com/resources/cyberglossary/healthcare-data-security,healthcare data security,Data Security,Healthcare Data Security,590,20,1,Yes,1,Yes,1,Yes,1,Yes,1,Yes,1,Yes,1,Yes,1,Yes,1,Yes,1,Yes,1,Yes,1,Yes,1,Yes,1,Yes,1,Yes,1,Yes,1,Yes,1,Yes,1,Yes,1,Yes,1,Yes,1,Yes,1,Yes,1,Yes,1,Yes,1,Yes,1,Yes,1,Yes,1,Yes,1,No,1,No,1,No,1,No,1,Yes,1,Yes,1,Yes,1,Yes,1,Yes,1,Yes,Page 1,,0,0
Glossary,https://www.fortinet.com/resources/cyberglossary/data-center-security,data center security,Data Security,Data Center Security,2400,36,10,No,11,Yes,16,Yes,13,Yes,13,Yes,12,No,13,No,9,No,8,No,7,Yes,5,No,7,Yes,4,No,4,No,4,No,1,No,1,Yes,1,No,1,No,1,Yes,1,Yes,1,No,1,Yes,1,Yes,1,Yes,1,Yes,1,Yes,1,Yes,1,Yes,1,Yes,1,Yes,1,No,1,Yes,1,Yes,1,Yes,1,Yes,1,No,1,No,1,Yes,Page 1,,0,9
Glossary,https://www.fortinet.com/resources/cyberglossary/what-is-cybersecurity-mesh,cybersecurity mesh ,Cyber Security,Cybersecurity Mesh,210,34,1,No,1,No,1,No,1,No,1,No,1,No,1,No,1,No,1,No,1,Yes,1,Yes,1,Yes,1,Yes,1,Yes,1,Yes,1,Yes,1,Yes,1,Yes,1,Yes,1,Yes,1,Yes,1,Yes,1,Yes,1,Yes,1,No,1,No,1,No,1,No,1,No,1,Yes,1,No,1,Yes,1,Yes,1,Yes,1,Yes,1,Yes,1,Yes,1,Yes,1,Yes,Page 1,,0,0
Glossary,https://www.fortinet.com/resources/cyberglossary/what-is-hacking,What is Hacking,Cyber Threats,Hacking,18100,54,2,No,2,No,2,No,1,Yes,1,No,1,No,1,Yes,1,No,1,No,1,No,1,Yes,1,Yes,1,Yes,1,Yes,1,Yes,1,Yes,1,Yes,1,Yes,1,Yes,1,Yes,1,Yes,1,Yes,1,No,1,Yes,1,Yes,1,No,1,Yes,1,Yes,1,Yes,1,No,1,Yes,1,Yes,1,No,1,Yes,1,Yes,1,No,1,No,1,Yes,1,Yes,Page 1,,0,1
Glossary,https://www.fortinet.com/resources/cyberglossary/how-does-vpn-work,How does vpn work,VPN,How Does A VPN Work,5400,64,2,Yes,2,Yes,2,Yes,2,Yes,2,Yes,2,Yes,1,Yes,1,Yes,1,Yes,1,Yes,1,Yes,1,No,1,Yes,1,Yes,1,Yes,1,No,1,Yes,1,Yes,1,Yes,1,Yes,1,Yes,1,Yes,1,Yes,1,Yes,1,Yes,1,Yes,1,No,1,Yes,1,No,1,No,1,No,1,No,1,No,1,No,1,No,1,No,1,Yes,4,No,3,Yes,Page 1,,1,-1
Glossary,https://www.fortinet.com/resources/cyberglossary/cia-triad,CIA Triad,Cyber Security,CIA Triad,9900,46,1,No,1,No,1,No,1,No,1,No,1,Yes,1,No,1,No,1,No,1,Yes,1,Yes,1,No,1,Yes,1,Yes,1,Yes,1,Yes,1,Yes,1,Yes,1,Yes,1,Yes,1,Yes,1,Yes,1,Yes,1,Yes,1,No,1,Yes,1,Yes,1,Yes,1,Yes,1,No,1,No,1,No,1,No,1,Yes,1,Yes,1,Yes,1,Yes,1,Yes,1,Yes,Page 1,,0,0
Glossary,https://www.fortinet.com/resources/cyberglossary/security-as-a-service,security as a service,Security Operations (SecOps),Security-As-A-Service,50,23,1,No,1,No,1,No,1,No,1,No,1,Yes,1,Yes,1,Yes,1,Yes,1,Yes,1,Yes,1,Yes,1,Yes,1,No,1,Yes,1,Yes,1,Yes,1,Yes,1,Yes,1,Yes,1,Yes,1,Yes,1,Yes,1,Yes,1,Yes,1,Yes,1,Yes,1,Yes,1,Yes,1,Yes,1,Yes,1,Yes,1,Yes,1,Yes,1,Yes,1,Yes,1,Yes,1,Yes,1,Yes,Page 1,,0,0
Glossary,https://www.fortinet.com/resources/cyberglossary/compliance-automation,compliance automation,Cyber Compliance,Compliance Automation,1000,31,1,No,1,No,1,No,1,No,1,No,1,No,1,Yes,1,Yes,1,Yes,1,Yes,1,Yes,1,Yes,1,Yes,1,Yes,1,Yes,1,Yes,1,Yes,1,Yes,1,Yes,1,Yes,1,Yes,1,Yes,1,Yes,1,Yes,1,No,1,Yes,1,Yes,1,Yes,1,No,1,No,1,No,1,No,1,No,1,No,1,No,1,No,1,No,1,No,1,No,Page 1,,0,0
Glossary,https://www.fortinet.com/resources/cyberglossary/data-deduplication,data deduplication,Data Security,Data Deduplication,480,43,13,No,13,No,15,No,16,No,13,No,11,No,13,No,8,No,10,No,8,No,12,No,8,No,3,No,11,No,11,No,11,No,12,No,11,No,10,No,8,No,9,No,12,No,7,No,13,No,14,No,13,No,11,No,12,No,12,No,11,No,9,No,8,No,9,No,8,No,9,No,8,No,7,No,9,No,7,No,Page 1,,2,6
Glossary,https://www.fortinet.com/resources/cyberglossary/tcp-ip-model-vs-osi-model,tcp ip model vs osi model,Cyber Security,Tcp Ip Model Vs Osi Model,880,23,1,Yes,1,Yes,1,No,1,No,2,No,2,No,2,No,2,No,1,No,1,No,1,No,1,No,1,No,1,No,1,No,1,No,1,No,1,No,1,No,1,Yes,1,Yes,1,Yes,1,Yes,1,Yes,1,Yes,1,Yes,1,Yes,1,No,1,No,1,Yes,1,Yes,1,Yes,1,Yes,1,No,1,No,1,No,1,No,1,No,1,No,Page 1,,0,0
Glossary,https://www.fortinet.com/resources/cyberglossary/tailgating-attack,tailgating attack,Cyber Threats,Tailgating Attack,1600,35,1,Yes,1,Yes,1,Yes,1,Yes,1,Yes,1,No,1,No,1,No,1,No,1,No,1,No,3,No,3,No,2,Yes,2,Yes,2,Yes,2,Yes,3,Yes,2,Yes,2,Yes,2,Yes,3,Yes,2,Yes,2,Yes,3,Yes,2,Yes,2,Yes,3,Yes,2,Yes,2,Yes,3,Yes,2,No,1,Yes,1,Yes,1,Yes,1,Yes,1,Yes,1,Yes,1,Yes,Page 1,,0,0
Glossary,https://www.fortinet.com/resources/cyberglossary/data-security,data security,Data Security,Data Security,9900,70,8,No,6,No,11,No,12,No,12,No,10,Yes,10,Yes,9,Yes,6,No,6,No,4,Yes,5,Yes,6,No,7,No,5,No,2,Yes,3,No,5,Yes,2,Yes,2,Yes,2,Yes,3,No,3,No,3,Yes,3,No,2,Yes,3,Yes,3,No,3,Yes,3,No,5,No,5,No,5,Yes,7,Yes,6,Yes,5,No,5,No,4,No,4,No,Page 1,,0,4
Glossary,https://www.fortinet.com/resources/cyberglossary/phishing-email-analysis,phishing email analysis,Email Security,Phishing Email Analysis,50,25,1,Yes,1,Yes,1,Yes,1,No,2,No,1,Yes,1,No,1,No,1,No,1,No,1,No,1,No,1,No,1,No,1,No,1,No,1,No,1,No,1,No,1,No,1,Yes,1,Yes,1,Yes,1,Yes,1,Yes,1,Yes,1,Yes,2,Yes,2,Yes,1,Yes,1,Yes,1,Yes,1,Yes,1,Yes,1,Yes,1,Yes,1,No,1,No,2,No,Page 1,,-1,-1
Glossary,https://www.fortinet.com/resources/cyberglossary/data-exfiltration,data exfiltration,Data Security,Data Exfiltration,1300,20,12,Yes,11,Yes,15,Yes,13,Yes,14,Yes,16,Yes,14,Yes,14,Yes,11,Yes,5,Yes,6,Yes,5,Yes,5,Yes,7,Yes,3,Yes,5,Yes,6,Yes,3,Yes,4,Yes,2,Yes,2,Yes,4,Yes,2,Yes,2,Yes,2,No,2,No,2,No,2,Yes,2,Yes,2,Yes,4,Yes,1,Yes,1,Yes,1,No,1,No,1,No,1,No,6,No,5,No,Page 1,,1,7
Glossary,https://www.fortinet.com/resources/cyberglossary/pgp-encryption,pgp,Email Security,PGP Encryption,3600,57,3,No,3,No,3,No,2,Yes,5,No,4,Yes,4,No,5,No,2,No,1,Yes,1,Yes,6,No,3,No,6,No,5,No,3,No,3,Yes,2,Yes,3,Yes,1,Yes,3,Yes,3,Yes,3,No,3,Yes,3,Yes,2,Yes,3,No,2,Yes,3,Yes,3,No,5,No,4,No,3,No,5,No,5,No,4,No,4,No,2,Yes,2,Yes,Page 1,,0,1
Glossary,https://www.fortinet.com/resources/cyberglossary/unified-threat-management,unified threat management,Network Security,Unified Threat Management,4400,32,2,No,2,No,2,No,1,No,1,Yes,1,Yes,1,No,1,No,1,No,1,No,1,Yes,1,Yes,1,No,1,No,1,No,1,No,1,No,1,No,1,Yes,1,No,1,Yes,1,Yes,1,Yes,1,No,1,Yes,1,Yes,1,No,1,Yes,1,Yes,1,No,1,No,1,No,1,No,1,Yes,1,Yes,1,No,1,Yes,1,Yes,1,Yes,Page 1,,0,1
Glossary,https://www.fortinet.com/resources/cyberglossary/url-phishing,url phishing,Cyber Threats,URL Phishing,210,57,1,No,1,No,1,No,1,No,1,No,1,Yes,1,Yes,1,Yes,1,Yes,1,Yes,1,Yes,1,Yes,1,Yes,1,Yes,1,Yes,1,Yes,1,Yes,1,No,1,Yes,1,Yes,1,No,1,Yes,1,Yes,1,Yes,1,Yes,1,Yes,1,Yes,1,Yes,28,Yes,1,No,1,No,1,No,1,No,1,No,1,No,1,No,1,No,1,No,1,Yes,Page 1,,0,0
Glossary,https://www.fortinet.com/resources/cyberglossary/it-security-policy,it security policy,Cyber Security,It Security Policy,720,41,1,No,1,No,1,No,1,No,1,Yes,1,Yes,1,Yes,1,Yes,1,Yes,1,Yes,1,Yes,1,Yes,1,Yes,1,Yes,1,Yes,1,Yes,1,Yes,1,Yes,1,Yes,1,Yes,1,Yes,1,Yes,1,Yes,1,Yes,1,Yes,1,Yes,1,Yes,1,Yes,1,Yes,1,No,1,No,1,No,1,No,1,Yes,1,Yes,1,Yes,1,Yes,1,Yes,1,Yes,Page 1,,0,0
Glossary,https://www.fortinet.com/resources/cyberglossary/dns-hijacking,dns hijacking,Cyber Threats,DNS Hijacking,720,40,2,Yes,3,Yes,3,Yes,1,Yes,1,Yes,2,No,3,No,2,No,3,No,4,No,4,No,4,No,3,No,4,No,3,Yes,3,Yes,3,Yes,2,Yes,2,Yes,2,Yes,2,Yes,3,Yes,4,No,3,No,3,No,2,No,3,No,4,No,4,No,4,No,5,No,8,No,7,No,7,No,7,No,6,No,7,No,3,Yes,4,Yes,Page 1,,-1,-2
Glossary,https://www.fortinet.com/resources/cyberglossary/dos-vs-ddos,dos vs ddos,Cyber Threats,DOS Vs DDOS,880,20,1,No,1,No,1,No,1,No,1,No,1,No,1,Yes,1,Yes,1,Yes,1,Yes,1,Yes,1,Yes,1,Yes,1,Yes,1,Yes,1,No,1,No,1,No,1,No,1,No,1,No,1,No,1,No,1,Yes,1,Yes,1,Yes,1,Yes,1,Yes,1,Yes,1,Yes,1,No,1,No,1,Yes,1,Yes,1,Yes,1,Yes,1,Yes,1,Yes,1,Yes,Page 1,,0,0
Glossary,https://www.fortinet.com/resources/cyberglossary/whaling-attack,whaling attack,Cyber Threats,Whaling Attack,1300,22,2,No,2,No,2,No,2,No,2,No,2,No,2,No,2,No,3,No,4,No,3,No,2,No,2,No,3,No,3,No,2,No,3,No,2,Yes,4,Yes,4,Yes,4,Yes,4,Yes,4,Yes,3,Yes,2,Yes,2,No,3,No,2,No,2,No,2,No,6,No,7,No,6,No,6,No,6,No,4,No,5,No,3,No,3,No,Page 1,,0,-1
Glossary,https://www.fortinet.com/resources/cyberglossary/what-is-botnet,What is Botnet,Cyber Threats,Botnet,6600,60,2,No,2,No,5,No,5,No,5,Yes,6,Yes,4,Yes,3,Yes,4,No,6,No,6,No,7,No,6,No,5,No,6,Yes,2,Yes,4,Yes,3,Yes,3,Yes,5,No,5,Yes,3,No,5,Yes,7,No,7,Yes,6,Yes,5,Yes,4,No,4,No,4,No,3,Yes,3,Yes,3,Yes,3,No,5,No,5,No,3,No,4,No,4,Yes,Page 1,,0,-2
Glossary,https://www.fortinet.com/resources/cyberglossary/what-is-port-scan,Port Scan,Cyber Threats,Port Scan,2400,68,4,No,6,No,6,No,6,No,6,No,4,No,4,No,5,No,6,No,6,No,6,No,5,No,7,Yes,6,No,6,No,5,No,4,No,3,Yes,4,Yes,4,Yes,4,Yes,4,No,3,No,3,Yes,4,No,4,Yes,4,Yes,4,Yes,4,No,4,No,10,No,11,No,8,No,6,No,8,No,9,No,10,No,6,No,6,No,Page 1,,0,-2
Glossary,https://www.fortinet.com/resources/cyberglossary/digital-certificates,digital certificate,Network Security,Digital Certificates,1000,50,1,Yes,1,Yes,1,Yes,1,Yes,1,Yes,1,No,1,No,2,No,2,No,2,No,4,No,2,No,2,No,1,No,1,No,1,No,1,No,1,No,1,No,1,No,1,No,1,No,1,Yes,1,Yes,1,Yes,1,Yes,1,Yes,1,Yes,1,Yes,1,No,1,No,1,No,1,No,1,Yes,1,Yes,1,Yes,1,Yes,1,Yes,1,Yes,Page 1,,0,0
Glossary,https://www.fortinet.com/resources/cyberglossary/eavesdropping,eavesdropping attack,Cyber Threats,Eavesdropping Attack,70,26,1,Yes,1,Yes,1,Yes,1,Yes,1,Yes,1,Yes,1,Yes,1,Yes,1,Yes,1,Yes,1,Yes,1,Yes,1,Yes,1,Yes,1,Yes,1,Yes,1,Yes,1,Yes,1,Yes,1,Yes,1,Yes,1,Yes,1,Yes,1,Yes,1,Yes,1,Yes,1,Yes,1,Yes,1,Yes,1,Yes,1,Yes,1,Yes,1,Yes,1,Yes,1,Yes,1,Yes,1,Yes,1,Yes,1,Yes,Page 1,,0,0
Glossary,https://www.fortinet.com/resources/cyberglossary/bgp-border-gateway-protocol,BGP,Network Security,Border Gateway Protocol,2400,40,10,No,7,No,10,No,8,No,8,No,5,No,8,No,7,No,7,Yes,5,No,7,No,7,No,7,No,8,No,6,Yes,5,No,9,No,6,Yes,2,Yes,6,No,7,No,8,No,8,No,7,No,6,No,10,No,14,Yes,9,No,18,No,16,No,3,No,3,Yes,3,No,4,No,4,Yes,3,No,3,No,14,No,8,No,Page 1,,6,2
Glossary,https://www.fortinet.com/resources/cyberglossary/saas-security-posture-management,sspm,SASE,SSPM,320,33,1,No,1,No,2,No,1,Yes,2,Yes,1,Yes,2,Yes,3,Yes,3,Yes,3,Yes,7,Yes,1,Yes,2,Yes,4,Yes,1,Yes,2,Yes,4,Yes,2,Yes,2,Yes,1,Yes,1,Yes,1,Yes,1,Yes,1,Yes,1,Yes,5,No,5,No,5,No,4,Yes,2,No,8,No,9,No,10,No,9,No,9,Yes,7,Yes,3,Yes,5,Yes,4,Yes,Page 1,,1,-3
Glossary,https://www.fortinet.com/resources/cyberglossary/cyber-extortion,,Cyber Threats,Cyber Extortion,590,25,1,No,1,No,1,No,1,No,1,No,1,No,1,No,1,No,1,No,1,No,1,No,3,No,1,No,1,No,1,Yes,1,Yes,1,Yes,1,Yes,1,Yes,1,Yes,1,Yes,1,Yes,1,No,1,No,1,No,1,No,1,No,1,No,1,No,1,No,1,No,1,No,1,No,1,Yes,1,Yes,1,Yes,1,Yes,1,Yes,1,Yes,Page 1,,0,0
Glossary,https://www.fortinet.com/resources/cyberglossary/devops-security,devops security,Cyber Security,Devops Security,1300,41,2,Yes,3,Yes,2,Yes,2,Yes,2,Yes,2,Yes,2,Yes,2,Yes,2,Yes,2,Yes,2,Yes,2,Yes,1,Yes,1,Yes,2,Yes,1,Yes,1,Yes,2,No,3,No,2,No,2,No,2,No,2,No,2,No,3,No,2,Yes,2,Yes,5,Yes,2,Yes,2,Yes,2,Yes,2,Yes,3,Yes,4,Yes,3,Yes,2,Yes,2,Yes,4,Yes,4,Yes,Page 1,,0,-2
Glossary,https://www.fortinet.com/resources/cyberglossary/confidential-computing,confidential computing,Data Security,Confidential Computing,880,66,20,Yes,19,Yes,17,Yes,16,Yes,20,Yes,16,Yes,18,No,15,No,9,No,14,No,13,No,10,No,8,No,14,No,13,No,2,No,12,No,13,No,10,No,9,No,12,No,6,No,10,No,11,No,10,No,11,No,11,No,14,No,14,No,14,No,3,Yes,4,No,4,Yes,5,No,5,No,5,No,4,No,19,No,19,No,Page 1,,0,1
Glossary,https://www.fortinet.com/resources/cyberglossary/scareware,scareware,Cyber Threats,Scareware,2400,44,2,No,2,Yes,3,No,4,No,3,No,2,Yes,4,No,3,No,3,No,5,Yes,2,Yes,3,No,3,No,2,No,2,No,2,Yes,2,Yes,4,Yes,5,Yes,8,No,10,No,5,No,7,Yes,8,No,8,No,10,No,9,No,8,No,8,No,5,No,10,No,9,No,8,No,8,Yes,8,Yes,8,Yes,8,No,7,No,3,Yes,Page 1,,4,-1
Glossary,https://www.fortinet.com/resources/cyberglossary/trojan-horse-virus,trojan horse,Cyber Threats,Trojan Horse Virus,2900,62,1,No,1,No,1,No,1,No,1,Yes,1,No,1,No,2,No,2,No,1,Yes,1,Yes,1,No,1,No,1,No,1,No,1,Yes,1,Yes,1,No,1,Yes,1,Yes,1,Yes,1,No,1,Yes,1,Yes,1,Yes,1,Yes,1,Yes,1,No,1,Yes,1,No,1,No,1,No,1,No,1,No,1,Yes,1,Yes,1,Yes,1,No,1,Yes,Page 1,,0,0
Glossary,https://www.fortinet.com/resources/cyberglossary/what-is-canary-in-cybersecurity,what is canary in cybersecurity,Cyber Security,Canary In Cybersecurity,40,35,1,No,1,No,1,No,1,No,1,No,1,No,1,No,1,No,1,No,1,No,1,No,1,No,1,No,1,No,1,No,1,No,1,No,1,No,1,Yes,1,Yes,1,Yes,1,Yes,1,Yes,1,Yes,1,Yes,1,Yes,1,Yes,1,Yes,1,Yes,1,Yes,1,No,1,No,1,Yes,1,Yes,1,Yes,1,Yes,1,Yes,1,Yes,1,Yes,Page 1,,0,0
Glossary,https://www.fortinet.com/resources/cyberglossary/email-security,email security,Email Security,Email Security,5400,50,8,No,8,No,9,No,9,No,12,No,13,No,12,No,8,No,7,Yes,4,No,8,Yes,8,No,8,No,10,No,8,Yes,2,No,3,Yes,3,Yes,5,No,6,No,7,No,11,No,13,No,12,No,12,No,11,No,8,No,5,No,6,No,5,No,8,No,9,No,10,No,9,No,8,No,8,No,10,No,6,No,6,No,Page 1,,0,2
Glossary,https://www.fortinet.com/resources/cyberglossary/smb-cybersecurity-tools,smb cybersecurity tools,Cyber Security,Cybersecurity Tools For Small Business,10,50,1,No,1,No,1,No,1,No,1,No,1,No,1,No,1,No,1,No,1,No,1,No,1,Yes,1,Yes,1,Yes,1,Yes,1,Yes,1,Yes,2,Yes,1,Yes,1,No,1,No,1,No,1,No,1,No,1,No,1,No,2,No,1,No,1,No,1,Yes,1,Yes,1,Yes,1,Yes,2,No,3,No,3,No,3,No,1,No,1,No,Page 1,,0,0
Glossary,https://www.fortinet.com/resources/cyberglossary/recent-ransomware-settlements,ransomware settlement,Cyber Threats,Ransomware Settlement,40,43,1,No,1,No,1,No,1,No,1,No,1,No,1,No,1,No,1,No,1,No,1,No,1,No,1,No,1,No,1,No,1,No,1,No,1,No,3,Yes,3,Yes,3,Yes,2,Yes,2,Yes,2,Yes,2,Yes,2,Yes,2,No,2,No,2,No,2,No,12,No,12,No,16,No,13,No,10,No,10,No,10,No,1,No,2,No,Page 2,,-1,-1
Glossary,https://www.fortinet.com/resources/cyberglossary/fileless-malware,fileless malware,Cyber Threats,Fileless Malware,1000,39,6,No,5,No,9,No,2,No,4,No,5,No,6,Yes,3,Yes,5,Yes,5,Yes,6,Yes,4,Yes,4,Yes,6,Yes,5,Yes,3,Yes,4,Yes,3,Yes,4,Yes,4,Yes,4,Yes,4,Yes,5,Yes,5,Yes,7,Yes,7,Yes,6,Yes,8,Yes,6,Yes,5,Yes,6,Yes,4,Yes,7,Yes,5,Yes,7,Yes,8,Yes,13,Yes,5,Yes,5,Yes,Page 1,,0,1
Glossary,https://www.fortinet.com/resources/cyberglossary/what-is-keyloggers,keyloggers,Cyber Threats,Keyloggers,1900,53,3,No,3,No,2,Yes,1,Yes,1,Yes,1,Yes,1,Yes,1,No,1,No,1,No,1,No,1,Yes,1,No,1,No,1,Yes,1,No,1,No,1,Yes,1,Yes,1,Yes,1,Yes,1,Yes,1,Yes,1,Yes,1,Yes,1,Yes,1,Yes,1,Yes,1,Yes,1,No,1,No,1,No,1,No,1,Yes,1,No,1,Yes,1,No,1,Yes,1,Yes,Page 1,,0,2
Glossary,https://www.fortinet.com/resources/cyberglossary/microsegmentation,microsegmentation,Network Security,Microsegmentation,1900,50,9,No,9,No,9,No,11,No,9,No,7,No,10,No,9,No,9,No,11,No,11,No,7,No,8,No,6,No,6,No,2,No,8,No,9,No,9,No,10,No,9,No,6,No,8,No,10,No,8,Yes,9,No,8,Yes,8,No,8,No,6,Yes,5,Yes,5,Yes,4,Yes,4,Yes,5,No,3,No,3,No,9,No,7,No,Page 1,,2,2
Glossary,https://www.fortinet.com/resources/cyberglossary/cybersquatting,cybersquatting,Cyber Security,Cybersquatting,1000,46,9,No,8,No,12,No,11,No,12,No,13,No,15,No,12,No,8,No,7,No,7,No,12,No,8,No,7,No,8,Yes,8,Yes,11,Yes,8,Yes,13,Yes,12,Yes,13,Yes,10,Yes,9,No,12,No,13,No,13,No,12,No,13,No,14,No,12,No,16,No,14,No,15,No,18,No,12,No,11,No,15,No,12,No,12,No,Page 2,,0,-3
Glossary,https://www.fortinet.com/resources/cyberglossary/what-is-firmware,what is firmware,Cyber Security,What Is Firmware,9900,47,3,No,1,No,3,No,2,No,2,Yes,3,Yes,1,Yes,1,Yes,1,Yes,1,Yes,1,Yes,1,No,1,No,2,No,2,No,2,No,2,Yes,2,Yes,2,Yes,2,Yes,2,Yes,2,No,2,Yes,2,Yes,2,Yes,2,Yes,2,Yes,2,Yes,2,Yes,2,No,13,No,13,No,13,No,14,Yes,14,Yes,12,No,15,Yes,2,Yes,2,Yes,Page 2,,0,1
Glossary,https://www.fortinet.com/resources/cyberglossary/user-datagram-protocol-udp,udp,Cyber Security,User Datagram Protocol,8100,64,12,No,12,No,13,No,13,No,12,No,10,No,10,No,10,No,8,No,8,No,7,No,4,Yes,5,No,5,Yes,7,No,3,No,2,Yes,2,Yes,6,Yes,4,Yes,3,No,4,Yes,3,Yes,4,Yes,4,Yes,6,No,1,No,6,No,3,Yes,2,No,4,Yes,6,Yes,5,Yes,9,No,8,Yes,7,Yes,7,Yes,7,No,4,No,Page 1,,3,8
Glossary,https://www.fortinet.com/resources/cyberglossary/certificate-management,certificate management,Network Security,Certificate Management,720,28,8,Yes,7,Yes,15,No,11,No,2,No,7,No,8,No,3,No,2,No,7,No,3,No,2,Yes,3,Yes,5,Yes,5,Yes,5,Yes,2,Yes,2,Yes,3,Yes,6,Yes,3,Yes,9,Yes,5,Yes,4,Yes,7,Yes,7,Yes,8,Yes,6,Yes,7,Yes,6,No,3,No,2,Yes,3,No,4,Yes,3,Yes,2,No,2,No,12,No,12,No,Page 1,,0,-4
Glossary,https://www.fortinet.com/resources/cyberglossary/what-is-url-filtering,URL filtering ,Network Security,What Is Url Filtering,1000,35,2,No,3,No,2,No,1,No,2,No,2,No,2,No,5,No,6,No,5,No,4,No,3,No,4,No,6,No,5,Yes,2,Yes,5,Yes,2,Yes,4,Yes,3,Yes,5,Yes,2,Yes,3,Yes,2,Yes,2,Yes,1,Yes,1,Yes,2,Yes,2,Yes,2,No,4,No,9,No,10,No,8,No,5,No,7,No,7,No,2,No,2,No,Page 1,,0,0
Glossary,https://www.fortinet.com/resources/cyberglossary/diy-vs-managed-sd-wan,diy vs managed sd wan,SD-WAN,Diy Vs Managed SD WAN,70,7,1,No,1,Yes,1,Yes,1,Yes,1,Yes,1,Yes,1,Yes,1,Yes,1,Yes,1,Yes,1,Yes,1,Yes,1,Yes,1,Yes,1,Yes,1,Yes,1,Yes,1,Yes,1,Yes,1,Yes,1,Yes,1,Yes,1,Yes,1,Yes,1,Yes,1,Yes,1,Yes,1,Yes,1,Yes,1,No,1,No,1,No,1,No,1,Yes,1,Yes,1,Yes,1,Yes,1,Yes,1,Yes,Page 1,,0,0
Glossary,https://www.fortinet.com/resources/cyberglossary/qos-quality-of-service,what is qos,Network Security,QOS,9900,50,1,Yes,1,Yes,1,Yes,1,Yes,1,No,1,No,1,No,2,Yes,2,No,4,No,2,No,2,No,3,No,3,No,2,Yes,2,Yes,2,Yes,3,Yes,3,Yes,3,Yes,3,Yes,2,No,3,Yes,4,Yes,3,Yes,3,Yes,3,Yes,4,Yes,3,Yes,3,No,2,No,2,No,2,No,2,Yes,3,No,3,Yes,2,Yes,3,Yes,2,Yes,Page 1,,1,-1
Glossary,https://www.fortinet.com/resources/cyberglossary/what-is-branch-networking,branch networking,SASE,Branch Networking,50,24,1,Yes,1,No,1,No,1,No,1,No,1,No,1,No,1,No,1,No,1,No,1,Yes,1,Yes,1,Yes,1,Yes,1,Yes,2,Yes,2,Yes,2,Yes,2,Yes,2,Yes,1,Yes,3,Yes,2,Yes,2,Yes,2,Yes,2,Yes,3,No,3,No,3,No,3,Yes,3,Yes,2,No,2,No,2,No,3,No,2,No,2,No,5,No,4,No,Page 1,,1,-3
Glossary,https://www.fortinet.com/resources/cyberglossary/mpls,mpls,Network Security,MPLS,18100,50,10,No,8,No,5,No,4,No,3,No,5,No,5,No,3,No,7,No,8,No,6,No,3,Yes,4,Yes,4,Yes,6,Yes,5,No,3,Yes,4,Yes,4,Yes,4,Yes,7,No,3,Yes,5,No,7,No,8,No,5,No,6,Yes,9,No,11,No,9,No,8,No,8,No,8,No,9,No,10,No,9,No,9,Yes,10,No,8,Yes,Page 1,,2,2
Glossary,https://www.fortinet.com/resources/cyberglossary/failover,failover,Cyber Security,Failover,1600,44,12,No,12,No,13,No,11,No,10,No,6,No,2,No,2,No,5,No,6,No,4,No,5,No,2,No,3,No,3,No,4,No,3,No,2,Yes,4,Yes,3,Yes,3,Yes,3,Yes,2,Yes,4,Yes,4,Yes,4,No,3,No,3,No,4,No,4,Yes,2,No,2,No,2,No,2,No,3,No,2,No,3,No,4,No,4,No,Page 1,,0,8
Glossary,https://www.fortinet.com/resources/cyberglossary/lateral-movement,lateral movement,Cyber Threats,Lateral Movement,5400,45,9,No,8,No,8,No,9,No,8,No,6,No,8,No,8,No,7,No,7,No,6,No,5,No,9,No,9,No,7,No,6,Yes,4,No,6,No,5,Yes,6,Yes,7,No,7,Yes,6,No,8,Yes,6,No,7,Yes,7,No,7,No,6,Yes,6,No,11,No,11,No,11,No,13,No,8,No,12,No,11,Yes,7,Yes,7,No,Page 2,,0,2
Glossary,https://www.fortinet.com/resources/cyberglossary/what-is-site-to-site-vpn,site to site vpn,VPN,Site To Site VPN,6600,66,6,Yes,8,Yes,5,No,7,Yes,7,Yes,5,Yes,6,Yes,6,No,2,No,3,No,2,Yes,4,No,3,Yes,3,No,2,Yes,3,Yes,2,Yes,3,Yes,3,Yes,2,No,2,No,2,Yes,2,Yes,2,Yes,2,Yes,5,No,3,Yes,2,No,2,Yes,2,No,18,No,16,No,9,No,5,No,12,No,15,No,10,No,3,Yes,3,No,Page 1,,0,3
Glossary,https://www.fortinet.com/resources/cyberglossary/ransomware-removal,ransomware removal,Cyber Threats,Ransomware Removal,880,60,2,No,2,No,3,No,3,No,3,No,6,No,2,Yes,2,Yes,3,Yes,3,Yes,3,Yes,2,Yes,2,Yes,2,Yes,1,Yes,2,Yes,4,Yes,5,Yes,4,Yes,2,Yes,7,Yes,6,Yes,12,Yes,6,Yes,12,Yes,4,Yes,6,Yes,5,Yes,3,Yes,1,No,1,No,1,No,1,No,1,Yes,1,Yes,1,Yes,1,Yes,1,Yes,1,Yes,Page 1,,0,1
Glossary,https://www.fortinet.com/resources/cyberglossary/endpoint-security-for-mobile-devices,Endpoint security for mobile devices,Endpoint Security,Endpoint Security For Mobile Devices,20,14,1,No,1,No,1,No,1,No,1,No,1,No,1,No,1,No,1,No,1,No,1,No,1,No,1,No,1,No,1,No,1,No,1,No,1,No,1,No,1,No,1,No,1,No,1,No,1,No,1,No,1,No,1,No,1,No,1,No,1,No,1,No,1,No,1,No,1,No,1,No,1,No,1,No,17,No,17,No,Page 1,,0,-16
Glossary,https://www.fortinet.com/resources/cyberglossary/shift-left-security,shift left security,Security Operations (SecOps),Shift Left Security,880,39,1,Yes,1,Yes,1,Yes,1,Yes,1,Yes,1,Yes,1,No,1,No,1,No,1,No,1,No,1,No,1,No,1,No,1,No,1,No,1,No,1,No,1,No,1,No,1,No,1,No,1,No,1,Yes,1,Yes,1,Yes,1,Yes,1,Yes,1,Yes,1,Yes,1,No,1,No,1,Yes,1,Yes,1,Yes,1,Yes,1,Yes,1,Yes,1,Yes,Page 1,,0,0
Glossary,https://www.fortinet.com/resources/cyberglossary/what-is-ip-address,What is ip address,Cyber Security,What Is An Ip Address,135000,57,3,No,4,Yes,2,Yes,2,Yes,1,Yes,1,Yes,1,Yes,1,Yes,1,Yes,1,Yes,1,Yes,1,No,1,No,1,Yes,1,Yes,1,Yes,1,No,2,Yes,1,Yes,1,Yes,1,No,1,No,1,Yes,1,Yes,1,Yes,1,Yes,1,Yes,1,Yes,1,Yes,1,No,1,No,1,No,1,No,1,Yes,1,Yes,1,Yes,1,Yes,1,Yes,1,Yes,Page 1,,0,2
Glossary,https://www.fortinet.com/resources/cyberglossary/spam-filters,spam filters,Email Security,SPAM Filtering,590,45,1,No,1,No,1,No,1,No,1,Yes,1,Yes,1,Yes,1,Yes,1,Yes,1,Yes,1,Yes,2,Yes,2,Yes,1,No,1,No,1,No,1,No,1,No,1,No,1,No,1,No,1,Yes,1,Yes,1,Yes,1,Yes,1,Yes,1,Yes,1,Yes,1,Yes,1,No,1,No,1,No,1,Yes,1,Yes,1,Yes,1,Yes,1,No,1,No,1,No,Page 1,,0,0
Glossary,https://www.fortinet.com/resources/cyberglossary/iot-device-vulnerabilities,iot device vulnerabilities,OT Security,IOT Device Vulnerabilities,70,31,1,No,1,No,1,No,1,No,1,No,1,No,1,No,1,No,1,No,1,No,1,No,1,No,1,No,1,No,1,Yes,1,Yes,1,Yes,1,Yes,1,Yes,1,Yes,1,Yes,1,Yes,1,Yes,1,Yes,1,Yes,1,Yes,1,Yes,1,Yes,1,Yes,1,No,1,No,1,No,1,Yes,1,Yes,1,Yes,1,Yes,1,Yes,1,Yes,1,Yes,Page 1,,0,0
Glossary,https://www.fortinet.com/resources/cyberglossary/implement-ddos-mitigation-strategy,DDoS mitigation strategy,Cloud Security,DDOS Mitigation,90,33,1,No,1,No,1,No,1,No,1,No,1,No,1,No,1,No,1,No,1,No,1,No,1,No,1,No,1,No,1,No,1,Yes,1,Yes,1,No,1,Yes,1,Yes,1,Yes,1,Yes,1,Yes,1,No,1,No,11,Yes,11,Yes,11,No,9,No,8,No,9,No,9,Yes,13,No,11,No,10,No,6,No,4,No,11,No,9,No,Page 2,,2,-8
Glossary,https://www.fortinet.com/resources/cyberglossary/what-is-ttl,ttl,Cyber Security,What Is Time To Live,8100,63,10,No,10,No,9,No,10,No,10,No,10,No,9,No,7,No,9,No,7,No,9,No,7,Yes,6,No,8,No,7,No,5,No,6,No,6,No,7,No,6,No,8,No,6,No,5,Yes,6,No,4,No,1,No,11,No,5,No,11,No,11,No,11,No,14,No,13,No,12,No,11,No,12,No,12,No,4,No,3,No,Page 2,,1,7
Glossary,https://www.fortinet.com/resources/cyberglossary/malware-vs-virus-vs-worm,malware vs virus vs worm,Cyber Threats,Malware Vs Virus Vs Worm,20,30,1,No,1,No,1,No,1,No,1,No,1,No,1,No,1,No,1,No,1,No,1,No,1,No,1,No,1,No,1,No,1,No,1,No,1,No,1,No,1,No,1,No,1,No,1,No,1,No,1,No,1,No,1,No,1,No,1,No,1,No,1,No,1,No,1,No,1,No,1,No,1,No,1,No,1,No,1,No,Page 1,,0,0
Glossary,https://www.fortinet.com/resources/cyberglossary/login-credentials,Login Credentials,Cyber Security,Login Credentials,1300,35,1,Yes,1,Yes,1,Yes,1,Yes,1,Yes,1,No,1,No,1,No,1,No,1,No,1,No,1,No,1,No,1,Yes,1,Yes,1,Yes,1,Yes,1,Yes,1,Yes,1,Yes,1,Yes,1,Yes,1,Yes,1,Yes,1,Yes,1,Yes,1,Yes,1,Yes,1,Yes,1,No,1,No,1,No,1,No,1,Yes,1,Yes,1,Yes,1,Yes,1,No,1,No,Page 1,,0,0
Glossary,https://www.fortinet.com/resources/cyberglossary/definitions-of-jargon-ransomware,,Cyber Threats,Ransomware Jargon,10,39,1,No,1,No,1,No,1,No,1,No,1,No,1,No,1,No,1,No,1,No,1,No,1,No,1,No,1,No,1,No,1,No,1,No,1,No,1,No,1,No,1,No,1,No,1,No,1,No,1,No,1,No,1,No,1,No,1,No,1,No,1,No,1,Yes,1,No,1,No,1,No,1,No,1,No,1,No,1,No,Page 1,,0,0
Glossary,https://www.fortinet.com/resources/cyberglossary/pretexting,,Cyber Threats,Pretexting,4400,43,3,Yes,1,Yes,1,No,1,No,5,No,4,Yes,4,Yes,6,Yes,6,Yes,6,No,7,No,6,No,4,Yes,6,No,4,No,4,No,4,No,6,No,6,No,5,Yes,10,No,4,Yes,6,No,8,No,9,Yes,10,No,5,Yes,9,No,6,Yes,5,No,2,No,2,No,2,No,1,No,2,No,2,No,2,No,5,Yes,3,No,Page 1,,2,0
Glossary,https://www.fortinet.com/resources/cyberglossary/ics-security,what is ics security ,OT Security,ICS Security,1600,63,14,No,14,No,17,No,15,No,16,No,14,No,11,No,9,No,8,No,8,No,9,No,8,No,8,No,6,No,7,No,3,No,6,No,6,No,9,No,6,No,8,No,6,Yes,6,Yes,5,No,5,No,5,No,8,Yes,9,No,9,No,9,Yes,10,No,8,No,5,Yes,5,No,6,No,6,Yes,4,No,8,No,7,No,Page 1,,1,7
Glossary,https://www.fortinet.com/resources/cyberglossary/definitions-of-jargon,Fortinet DOJ,Cyber Security,Fortinet DOJ,20,22,2,No,2,No,3,No,3,No,3,No,3,No,2,No,2,No,2,No,2,No,3,No,2,No,3,No,2,No,2,No,2,No,2,No,2,No,2,No,1,No,1,No,1,No,2,No,1,No,1,No,1,No,2,No,2,No,3,No,2,No,5,No,5,No,5,No,5,No,7,No,7,No,7,No,2,No,2,No,Page 1,,0,0
Glossary,https://www.fortinet.com/resources/cyberglossary/wireless-network,wireless network,Network Security,Wireless Network,2400,43,3,No,5,No,4,No,2,Yes,6,Yes,6,Yes,6,No,5,No,5,Yes,3,Yes,3,Yes,5,No,4,Yes,4,No,5,No,3,Yes,3,Yes,4,No,3,Yes,2,Yes,3,Yes,3,No,3,Yes,3,Yes,3,Yes,2,Yes,2,Yes,3,No,3,Yes,2,No,2,No,3,No,3,No,3,Yes,2,Yes,2,Yes,2,Yes,2,Yes,2,Yes,Page 1,,0,1
Glossary,https://www.fortinet.com/resources/cyberglossary/what-is-dns,What is DNS,Cyber Security,What Is DNS,18100,59,7,No,7,No,7,No,8,No,9,No,9,No,8,No,7,No,8,No,8,No,6,No,5,No,5,Yes,5,Yes,4,No,4,Yes,6,No,4,No,3,Yes,4,No,6,Yes,4,Yes,4,Yes,5,No,7,No,3,Yes,7,No,5,No,6,Yes,4,No,6,No,3,No,6,No,6,No,1,Yes,1,Yes,1,Yes,6,No,6,No,Page 1,,0,1
Glossary,https://www.fortinet.com/resources/cyberglossary/what-is-https,What is https,Cyber Security,What Is Https,2900,54,6,No,7,No,7,No,7,No,8,No,8,No,9,No,8,No,7,No,7,No,6,No,5,No,5,No,4,No,6,Yes,3,No,8,No,8,No,9,No,9,No,9,No,9,No,10,No,9,No,8,No,9,No,8,No,7,No,9,No,9,No,15,No,13,No,15,No,14,No,27,No,26,No,23,No,7,No,7,No,Page 2,,0,-1
Glossary,https://www.fortinet.com/resources/cyberglossary/ransomware-as-a-service-raas,ransomware as a service (Raas),Cyber Threats,Ransomware As A Service,720,47,4,No,5,No,5,No,4,No,4,No,4,No,4,No,4,No,4,No,4,No,3,No,4,No,4,No,5,No,5,No,5,No,4,No,5,No,5,No,5,No,4,No,5,No,5,No,4,No,4,No,5,No,4,No,4,Yes,4,Yes,4,No,4,No,4,No,4,No,4,Yes,1,Yes,2,No,4,No,5,No,5,No,Page 1,,0,-1
Glossary,https://www.fortinet.com/resources/cyberglossary/tcp-ip,tcp/ip,Cyber Security,TCP/IP,8100,66,4,Yes,4,Yes,2,Yes,3,Yes,5,No,7,No,5,No,5,No,3,No,3,Yes,4,No,4,No,3,Yes,4,No,4,No,5,No,2,Yes,3,Yes,4,No,3,No,2,Yes,2,Yes,2,Yes,3,Yes,3,Yes,2,Yes,2,Yes,2,Yes,2,Yes,2,No,3,Yes,4,No,3,No,2,Yes,3,No,3,No,3,No,3,Yes,2,Yes,Page 1,,1,2
Glossary,https://www.fortinet.com/resources/cyberglossary/insider-threats,What Is an Insider Threat,Cyber Threats,What Is An Insider Threat,4400,48,6,No,3,No,3,No,5,No,4,Yes,3,Yes,4,Yes,3,Yes,4,Yes,5,Yes,2,No,3,No,3,Yes,4,No,3,No,3,Yes,2,Yes,3,Yes,4,No,3,Yes,4,Yes,3,No,3,No,3,Yes,3,Yes,2,Yes,2,No,5,Yes,4,Yes,4,No,9,No,6,No,6,No,7,No,5,Yes,5,No,5,No,5,No,5,No,Page 1,,0,1
Glossary,https://www.fortinet.com/resources/cyberglossary/static-vs-dynamic-ip,,Network Security,Static Vs Dynamic Ip Address,1300,36,3,No,3,No,2,No,2,No,2,No,2,No,2,No,2,No,2,No,2,No,2,No,2,No,1,No,1,No,1,No,1,No,1,Yes,1,Yes,1,Yes,1,Yes,1,Yes,1,Yes,1,Yes,1,Yes,1,Yes,1,Yes,1,Yes,1,Yes,1,Yes,1,No,1,No,1,No,1,No,1,Yes,1,Yes,1,Yes,1,Yes,1,Yes,1,Yes,Page 1,,0,2
Glossary,https://www.fortinet.com/resources/cyberglossary/smurf-attack,smurf attack,Cyber Threats,Smurf Attack,1600,41,3,No,1,No,1,No,1,No,3,No,3,No,4,No,4,No,2,No,3,No,3,No,2,No,4,No,4,No,3,No,3,No,4,No,3,No,2,No,2,No,2,No,5,No,5,No,3,No,5,No,5,No,4,No,5,No,5,No,5,No,21,No,8,No,7,No,21,No,22,No,11,No,9,No,5,No,5,No,Page 1,,0,-2
Glossary,https://www.fortinet.com/resources/cyberglossary/10-cybersecurity-tips-small-business,small business cybersecurity,Cyber Security,Cybersecurity TIPS For Small Businesses,390,58,4,No,5,No,5,No,4,No,3,No,4,No,3,No,3,No,2,Yes,2,Yes,2,Yes,5,Yes,6,Yes,5,Yes,5,Yes,2,Yes,3,No,3,No,3,No,3,No,3,No,2,No,2,No,2,No,2,No,4,No,2,No,4,No,4,No,4,No,8,No,9,No,6,No,3,No,4,No,7,No,9,No,3,No,3,No,Page 1,,0,1
Glossary,https://www.fortinet.com/resources/cyberglossary/dlp,dlp,Cyber Security,Data Loss Prevention,1900,48,2,Yes,2,Yes,2,No,1,No,2,Yes,2,Yes,2,Yes,2,Yes,2,Yes,3,No,4,No,4,No,3,No,3,No,3,No,2,No,2,No,2,Yes,2,No,3,Yes,2,Yes,2,Yes,2,Yes,2,Yes,2,No,11,No,12,No,2,No,13,No,12,No,14,No,15,No,17,No,15,No,15,No,12,No,14,No,10,Yes,7,No,Page 2,,3,-5
Glossary,https://www.fortinet.com/resources/cyberglossary/what-is-network-access-control,nac,Access Control,Network Access Control,390,39,3,No,3,No,2,No,3,No,3,No,3,No,1,No,2,No,7,No,3,No,2,No,2,No,2,No,4,No,1,No,1,No,1,No,1,No,1,No,1,No,1,No,1,No,1,No,1,No,1,Yes,2,Yes,5,Yes,2,Yes,7,Yes,6,No,5,No,4,No,5,No,4,Yes,5,No,4,Yes,4,Yes,7,No,4,Yes,Page 1,,3,-1
Glossary,https://www.fortinet.com/resources/cyberglossary/dark-web-monitoring,dark web monitoring,Cyber Threats,Dark Web Monitoring,590,41,5,No,2,No,6,No,6,No,3,No,5,No,2,No,3,No,3,No,5,No,5,No,2,No,3,No,3,No,3,No,3,No,4,No,2,No,5,No,4,Yes,3,Yes,6,Yes,5,Yes,5,Yes,4,Yes,8,No,7,No,4,No,7,No,7,Yes,3,Yes,2,Yes,3,Yes,2,No,2,No,2,Yes,2,No,6,No,6,No,Page 1,,0,-1
Glossary,https://www.fortinet.com/resources/cyberglossary/what-is-caching,what is cache,Cyber Security,Caching,8100,74,6,No,9,No,7,No,8,No,10,No,11,No,3,Yes,7,Yes,4,No,7,No,3,Yes,9,No,8,No,6,No,7,No,2,Yes,10,No,12,No,12,No,12,No,12,Yes,13,No,11,No,11,No,13,No,11,Yes,10,Yes,9,No,9,No,9,No,20,No,21,No,23,No,19,Yes,28,No,22,No,25,No,11,No,9,No,Page 3,,2,-3
Glossary,https://www.fortinet.com/resources/cyberglossary/spyware,What is Spyware,Cyber Threats,What Is Spyware,2900,63,10,Yes,9,Yes,4,No,7,Yes,5,Yes,6,Yes,7,No,4,No,2,Yes,3,Yes,2,Yes,2,Yes,4,No,4,No,3,Yes,8,No,2,Yes,2,Yes,4,No,3,No,3,Yes,4,Yes,5,No,4,Yes,4,Yes,5,Yes,3,Yes,2,Yes,2,Yes,2,No,35,No,44,No,44,No,41,No,38,Yes,39,No,37,Yes,2,Yes,1,No,>Page 3,,1,9
Glossary,https://www.fortinet.com/resources/cyberglossary/code-scanning,code scanning,Cyber Security,Code Scanning,720,52,4,No,4,No,4,No,3,No,4,No,3,No,2,No,3,No,3,No,4,No,3,No,2,No,3,No,4,No,3,No,2,No,3,No,3,No,2,No,3,No,3,No,3,No,3,No,3,No,3,No,3,No,4,No,3,No,3,No,3,No,13,No,38,No,38,No,25,No,38,No,30,No,30,No,4,No,4,No,>Page 3,,0,0
Glossary,https://www.fortinet.com/resources/cyberglossary/cybersecurity-statistics,Cybersecurity Statistics/Use Case,Cyber Security,Cybersecurity Statistics,590,61,1,No,1,No,1,No,1,No,2,No,2,No,3,No,3,No,3,No,2,No,2,No,3,No,3,No,3,No,4,Yes,3,Yes,4,Yes,4,Yes,4,Yes,5,Yes,7,Yes,3,Yes,4,Yes,5,Yes,3,Yes,5,Yes,3,Yes,5,Yes,3,Yes,3,No,11,No,10,No,12,No,12,Yes,13,Yes,12,Yes,11,Yes,2,Yes,5,No,Page 2,,-3,-4
Glossary,https://www.fortinet.com/resources/cyberglossary/pharming,what is pharming,Cyber Security,Pharming,3600,56,3,No,4,No,3,No,5,No,4,No,4,No,5,No,4,No,4,No,3,No,5,No,3,Yes,2,Yes,2,Yes,3,Yes,4,Yes,2,Yes,2,Yes,3,No,3,Yes,3,No,3,Yes,4,No,3,Yes,5,No,4,No,3,No,3,No,3,Yes,3,No,9,No,10,No,9,No,8,No,8,No,7,No,9,No,4,No,5,No,Page 1,,-1,-2
Glossary,https://www.fortinet.com/resources/cyberglossary/exploit,exploit,Cyber Threats,What Is An Exploit,480,38,7,No,6,No,8,No,9,No,6,No,7,No,6,No,7,No,9,No,8,No,8,No,8,No,8,No,5,No,5,No,2,No,7,No,2,No,4,No,3,No,3,No,4,No,8,No,6,No,7,No,10,No,7,No,8,No,8,No,8,No,26,No,20,Yes,10,No,16,No,4,No,3,No,9,No,8,No,8,No,Page 1,,0,-1
Glossary,https://www.fortinet.com/resources/cyberglossary/vulnerability-assessment,Vulnerability Assessment,Cyber Security,Vulnerability Assessment,9900,47,2,No,2,No,2,No,2,No,2,Yes,3,No,3,No,2,Yes,3,Yes,4,Yes,5,No,6,No,2,Yes,2,Yes,1,No,1,Yes,1,Yes,1,Yes,1,Yes,1,Yes,1,Yes,1,Yes,1,No,1,Yes,1,No,1,Yes,1,Yes,1,Yes,1,Yes,1,No,1,No,1,No,1,No,1,No,1,No,1,No,1,No,1,Yes,1,No,Page 1,,0,1
Glossary,https://www.fortinet.com/resources/cyberglossary/bot,What is a bot ,Cyber Threats,What Is A Bot,8100,47,4,No,3,No,3,No,3,No,3,No,3,No,5,No,4,No,3,No,3,No,3,No,4,No,3,Yes,2,Yes,3,No,4,No,4,No,6,No,6,No,7,No,7,No,7,No,8,No,8,No,8,No,8,No,7,No,8,No,8,No,8,No,5,No,3,Yes,4,No,3,No,4,No,3,No,3,No,10,No,8,No,Page 1,,2,-4
Glossary,https://www.fortinet.com/resources/cyberglossary/ddos-protection,ddos protection ,Cyber Threats,DDOS Protection,2900,72,2,No,2,No,2,No,1,Yes,2,No,2,Yes,6,No,6,No,4,No,4,Yes,4,Yes,3,Yes,5,Yes,7,No,5,No,4,No,4,No,4,Yes,4,Yes,5,Yes,4,Yes,4,Yes,4,Yes,4,Yes,5,No,5,Yes,5,Yes,5,Yes,5,Yes,5,No,3,No,3,No,3,No,2,Yes,3,Yes,4,Yes,2,Yes,3,Yes,2,Yes,Page 1,,1,0
Glossary,https://www.fortinet.com/resources/cyberglossary/openstack,what is openstack,Cloud Security,What Is Openstack,480,54,13,No,9,No,11,No,11,No,11,No,10,No,11,No,10,No,10,No,10,No,8,No,9,No,11,No,10,No,10,No,9,No,9,No,9,No,11,No,9,No,9,No,10,No,23,No,12,No,4,No,7,No,10,No,10,No,10,No,10,No,22,No,20,No,23,No,24,No,21,No,18,No,20,No,10,No,6,No,Page 3,,4,7
Glossary,https://www.fortinet.com/resources/cyberglossary/hybrid-it,hybrid it,Cloud Security,Hybrid It,720,31,1,No,1,No,1,No,1,No,1,No,1,No,1,No,1,No,1,No,1,No,1,No,1,No,1,No,1,No,1,No,2,No,4,No,4,No,5,No,3,No,3,Yes,3,Yes,2,Yes,2,Yes,4,Yes,3,Yes,6,Yes,9,Yes,6,Yes,5,No,7,No,5,No,3,Yes,4,Yes,5,Yes,5,Yes,5,Yes,8,Yes,10,Yes,Page 1,,-2,-9
Glossary,https://www.fortinet.com/resources/cyberglossary/krack-attack,krack,Cyber Threats,Krack Attack,170,28,5,No,5,No,5,No,5,No,5,No,5,No,5,No,5,No,4,No,5,No,4,No,4,No,4,No,4,No,6,No,5,No,6,No,6,No,4,No,4,No,2,No,2,No,1,No,1,No,3,No,5,No,4,No,4,No,4,No,4,No,2,No,3,No,3,No,3,No,3,No,3,No,2,No,5,No,5,No,Page 1,,0,0
Glossary,https://www.fortinet.com/resources/cyberglossary/thin-client,Thin Client,Cyber Security,Thin Client,4400,49,3,No,2,No,3,Yes,3,No,6,No,2,No,1,Yes,1,Yes,2,Yes,5,No,3,No,3,No,2,Yes,4,No,3,No,9,No,2,Yes,4,Yes,4,Yes,3,Yes,2,Yes,3,Yes,3,Yes,4,Yes,3,Yes,3,Yes,3,Yes,3,No,3,No,3,No,10,No,11,No,10,No,11,Yes,10,Yes,8,No,9,Yes,4,Yes,4,Yes,Page 1,,0,-1
Glossary,https://www.fortinet.com/resources/cyberglossary/what-is-ciam,CIAM,Access Control,CIAM,3600,55,9,No,8,No,8,No,3,Yes,9,Yes,9,No,9,No,4,Yes,6,Yes,9,No,9,No,7,No,8,Yes,8,No,9,No,6,No,12,No,16,No,15,No,16,No,19,No,19,No,16,No,17,No,19,No,17,No,13,No,14,No,13,No,13,Yes,9,Yes,10,Yes,3,Yes,9,No,4,No,28,No,30,No,18,No,13,No,Page 1,,5,-4
Glossary,https://www.fortinet.com/resources/cyberglossary/spear-phishing,spear phishing,Cyber Threats,Spear Phishing,12100,51,7,Yes,9,Yes,12,No,7,No,10,No,8,No,10,No,9,No,9,No,10,No,9,No,7,No,6,Yes,6,No,5,No,10,Yes,4,Yes,4,Yes,7,Yes,6,No,4,Yes,6,Yes,10,No,6,Yes,5,No,7,No,7,No,11,No,7,No,4,Yes,8,Yes,2,Yes,2,Yes,3,No,2,No,5,Yes,2,No,7,Yes,5,Yes,Page 1,,2,2
Glossary,https://www.fortinet.com/resources/cyberglossary/advanced-threat-protection-atp,advanced threat protection,Cyber Security,Advanced Threat Protection,1600,33,2,No,1,No,1,No,1,No,1,No,1,No,1,No,1,No,1,No,1,No,1,No,1,Yes,1,No,1,No,1,Yes,1,Yes,1,Yes,1,Yes,1,Yes,1,Yes,1,Yes,1,Yes,1,Yes,1,Yes,1,Yes,1,Yes,1,Yes,1,Yes,1,Yes,1,No,1,No,1,No,1,No,1,No,1,Yes,1,Yes,1,Yes,1,Yes,1,Yes,Page 1,,0,1
Glossary,https://www.fortinet.com/resources/cyberglossary/network-as-a-service,network as a service,SASE,Network As A Service,1600,10,9,No,4,No,9,No,2,Yes,5,No,9,No,12,No,11,No,8,No,6,No,3,No,6,No,7,No,9,No,8,No,10,No,6,No,2,No,4,No,7,No,5,Yes,6,Yes,5,Yes,3,Yes,5,Yes,2,Yes,4,Yes,6,No,6,No,4,Yes,5,Yes,5,Yes,5,No,5,No,5,No,5,No,7,No,5,No,5,No,Page 1,,0,4
Glossary,https://www.fortinet.com/resources/cyberglossary/managed-detection-and-response,mdr,Endpoint Security,Managed Detection And Response,3600,49,11,No,11,No,13,No,15,No,15,No,16,No,15,No,12,No,12,No,9,Yes,5,No,6,No,11,No,14,No,12,No,12,No,15,No,19,No,24,No,24,No,20,No,11,No,16,No,27,No,30,No,31,No,28,No,26,No,25,No,25,No,11,No,10,No,10,No,9,No,9,No,8,No,8,No,27,No,28,No,Page 1,,-1,-17
Glossary,https://www.fortinet.com/resources/cyberglossary/single-sign-on,sso,Access Control,What Is SSO?,5400,61,6,No,3,No,5,No,5,No,3,No,4,No,5,No,5,No,2,No,3,No,1,No,1,No,2,No,4,No,2,No,3,No,2,No,2,No,4,No,3,No,3,No,3,No,2,No,2,No,2,No,2,No,2,No,3,No,2,No,2,No,9,No,7,No,8,No,8,No,8,No,9,No,10,No,3,No,3,No,Page 1,,0,3
Glossary,https://www.fortinet.com/resources/cyberglossary/internet-security,internet security,Network Security,What Is Internet Security,2900,43,1,No,1,No,1,No,1,No,1,No,1,No,1,No,1,No,1,No,1,No,1,No,1,No,1,No,1,No,1,No,1,No,1,No,1,No,1,No,1,No,1,No,1,No,1,No,1,No,1,No,1,Yes,2,No,2,Yes,1,Yes,1,Yes,1,Yes,1,Yes,1,No,1,No,2,No,4,No,5,Yes,2,Yes,1,Yes,Page 1,,1,0
Glossary,https://www.fortinet.com/resources/cyberglossary/wireless-security-tips,wireless security tips,Network Security,Wireless Security TIPS,20,46,4,No,4,No,2,No,2,No,2,No,2,No,3,No,3,No,3,No,3,No,4,No,2,No,3,No,3,No,3,No,3,No,2,No,2,No,2,No,2,No,2,No,2,No,2,No,2,No,2,No,2,No,2,No,3,No,1,No,1,Yes,2,Yes,1,Yes,1,Yes,1,No,1,No,1,No,2,No,2,No,2,No,Page 1,,0,2
Glossary,https://www.fortinet.com/resources/cyberglossary/what-is-pci-compliance,what is pci,Cyber Compliance,What Is PCI Compliance,4400,44,10,No,10,No,12,No,9,No,4,Yes,3,Yes,8,No,6,No,5,No,5,No,4,No,5,No,4,No,4,No,3,No,4,Yes,3,Yes,3,No,3,No,2,Yes,2,Yes,3,No,3,No,3,Yes,2,Yes,2,No,2,No,2,Yes,2,Yes,2,Yes,10,No,8,No,8,No,7,No,9,No,9,Yes,6,Yes,2,Yes,1,No,Page 1,,1,9
Glossary,https://www.fortinet.com/resources/cyberglossary/sql-injection,sql injection,Cyber Threats,SQL Injection,9900,74,14,No,8,No,12,No,14,No,13,No,16,No,16,No,14,No,13,No,15,No,12,No,11,No,11,No,12,No,10,No,9,No,15,No,12,No,13,No,17,No,25,No,15,No,10,No,13,No,20,No,29,No,14,No,15,No,13,No,12,No,9,No,10,No,10,No,9,No,6,Yes,4,No,5,No,13,No,10,No,Page 1,,3,4
Glossary,https://www.fortinet.com/resources/cyberglossary/sextortion,sextortion,Cyber Threats,Sextortion,12100,76,23,No,2,No,6,No,6,No,5,No,8,No,13,No,8,No,8,No,13,No,14,No,19,No,18,No,16,No,5,No,4,No,2,No,3,No,12,No,10,No,10,No,14,No,11,No,11,No,16,No,15,No,15,No,15,No,15,No,15,No,8,No,9,No,7,No,9,No,8,No,8,No,8,No,8,No,4,No,Page 1,,4,19
Glossary,https://www.fortinet.com/resources/cyberglossary/web-scraping,web scraping,Cyber Security,Web ScrAPIng,1830000,64,16,No,12,No,4,No,2,No,6,No,5,No,5,Yes,4,Yes,4,No,6,No,6,No,4,Yes,6,No,6,No,7,Yes,10,No,9,No,9,No,8,Yes,10,No,8,No,8,No,8,No,6,Yes,10,No,10,No,10,No,8,No,9,No,4,Yes,5,Yes,6,No,2,No,2,Yes,2,Yes,2,Yes,2,No,6,No,4,No,Page 1,,2,12
Glossary,https://www.fortinet.com/resources/cyberglossary/network-monitoring,network monitoring,Network Security,Network Monitoring,3600,52,21,No,21,No,23,No,19,No,17,No,17,No,19,No,15,No,5,No,10,Yes,9,No,6,Yes,7,No,8,No,7,No,8,No,8,No,8,No,10,No,10,No,13,No,12,No,13,No,11,No,13,No,16,No,18,No,11,Yes,14,No,11,No,10,No,10,Yes,8,Yes,8,No,10,No,8,No,10,No,6,No,5,Yes,Page 1,,1,16
Glossary,https://www.fortinet.com/resources/cyberglossary/public-key-infrastructure,pki,Access Control,PKI,22200,78,8,No,4,No,8,No,8,No,3,No,11,No,8,No,8,No,7,No,7,No,8,No,7,No,7,No,6,No,6,No,8,No,8,No,9,No,10,No,9,No,8,No,11,No,12,No,11,No,11,No,10,No,10,No,9,No,10,No,9,No,2,No,3,Yes,4,Yes,3,No,4,No,3,No,3,No,3,No,2,No,Page 1,,1,6
Glossary,https://www.fortinet.com/resources/cyberglossary/platform-as-a-service,PaaS,Cloud Security,PAAS,14800,71,8,No,7,No,9,No,9,No,9,No,10,No,11,No,9,Yes,10,No,9,No,7,No,6,No,6,No,7,No,6,No,10,No,6,No,10,No,9,Yes,11,No,11,No,11,No,13,No,11,No,11,No,11,No,9,No,9,No,9,No,9,Yes,2,No,2,Yes,3,Yes,2,No,3,No,2,No,2,No,11,No,11,No,Page 1,,0,-3
Glossary,https://www.fortinet.com/resources/cyberglossary/mobile-device-management,Mobile device management,Cyber Security,Mobile Device Management,6600,64,4,Yes,5,No,4,Yes,4,Yes,3,No,6,No,8,No,5,No,5,No,7,No,7,No,3,Yes,4,No,4,No,5,Yes,8,No,5,Yes,8,No,7,No,5,No,9,No,6,Yes,7,No,5,No,7,No,4,No,4,Yes,7,Yes,3,Yes,3,Yes,2,No,3,No,2,No,4,No,7,No,4,Yes,8,No,5,No,5,No,Page 1,,0,-1
Glossary,https://www.fortinet.com/resources/cyberglossary/how-to-prevent-ransomware,how to protect from ransomware,Cyber Threats,How To Prevent Ransomware,1300,54,1,No,2,No,2,No,12,No,11,No,13,No,13,No,9,No,10,No,6,No,5,No,3,No,5,No,4,No,5,Yes,10,Yes,3,Yes,6,Yes,7,Yes,5,Yes,5,Yes,2,Yes,2,Yes,2,Yes,3,Yes,2,Yes,2,Yes,3,Yes,2,Yes,2,Yes,2,No,1,Yes,1,No,2,No,4,No,4,No,3,No,2,Yes,2,Yes,Page 1,,0,-1
Glossary,https://www.fortinet.com/resources/cyberglossary/remote-desktop-protocol,rdp,Network Security,Remote Desktop Protocol,2900,49,5,Yes,7,No,5,No,3,Yes,5,No,6,No,6,No,3,No,5,No,6,No,6,No,7,No,5,No,2,Yes,2,Yes,3,Yes,5,No,5,Yes,5,No,5,Yes,7,No,6,No,6,Yes,6,No,6,No,7,No,6,No,9,No,8,No,8,No,10,No,18,No,14,No,13,No,17,No,20,Yes,19,Yes,5,Yes,4,Yes,Page 2,,1,1
Glossary,https://www.fortinet.com/resources/cyberglossary,Cyber Glossary,Cyber Compliance,Cyber Glossary,20,42,12,No,9,No,10,No,3,No,8,No,8,No,8,No,8,No,9,No,11,No,7,No,8,No,9,No,4,No,6,No,8,No,5,No,4,No,20,No,20,No,20,No,20,No,20,No,15,No,11,No,11,No,2,No,8,No,2,No,2,Yes,12,No,17,No,6,No,9,No,9,No,6,No,3,No,7,No,3,No,Page 1,,4,9
Glossary,https://www.fortinet.com/resources/cyberglossary/solarwinds-cyber-attack,solarwinds cyber attack,Cyber Threats,Solarwinds Cyber Attack,390,61,1,Yes,1,No,1,No,1,No,1,No,1,No,1,No,1,No,1,No,1,No,1,No,1,No,1,No,1,No,1,No,1,No,1,No,1,No,1,No,1,No,2,No,2,No,2,No,2,No,2,No,2,No,2,No,2,No,1,No,1,Yes,1,No,1,No,1,No,1,Yes,1,Yes,1,Yes,1,Yes,1,Yes,1,Yes,Page 1,,0,0
Glossary,https://www.fortinet.com/resources/cyberglossary/identity-theft,identity theft,Cyber Threats,Identity Theft,22200,89,5,No,42,No,55,No,54,No,40,No,49,No,58,No,56,No,9,No,9,No,5,No,10,No,14,No,8,No,5,No,3,No,9,No,19,No,11,No,10,No,16,No,32,No,20,No,11,No,21,No,15,No,15,No,15,No,17,No,13,No,1,No,11,No,7,No,5,No,3,No,7,No,7,No,14,No,28,No,Page 1,,-14,-23
Glossary,https://www.fortinet.com/resources/cyberglossary/sox-sarbanes-oxley-act,sox,Cyber Compliance,Sarbanes-Oxley Act,6600,65,1,No,6,Yes,7,No,6,No,2,Yes,7,Yes,11,No,8,No,6,No,6,No,5,No,8,No,8,No,2,No,2,No,2,No,2,No,1,No,4,No,3,No,56,No,3,No,2,No,1,No,5,No,4,No,4,No,5,No,5,No,3,Yes,9,Yes,19,Yes,17,Yes,18,No,17,No,17,No,20,No,-,No,-,No,Page 2,,#VALUE!,#VALUE!
Glossary,https://www.fortinet.com/resources/cyberglossary/ssl-certificate,SSL certificate,Cyber Security,SSL Certificate,14800,95,8,Yes,14,No,5,No,7,No,11,No,9,No,7,No,9,No,9,No,11,No,10,No,7,No,8,No,9,No,9,Yes,8,No,8,No,11,No,11,No,10,No,12,Yes,12,No,9,No,11,No,11,No,11,No,10,No,9,No,9,No,9,No,33,No,29,No,31,No,28,Yes,32,No,31,No,25,No,9,No,9,No,>Page 3,,0,-1
Glossary,https://www.fortinet.com/resources/cyberglossary/data-classification,"data classification
data classifications 
classification of data",Data Security,Data Classification,2400,42,13,No,11,Yes,11,Yes,14,No,8,No,10,No,7,No,8,No,9,No,9,No,7,No,4,No,8,Yes,15,No,17,No,14,No,13,No,15,No,17,No,17,No,14,No,14,No,15,No,14,No,15,No,15,No,15,No,14,No,13,No,13,No,20,Yes,20,No,20,No,19,No,12,No,14,No,18,No,18,No,16,No,Page 2,,2,-3
Glossary,https://www.fortinet.com/resources/cyberglossary/what-is-soar,SOAR meaning,Security Operations (SecOps),What Is SOAR,9900,45,8,No,7,No,7,No,7,No,8,No,7,No,8,No,7,No,7,No,7,No,7,No,4,No,6,No,7,No,7,No,6,No,7,No,5,No,7,No,7,No,9,No,9,No,7,No,6,Yes,4,No,5,No,5,No,5,Yes,4,Yes,4,No,2,No,2,No,2,No,2,No,4,No,2,No,2,No,4,No,3,No,Page 1,,1,5
Glossary,https://www.fortinet.com/resources/cyberglossary/mobile-security,mobile security,Access Control,What Is Mobile Security,2900,61,4,Yes,6,Yes,10,Yes,12,Yes,12,No,12,No,13,No,12,No,11,No,8,No,8,No,7,No,8,No,11,No,7,No,13,No,12,No,12,No,13,No,9,No,8,No,12,No,14,No,12,No,15,No,1,Yes,2,Yes,10,Yes,4,Yes,4,No,5,No,3,No,2,No,2,Yes,2,Yes,2,Yes,2,Yes,2,Yes,2,Yes,Page 1,,0,2
Glossary,https://www.fortinet.com/resources/cyberglossary/devsecops,What is devsecops,Cyber Security,Devsecops,9900,59,21,No,28,No,30,No,32,No,29,No,30,No,34,No,28,No,26,No,23,No,23,No,15,No,13,No,8,No,12,No,14,No,18,No,22,No,25,No,27,No,21,No,20,No,29,No,32,No,26,No,35,No,29,No,31,No,45,No,37,No,9,No,9,No,7,No,9,No,8,No,8,No,11,No,37,No,37,No,Page 1,,0,-16
Glossary,https://www.fortinet.com/resources/cyberglossary/dynamic-dns,dynamic dns,Cyber Security,Dynamic DNS,3600,57,8,No,10,No,8,No,6,No,7,No,4,No,7,No,6,No,7,No,9,No,2,Yes,6,No,8,No,9,No,8,No,8,No,9,No,9,No,10,No,9,No,10,No,10,No,11,No,9,No,10,No,9,No,9,Yes,9,No,10,No,9,No,2,No,2,No,9,No,8,No,7,No,7,No,9,No,9,No,7,No,Page 1,,2,1
Glossary,https://www.fortinet.com/resources/cyberglossary/infrastructure-as-code,infrastructure as code,Cloud Security,Infrastructure As Code,880,52,38,No,38,No,41,No,39,No,41,No,29,No,37,No,34,No,12,No,4,No,7,No,5,No,8,No,14,No,5,No,3,No,14,No,7,No,15,No,21,No,19,No,18,No,21,No,25,No,14,No,19,No,16,No,25,No,23,No,23,Yes,6,Yes,4,Yes,4,Yes,8,No,9,No,7,No,6,No,26,No,22,No,Page 1,,4,16
Glossary,https://www.fortinet.com/resources/cyberglossary/what-is-cyber-attack,cyber attack,Cyber Threats,What Is A Cyber Attack?,2900,61,3,No,7,No,6,No,1,No,10,No,6,No,4,No,5,No,4,No,4,No,2,No,2,No,1,No,1,No,1,No,1,No,1,No,1,No,1,No,2,No,1,No,1,No,1,No,1,No,1,No,2,No,5,No,3,No,3,No,2,Yes,6,Yes,6,Yes,6,Yes,6,No,6,No,6,No,6,No,3,No,3,No,Page 1,,0,0
Glossary,https://www.fortinet.com/resources/cyberglossary/multi-factor-authentication,multi-factor authentication,Access Control,Multi-Factor Authentication,6600,75,25,No,25,No,23,No,24,No,24,No,26,No,29,No,24,No,19,No,7,Yes,21,No,17,No,16,No,14,No,16,No,17,No,20,No,23,No,24,No,24,No,20,No,7,No,11,No,22,No,24,No,22,No,24,No,24,No,26,No,24,No,5,No,5,Yes,4,Yes,5,No,4,No,5,No,5,No,23,No,20,No,Page 1,,3,5
Glossary,https://www.fortinet.com/resources/cyberglossary/account-takeover,account takeover,Cyber Security,Account Takeover,1900,38,4,No,4,Yes,3,No,4,Yes,6,No,7,No,7,No,6,No,3,No,4,No,3,No,4,No,4,Yes,3,No,3,No,3,Yes,4,No,4,No,4,Yes,3,Yes,2,No,5,No,8,No,6,No,5,No,5,No,6,No,5,No,4,Yes,3,No,19,No,23,No,22,No,22,Yes,19,Yes,13,No,15,No,6,No,5,No,Page 3,,1,-1
Glossary,https://www.fortinet.com/resources/cyberglossary/colocation-data-center,,Cyber Security,Colocation Data Center,3600,44,2,Yes,2,Yes,3,No,2,No,1,Yes,1,Yes,1,Yes,1,Yes,1,Yes,1,No,1,No,1,Yes,1,Yes,1,Yes,1,Yes,1,Yes,1,Yes,1,Yes,1,Yes,1,Yes,1,Yes,1,Yes,1,Yes,1,No,1,No,1,No,1,No,1,No,1,No,1,No,1,No,1,No,1,No,1,No,1,No,1,No,1,No,1,No,1,No,Page 1,,0,1
Glossary,https://www.fortinet.com/resources/cyberglossary/cyber-espionage,cyber espionage,Cyber Threats,Cyber Espionage,880,40,6,No,6,No,6,No,6,No,7,No,3,No,8,No,8,No,5,No,3,No,5,No,6,No,2,No,5,No,6,No,5,No,6,No,7,No,8,No,8,No,8,No,8,No,9,No,9,No,9,No,9,No,9,No,9,No,10,No,10,No,10,No,11,Yes,12,No,10,No,7,No,13,No,16,No,9,No,9,No,Page 2,,0,-3
Glossary,https://www.fortinet.com/resources/cyberglossary/what-is-deception-technology,deception technology,Security Operations (SecOps),Deception Technology,390,25,3,No,2,No,3,No,3,No,3,No,3,No,4,No,3,No,4,No,4,No,4,No,3,No,4,No,2,No,2,No,2,No,2,No,2,No,2,No,2,No,1,No,1,No,1,No,1,No,1,Yes,1,Yes,1,Yes,1,Yes,1,Yes,1,No,1,No,1,No,1,No,1,Yes,1,Yes,1,Yes,1,Yes,1,Yes,1,Yes,Page 1,,0,2
Glossary,https://www.fortinet.com/resources/cyberglossary/dpi-deep-packet-inspection,What is DPI,Network Security,Deep Packet Inspection,1600,50,6,Yes,6,Yes,5,Yes,5,Yes,4,Yes,4,Yes,6,Yes,3,Yes,3,Yes,3,Yes,2,Yes,3,Yes,4,Yes,3,Yes,2,Yes,2,Yes,2,Yes,2,Yes,3,Yes,3,Yes,3,Yes,2,Yes,2,Yes,2,Yes,2,Yes,2,Yes,2,Yes,1,Yes,1,Yes,1,Yes,1,No,1,No,1,Yes,1,Yes,1,Yes,1,Yes,1,Yes,1,Yes,1,Yes,Page 1,,0,5
Glossary,https://www.fortinet.com/resources/cyberglossary/network-automation,network automation,Network Security,Network Automation,1900,41,4,No,6,Yes,9,Yes,8,Yes,7,No,5,No,5,No,5,No,5,No,2,No,5,No,6,No,5,No,4,No,4,No,5,No,5,Yes,5,No,5,No,5,Yes,5,Yes,7,Yes,12,No,12,No,11,No,9,Yes,10,Yes,10,No,11,No,9,No,2,No,2,No,3,No,3,No,3,No,2,No,2,No,8,No,7,No,Page 1,,1,-3
Glossary,https://www.fortinet.com/resources/cyberglossary/dns-leak,dns leak,Cyber Threats,DNS Leak,8100,69,5,No,5,No,5,No,5,No,6,No,6,No,6,No,6,No,5,No,5,No,5,No,4,No,6,No,7,No,6,No,7,No,6,No,6,No,6,No,7,No,6,No,6,No,6,No,6,Yes,6,No,7,No,6,No,7,No,7,No,6,Yes,2,Yes,2,Yes,3,Yes,5,No,6,No,5,Yes,6,Yes,8,No,6,No,Page 1,,2,-1
Glossary,https://www.fortinet.com/resources/cyberglossary/swatting,swatting,Cyber Threats,Swatting,18100,62,6,No,9,No,9,No,8,No,9,No,6,No,8,No,8,No,8,No,8,No,9,No,3,No,4,No,6,Yes,8,No,4,No,6,No,11,No,9,No,9,Yes,9,No,10,No,10,No,10,No,10,No,11,No,10,No,11,No,9,Yes,9,No,8,No,9,No,8,No,10,No,11,Yes,7,No,8,No,10,No,9,No,Page 1,,1,-3
Glossary,https://www.fortinet.com/resources/cyberglossary/what-is-honeypot,What is Honeypot,Cyber Security,What Is A Honeypot,3600,57,6,No,5,Yes,5,No,6,No,7,No,9,No,7,No,7,No,8,No,8,No,9,No,6,Yes,3,No,3,Yes,2,No,2,No,7,No,10,No,8,Yes,8,No,9,No,11,No,10,No,10,No,11,No,9,No,8,No,10,No,10,No,10,No,9,No,11,No,11,No,11,No,12,No,11,No,9,No,7,Yes,7,No,Page 2,,0,-1
Glossary,https://www.fortinet.com/resources/cyberglossary/data-breach,data breach,Data Security,What Is A Data Breach,6600,52,5,No,7,No,4,No,4,Yes,5,Yes,6,Yes,5,Yes,4,Yes,4,No,3,Yes,4,Yes,3,No,3,Yes,6,No,3,Yes,5,Yes,4,Yes,3,Yes,5,No,4,Yes,3,Yes,3,Yes,3,Yes,3,Yes,3,Yes,3,No,3,Yes,5,Yes,4,Yes,3,Yes,3,Yes,4,Yes,4,Yes,4,No,4,Yes,3,No,4,No,6,No,5,No,Page 1,,1,0
Glossary,https://www.fortinet.com/resources/cyberglossary/remote-access,remote access security,Access Control,What Is Remote Access,210,35,1,No,1,No,1,No,1,No,1,No,1,No,1,No,1,No,1,Yes,1,Yes,1,Yes,1,Yes,1,Yes,1,Yes,1,Yes,1,Yes,1,Yes,1,Yes,1,Yes,1,Yes,1,Yes,1,Yes,1,Yes,1,Yes,1,Yes,1,Yes,1,Yes,1,Yes,1,Yes,1,Yes,1,No,1,Yes,1,No,1,Yes,1,Yes,1,Yes,1,Yes,1,Yes,1,Yes,Page 1,,0,0
Glossary,https://www.fortinet.com/resources/cyberglossary/incident-response,incident response,Security Operations (SecOps),Incident Response,590,45,3,No,2,No,2,No,1,No,2,No,2,No,3,No,12,No,4,No,6,No,10,No,8,No,7,No,15,No,12,No,5,No,4,No,2,No,5,No,4,No,5,No,5,No,9,No,9,No,10,No,8,Yes,10,No,9,Yes,8,No,8,Yes,10,No,10,No,11,No,10,No,11,No,9,No,10,Yes,7,No,7,No,Page 2,,0,-4
Glossary,https://www.fortinet.com/resources/cyberglossary/most-notorious-attacks-in-the-history-of-cyber-warfare,history of cyber warfare,Cyber Threats,Cyber Warfare,2400,54,2,No,2,No,2,No,1,No,1,No,1,No,1,No,1,No,1,No,1,No,1,No,1,No,1,No,4,No,2,No,3,No,4,No,2,No,4,No,5,No,5,No,5,No,4,No,3,No,1,No,-,No,31,No,34,No,40,No,20,No,9,Yes,9,No,10,No,9,No,10,No,9,No,8,No,74,No,-,No,Page 1,,#VALUE!,#VALUE!
Glossary,https://www.fortinet.com/resources/cyberglossary/work-from-home-cybersecurity-risks,work from home cyber security,Cyber Threats,Remote Work Cyber Security Risks,40,40,6,No,5,No,7,No,2,No,7,No,8,No,8,No,8,No,8,No,3,No,3,No,3,No,5,No,5,No,4,No,5,No,4,No,4,No,4,No,4,No,4,No,-,No,-,No,-,No,-,No,1,Yes,1,Yes,1,Yes,1,Yes,1,No,1,No,1,No,1,No,1,No,1,No,1,No,1,No,1,No,1,No,Page 1,,0,5
Glossary,https://www.fortinet.com/resources/cyberglossary/deepfake,deepfake,Cyber Threats,What Is Deepfake,2400,72,3,No,3,No,3,No,1,Yes,2,Yes,3,No,4,No,3,No,3,No,2,Yes,6,No,3,No,5,No,4,No,3,No,5,Yes,4,Yes,6,Yes,4,No,5,No,5,No,6,Yes,7,No,6,Yes,4,Yes,4,Yes,5,Yes,6,No,9,Yes,8,No,29,No,33,No,44,No,43,No,46,No,29,Yes,21,No,10,No,8,No,>Page 3,,2,-5
Glossary,https://www.fortinet.com/resources/cyberglossary/critical-infrastructure-protection,critical infrastructure protection,OT Security,Critical Infrastructure Protection,4400,46,2,Yes,1,Yes,1,Yes,1,Yes,6,Yes,6,Yes,6,Yes,6,Yes,6,Yes,5,No,6,Yes,2,Yes,2,Yes,2,Yes,3,No,5,No,3,Yes,2,Yes,3,Yes,2,Yes,2,Yes,2,Yes,3,Yes,2,Yes,3,Yes,3,Yes,3,Yes,3,Yes,4,Yes,4,No,6,No,10,Yes,9,Yes,6,Yes,9,Yes,8,Yes,9,Yes,3,Yes,3,Yes,Page 1,,0,-1
Glossary,https://www.fortinet.com/resources/cyberglossary/watering-hole-attack,watering hole attack,Cyber Threats,Watering Hole Attack,1900,49,2,No,3,Yes,2,Yes,2,Yes,2,No,2,No,2,No,3,No,3,No,3,No,3,No,3,No,3,Yes,2,Yes,2,No,3,No,2,Yes,3,No,3,No,3,No,2,Yes,2,Yes,2,Yes,2,Yes,2,Yes,2,Yes,2,Yes,2,Yes,2,Yes,2,No,8,No,2,No,2,No,10,Yes,3,No,3,Yes,2,Yes,2,Yes,2,Yes,Page 1,,0,0
Glossary,https://www.fortinet.com/resources/cyberglossary/rootkit,rootkit,Cyber Threats,Rootkit,5400,51,3,No,2,Yes,2,No,4,No,4,No,3,No,3,No,2,No,3,Yes,3,No,2,Yes,3,No,2,No,2,Yes,2,Yes,2,No,2,Yes,3,Yes,3,Yes,3,No,2,Yes,3,No,3,No,2,Yes,2,Yes,2,Yes,2,No,3,No,2,Yes,2,No,12,No,13,No,14,No,13,No,12,No,14,No,11,Yes,3,No,3,No,Page 2,,0,0
Glossary,https://www.fortinet.com/resources/cyberglossary/oidc,oidc,Access Control,OIDC,9900,55,9,No,7,No,3,No,4,No,5,Yes,3,Yes,4,No,3,No,4,No,5,No,6,No,7,No,5,No,6,No,8,No,4,No,7,No,10,No,10,No,3,No,7,No,9,No,15,No,12,No,8,No,6,No,14,No,11,No,16,No,16,No,9,No,6,No,9,No,9,No,68,No,68,No,68,No,18,No,19,No,Page 1,,-1,-10
Glossary,https://www.fortinet.com/resources/cyberglossary/intrusion-detection-system,intrusion detection system,Network Security,Intrusion Detection System,5400,57,9,Yes,4,Yes,11,No,12,No,13,No,14,No,14,No,11,No,10,No,8,No,6,No,8,No,7,No,10,No,6,Yes,3,No,6,No,5,No,8,Yes,11,Yes,16,No,8,No,9,No,10,No,12,No,11,No,11,No,13,No,15,No,13,No,8,Yes,8,No,8,Yes,9,No,9,No,8,No,9,No,11,No,11,No,Page 1,,0,-2
Glossary,https://www.fortinet.com/resources/cyberglossary/heuristic-analysis,Heuristic Analysis,Cyber Security,Heuristic Analysis,720,44,4,No,8,No,3,No,8,No,2,No,6,Yes,3,Yes,1,Yes,3,Yes,9,Yes,6,Yes,6,Yes,3,Yes,6,Yes,2,No,8,No,6,No,3,No,6,No,6,No,4,No,7,No,6,No,5,No,6,No,6,No,6,No,8,No,7,No,5,No,2,No,6,No,7,No,5,No,3,No,7,No,7,No,7,No,6,No,Page 1,,1,-2
Glossary,https://www.fortinet.com/resources/cyberglossary/serverless-computing,serverless computing,Cloud Security,Serverless Computing,4400,71,10,No,10,No,11,No,12,No,13,No,13,No,12,No,11,No,11,No,10,No,13,No,9,No,12,No,12,No,9,No,3,No,12,No,13,No,13,No,13,No,12,No,3,No,14,No,13,No,16,No,14,No,15,No,19,No,27,No,23,No,8,No,9,No,8,No,9,No,9,No,10,No,7,No,30,No,27,No,Page 1,,3,-17
Glossary,https://www.fortinet.com/resources/cyberglossary/what-is-hacktivism,Hacktivism,Cyber Threats,Hacktivism,1900,49,2,No,2,No,3,Yes,2,No,3,No,4,No,4,No,3,No,2,No,3,No,3,Yes,3,Yes,3,Yes,3,Yes,2,Yes,6,Yes,2,Yes,2,Yes,3,Yes,2,Yes,3,Yes,2,Yes,5,Yes,3,Yes,5,Yes,5,Yes,4,Yes,4,No,5,No,3,No,5,No,12,No,14,No,15,No,11,No,11,Yes,15,Yes,2,Yes,2,Yes,Page 2,,0,0
Glossary,https://www.fortinet.com/resources/cyberglossary/types-of-phishing-attacks,types of phishing attacks,Cyber Threats,Types Of Phishing Attacks,1000,44,1,No,1,No,1,No,1,No,1,No,1,Yes,1,Yes,1,Yes,1,Yes,1,Yes,1,Yes,1,Yes,1,Yes,1,Yes,1,Yes,1,Yes,1,Yes,2,Yes,1,Yes,1,Yes,1,Yes,1,Yes,1,No,1,No,1,No,1,No,1,No,1,No,1,No,1,Yes,1,No,,No,3,Yes,4,No,3,No,3,No,2,No,2,Yes,1,Yes,Page 1,,1,0
Glossary,https://www.fortinet.com/resources/cyberglossary/election-security,election security,Cyber Threats,Election Security,880,57,7,No,7,No,6,No,7,No,7,No,9,No,8,No,9,No,9,No,9,No,8,No,7,No,9,No,7,No,9,No,9,No,8,No,3,No,6,No,6,No,6,No,8,No,7,No,8,No,7,No,8,No,8,No,9,No,9,No,9,No,10,No,9,No,9,Yes,11,No,12,No,8,No,10,No,9,No,9,No,Page 1,,0,-2
Glossary,https://www.fortinet.com/resources/cyberglossary/what-is-arp,arp,Cyber Threats,ARP,90500,63,7,No,6,No,6,No,6,No,6,No,5,No,4,Yes,5,Yes,5,Yes,5,No,5,No,4,Yes,4,No,6,Yes,5,No,4,No,6,No,6,No,6,No,5,No,5,No,6,Yes,5,No,6,No,6,Yes,7,Yes,6,Yes,6,Yes,6,No,6,Yes,3,No,3,Yes,2,Yes,4,No,4,Yes,4,No,4,No,6,No,6,Yes,Page 1,,0,1
Glossary,https://www.fortinet.com/resources/cyberglossary/supply-chain-attacks,supply chain attacks,Cyber Threats,Supply Chain Attacks,720,52,10,No,9,No,10,No,11,No,11,No,11,No,11,No,11,No,8,No,6,No,9,No,8,No,8,No,9,No,11,No,10,No,11,No,13,No,13,No,13,No,20,No,15,No,19,No,18,No,23,No,19,No,19,No,20,No,21,No,21,Yes,4,Yes,5,No,5,No,5,No,6,No,4,No,4,No,16,No,15,No,Page 1,,1,-5
Glossary,https://www.fortinet.com/resources/cyberglossary/email-security-best-practices,email security best practices,Email Security,Emailsecurity Best Practices,590,15,7,No,10,No,9,No,6,No,9,Yes,10,Yes,10,Yes,2,Yes,3,Yes,3,Yes,2,Yes,2,Yes,2,Yes,3,Yes,2,Yes,4,Yes,1,Yes,1,Yes,1,Yes,1,Yes,1,Yes,1,Yes,1,Yes,1,Yes,1,Yes,1,No,1,No,1,No,1,No,1,No,1,No,1,No,1,No,1,No,1,No,1,No,1,No,1,No,1,No,Page 1,,0,6
Glossary,https://www.fortinet.com/resources/cyberglossary/whitehat-security,whitehat security,Cyber Security,White Hat Hacking,4400,48,4,No,2,No,4,No,5,No,6,Yes,2,Yes,2,Yes,2,Yes,2,Yes,4,No,5,No,5,Yes,4,No,2,Yes,4,No,2,No,2,Yes,2,Yes,5,No,5,No,4,No,5,No,4,Yes,4,No,3,Yes,3,No,5,No,3,No,4,No,3,No,5,No,3,No,10,No,10,No,10,No,10,No,10,No,3,No,3,No,Page 1,,0,1
Glossary,https://www.fortinet.com/resources/cyberglossary/ddos-attack,DDoS attack,Cyber Threats,What Is DDOS Attack,2900,73,7,No,8,No,8,No,6,No,9,No,9,No,8,No,5,No,8,No,2,Yes,2,No,6,No,3,No,2,Yes,3,Yes,2,Yes,4,Yes,4,Yes,6,Yes,11,No,8,Yes,6,No,5,Yes,7,Yes,7,No,5,Yes,6,No,12,No,26,No,11,No,12,No,9,No,23,No,22,Yes,14,Yes,12,No,17,Yes,6,No,7,No,Page 3,,-1,0
Glossary,https://www.fortinet.com/resources/cyberglossary/recent-cyber-attacks,recent cyber attacks,Cyber Security,Recent Cyber Attacks,3600,61,6,No,8,Yes,8,Yes,4,No,6,No,3,No,4,No,3,No,2,No,3,No,3,No,3,No,3,Yes,2,No,2,No,2,Yes,1,No,1,Yes,1,Yes,1,Yes,1,No,1,No,1,No,1,No,1,No,1,No,1,No,1,No,1,No,1,No,1,No,1,Yes,2,No,29,No,28,No,31,No,27,No,2,No,2,Yes,Page 1,,0,4
Glossary,https://www.fortinet.com/resources/cyberglossary/remote-access-vpn,remote access vpn,VPN,Remote Access VPN,5400,60,4,Yes,4,Yes,2,Yes,6,Yes,7,Yes,9,No,6,No,2,Yes,3,Yes,3,Yes,2,Yes,2,Yes,4,No,16,No,3,No,2,No,2,Yes,2,No,2,Yes,3,No,3,No,2,Yes,2,Yes,3,No,3,Yes,2,Yes,2,Yes,2,Yes,3,Yes,3,No,7,Yes,12,Yes,4,No,12,Yes,11,Yes,9,Yes,7,Yes,7,Yes,3,Yes,Page 1,,4,1
Glossary,https://www.fortinet.com/resources/cyberglossary/fisma-and-fisma-compliance,fisma,Cyber Compliance,Fisma,6600,57,6,Yes,3,Yes,5,Yes,2,Yes,2,Yes,2,Yes,5,Yes,3,Yes,4,Yes,6,No,7,No,6,Yes,6,No,3,No,9,No,8,No,6,No,8,No,7,No,7,No,8,No,8,No,8,No,8,No,8,No,8,No,8,No,8,No,6,No,3,No,8,No,9,No,8,No,8,No,1,No,1,No,1,Yes,8,No,5,Yes,Page 1,,3,1
Glossary,https://www.fortinet.com/resources/cyberglossary/how-to-detect-keylogger-on-phone,how to detect keylogger,Cyber Threats,How To Detect Keylogger,320,39,9,No,11,No,10,No,9,No,7,No,11,No,9,No,9,No,9,No,9,No,5,No,4,No,9,No,10,No,6,No,3,No,7,No,12,No,10,No,11,No,11,No,7,No,7,No,2,No,9,No,11,No,7,No,7,No,11,No,10,No,19,No,22,No,23,No,28,No,23,No,25,No,29,No,12,No,8,No,Page 3,,4,1
Glossary,https://www.fortinet.com/resources/cyberglossary/network-segmentation,network segmentation,Network Security,Network Segmentation,2900,45,12,Yes,10,No,11,Yes,9,Yes,10,Yes,14,No,13,No,8,No,7,No,8,No,3,Yes,4,No,6,Yes,8,No,7,No,2,No,5,No,6,Yes,3,Yes,3,No,3,Yes,5,Yes,6,Yes,7,No,8,Yes,7,Yes,3,Yes,6,No,5,Yes,5,Yes,2,Yes,2,No,2,Yes,2,Yes,3,Yes,3,No,2,No,6,No,6,No,Page 1,,0,6
Glossary,https://www.fortinet.com/resources/cyberglossary/what-is-an-ips,Whats is IPS,Network Security,Intrusion Prevention System,9900,65,16,No,15,No,15,No,14,No,17,Yes,18,No,11,No,8,No,6,Yes,7,No,6,No,6,No,6,No,8,Yes,9,No,7,Yes,7,Yes,7,Yes,7,Yes,8,Yes,6,Yes,6,No,8,Yes,7,Yes,10,Yes,11,Yes,11,Yes,12,No,11,Yes,9,Yes,3,Yes,4,No,6,No,2,No,3,No,4,No,2,No,10,No,9,No,Page 1,,1,7
Glossary,https://www.fortinet.com/resources/cyberglossary/what-is-siem,What is SIEM,Security Operations (SecOps),SIEM,2900,58,19,No,16,No,13,No,15,No,15,No,14,No,19,No,13,No,5,No,9,No,5,Yes,6,No,9,No,8,No,10,No,8,No,8,No,10,No,10,No,10,No,11,No,11,No,11,No,11,No,16,No,30,No,37,No,16,No,40,No,36,Yes,10,Yes,10,No,6,No,7,No,10,No,9,No,9,No,19,No,27,No,Page 1,,-8,-8
Glossary,https://www.fortinet.com/resources/cyberglossary/what-is-XDR,XDR,Endpoint Security,XDR,6600,58,10,No,9,No,9,No,5,Yes,9,No,11,No,15,No,13,No,15,No,9,No,6,No,7,No,6,Yes,12,No,5,No,5,Yes,7,No,7,No,5,No,6,No,7,Yes,8,No,8,No,7,No,5,No,6,No,11,No,11,No,13,Yes,12,No,11,No,11,No,11,No,9,Yes,9,No,11,Yes,5,Yes,7,Yes,7,No,Page 2,,0,3
Glossary,https://www.fortinet.com/resources/cyberglossary/vpn-routers,vpn routers,VPN,VPN Routers,480,36,6,No,7,No,8,No,2,No,5,No,5,No,4,No,2,No,4,No,3,No,3,No,7,No,7,No,8,No,8,No,7,No,5,No,5,No,5,No,5,No,7,No,3,No,4,No,3,No,7,No,5,No,6,No,7,No,7,No,7,No,7,No,8,No,8,No,10,Yes,9,Yes,8,Yes,9,Yes,4,Yes,2,Yes,Page 1,,2,4
Glossary,https://www.fortinet.com/resources/cyberglossary/clickjacking,clickjacking,Cyber Threats,Clickjacking,1600,48,6,No,9,No,11,No,11,No,10,No,10,No,11,No,9,No,9,No,10,No,8,No,8,No,10,No,6,Yes,9,No,5,No,8,No,10,No,10,No,11,No,12,No,11,No,11,No,12,No,11,No,11,No,11,No,12,No,13,No,12,No,11,Yes,12,No,13,No,11,No,15,No,13,No,12,No,12,No,12,No,Page 2,,0,-6
Glossary,https://www.fortinet.com/resources/cyberglossary/byod,byod policy,Cyber Security,Bring Your Own Device,2400,59,6,Yes,5,Yes,10,No,7,No,7,No,8,No,11,No,9,No,6,No,7,No,8,No,7,No,8,Yes,8,No,7,No,9,No,8,No,9,No,11,No,10,No,13,No,24,No,23,No,30,No,17,No,48,No,10,No,5,Yes,21,No,13,No,28,No,27,No,28,No,28,No,26,No,25,No,26,No,68,No,6,No,Page 3,,62,0
Glossary,https://www.fortinet.com/resources/cyberglossary/cross-site-scripting,Cross site scripting,Cyber Threats,Cross Site Scripting,5400,71,6,No,6,No,6,No,5,No,6,No,6,No,7,No,6,No,4,No,3,No,6,No,3,Yes,7,No,7,No,5,No,9,Yes,7,No,6,No,6,No,6,No,6,No,5,Yes,6,No,6,No,6,No,7,No,6,No,6,Yes,6,No,6,No,10,No,20,No,14,Yes,9,Yes,27,Yes,17,No,21,No,9,No,9,No,Page 2,,0,-3
Glossary,https://www.fortinet.com/resources/cyberglossary/fast-flux-networks,fast flux ,Cyber Threats,Fast Flux Networks,20,50,2,No,2,No,2,No,1,No,2,No,2,No,2,No,2,No,2,No,3,No,2,No,1,No,2,No,2,No,2,No,5,No,2,No,2,No,2,No,2,No,2,No,2,No,2,No,2,No,2,No,2,No,3,No,3,No,3,No,2,No,12,No,12,No,12,No,12,No,12,No,12,No,12,No,3,No,2,No,Page 2,,1,0
Glossary,https://www.fortinet.com/resources/cyberglossary/phishing,Whats is Phishing,Cyber Threats,Phishing,49500,98,13,No,7,No,8,No,15,No,9,No,12,No,17,No,9,No,14,No,10,No,11,Yes,10,No,7,No,7,No,11,No,8,No,8,No,10,No,10,No,9,No,5,No,11,No,9,No,9,No,9,No,7,No,9,No,8,Yes,9,No,8,No,22,No,19,No,15,No,32,No,35,No,29,No,30,No,8,No,7,No,Page 2,,1,6
Glossary,https://www.fortinet.com/resources/cyberglossary/malware,malware,Cyber Threats,Malware,40500,84,8,No,8,No,8,No,8,No,9,No,10,No,9,No,9,No,6,No,6,No,8,No,6,No,8,No,9,No,9,No,17,No,7,No,5,No,9,No,11,No,9,No,4,No,7,No,12,No,9,No,10,No,12,No,9,No,9,No,6,No,7,No,9,No,8,No,9,No,10,No,10,No,11,No,19,No,13,No,Page 1,,6,-5
Glossary,https://www.fortinet.com/resources/cyberglossary/unified-endpoint-management-uem,,Endpoint Security,Unified Endpoint Management,1300,43,8,No,9,No,13,No,12,No,11,No,14,No,13,No,9,No,5,No,5,No,5,No,6,No,6,No,5,No,4,No,5,No,4,No,3,No,4,No,4,No,4,No,3,No,6,No,4,No,4,No,3,No,2,No,3,No,3,Yes,3,No,5,No,8,No,4,No,5,Yes,3,Yes,4,Yes,2,Yes,2,Yes,3,Yes,Page 1,,-1,5
Glossary,https://www.fortinet.com/resources/cyberglossary/man-in-the-middle-attack,Man in the Middle Attack,Cyber Threats,Man In The Middle Attack,5400,71,11,No,11,No,10,No,11,No,12,No,12,No,13,No,9,No,6,No,6,No,6,No,6,No,5,No,4,No,6,No,8,No,8,No,6,Yes,6,No,8,No,8,No,7,No,9,No,9,No,12,No,11,No,11,No,11,No,11,No,9,No,24,No,23,No,26,No,27,No,25,No,26,Yes,29,No,8,Yes,7,No,Page 3,,1,4
Glossary,https://www.fortinet.com/resources/cyberglossary/cyber-insurance,cyber insurance,Cyber Security,Cyber Insurance,9900,61,4,No,4,Yes,4,No,3,No,2,Yes,3,Yes,3,No,3,Yes,3,No,3,No,4,No,3,Yes,3,Yes,2,Yes,2,Yes,6,Yes,2,No,2,Yes,3,No,2,No,2,Yes,3,Yes,2,No,2,Yes,3,Yes,2,Yes,2,Yes,2,Yes,3,Yes,3,No,4,No,7,No,2,No,2,No,2,Yes,2,No,2,No,4,Yes,3,Yes,Page 1,,1,1
Glossary,https://www.fortinet.com/resources/cyberglossary/bloatware,bloatware,Cyber Threats,Bloatware,4400,51,3,No,2,Yes,2,Yes,1,Yes,2,Yes,2,Yes,1,Yes,1,Yes,2,Yes,3,No,3,No,2,No,2,Yes,2,No,2,No,3,Yes,3,Yes,2,Yes,4,Yes,3,No,3,Yes,3,Yes,5,Yes,4,No,3,Yes,4,No,4,No,3,Yes,3,Yes,3,No,29,No,30,No,32,No,29,Yes,30,Yes,30,Yes,29,Yes,5,Yes,3,Yes,>Page 3,,2,0
Glossary,https://www.fortinet.com/resources/cyberglossary/two-factor-authentication,two factor authentication,Access Control,What Is Two Factor Authentication,6600,72,9,No,10,No,9,No,9,No,12,No,11,No,9,No,10,No,10,No,9,No,10,No,10,No,10,No,8,No,9,No,9,No,11,No,10,No,10,No,11,No,10,No,9,No,10,No,11,No,10,No,10,No,10,No,10,No,11,No,8,Yes,4,Yes,4,Yes,3,No,4,No,4,No,5,No,7,No,11,No,10,No,Page 1,,1,-1
Glossary,https://www.fortinet.com/resources/cyberglossary/black-hat-security,blackhat security,Cyber Threats,Black Hat Security,110,52,6,No,7,No,6,No,8,No,8,No,8,No,8,No,4,No,5,No,5,No,5,No,5,No,5,No,4,No,7,No,5,No,7,No,7,No,6,No,6,No,11,No,15,No,15,No,15,No,15,No,5,No,11,No,11,No,11,No,11,Yes,11,Yes,6,Yes,9,No,9,No,9,No,9,No,10,No,12,No,4,No,Page 1,,8,2
Glossary,https://www.fortinet.com/resources/cyberglossary/dynamic-host-configuration-protocol-dhcp,what is dhcp,Network Security,DHCP,8100,47,6,No,6,No,7,No,8,No,8,No,8,No,9,No,8,No,5,No,6,No,3,No,4,No,4,No,5,No,5,Yes,2,Yes,6,Yes,4,Yes,5,Yes,5,Yes,6,No,4,No,5,No,5,Yes,4,Yes,8,No,9,No,5,No,11,No,9,Yes,12,Yes,11,Yes,8,Yes,11,No,9,No,9,No,16,No,7,No,8,No,Page 1,,-1,-2
Glossary,https://www.fortinet.com/resources/cyberglossary/what-is-machine-learning,machine learning,Cyber Security,Machine Learning,60500,93,1,No,6,No,2,No,1,No,1,No,1,No,1,No,1,No,1,No,5,No,10,No,1,No,1,No,2,No,7,No,3,No,1,No,1,No,1,No,1,No,1,No,1,No,1,No,1,No,-,No,-,No,-,No,-,No,-,No,-,No,-,No,-,No,-,No,1,No,1,No,1,No,1,No,1,No,1,No,Not Ranking,,0,0
Glossary,https://www.fortinet.com/resources/cyberglossary/cyber-threat-intelligence,cyber threat intelligence,Cyber Threats,Cyber Threat Intelligence,3600,52,14,No,15,No,18,No,15,No,19,No,19,No,20,No,19,No,13,No,13,No,10,No,7,No,8,No,11,No,12,No,7,No,19,No,16,No,20,No,19,No,14,No,8,No,13,No,18,No,19,No,23,No,26,No,28,No,25,No,24,No,3,No,3,No,4,Yes,3,No,3,No,2,No,3,No,26,No,20,No,Page 1,,6,-6
Glossary,https://www.fortinet.com/resources/cyberglossary/what-is-a-qr-code,what is a qr code,Cyber Security,What Is A Qr Code,5400,48,2,Yes,2,No,2,No,2,No,2,Yes,2,Yes,2,Yes,2,Yes,2,Yes,2,Yes,3,Yes,4,No,3,No,3,No,3,Yes,2,Yes,4,No,3,No,2,Yes,2,Yes,2,Yes,2,Yes,2,No,2,Yes,2,Yes,2,Yes,2,Yes,2,Yes,2,No,2,Yes,3,Yes,3,Yes,2,Yes,2,Yes,3,Yes,2,Yes,2,Yes,3,Yes,3,Yes,Page 1,,0,-1
Glossary,https://www.fortinet.com/resources/cyberglossary/simple-network-management-protocol,simple network management protocol,Network Security,Simple Network Management Protocol,4400,38,4,No,5,Yes,6,No,6,No,6,No,4,No,5,No,6,No,4,No,4,Yes,3,No,4,No,3,No,3,No,3,No,2,Yes,2,No,2,No,3,No,4,No,3,No,4,No,4,No,4,No,4,No,4,No,4,No,4,No,4,No,3,No,3,No,4,No,6,No,2,Yes,3,No,4,No,2,Yes,3,Yes,3,Yes,Page 1,,0,1
Glossary,https://www.fortinet.com/resources/cyberglossary/federated-identity,federated identity,Access Control,Federated Identity,880,49,14,No,13,No,10,No,6,No,8,No,9,No,7,Yes,8,Yes,9,Yes,7,Yes,8,Yes,6,Yes,4,Yes,5,Yes,7,Yes,5,No,9,No,8,No,9,No,7,No,5,No,8,No,7,No,3,Yes,7,Yes,10,Yes,9,Yes,10,Yes,10,Yes,10,Yes,13,Yes,14,No,19,No,15,No,14,No,15,No,12,No,8,No,7,No,Page 2,,1,7
Glossary,https://www.fortinet.com/resources/cyberglossary/ransomware,ransomware,Cyber Threats,Ransomware,33100,84,7,No,6,No,6,No,7,No,5,No,4,No,6,No,6,No,6,No,7,No,6,No,5,No,5,No,5,No,6,Yes,5,No,4,Yes,2,Yes,3,Yes,6,Yes,6,No,7,No,8,No,6,No,8,No,8,No,7,No,8,No,8,No,8,No,9,No,7,No,11,No,11,No,10,Yes,16,No,13,No,8,No,9,No,Page 2,,-1,-2
Glossary,https://www.fortinet.com/resources/cyberglossary/what-is-soc,SOC,Security Operations (SecOps),SOC,40500,73,9,No,8,No,11,No,7,No,5,No,6,No,11,No,8,No,6,No,10,No,10,No,7,No,7,No,7,No,4,Yes,6,Yes,4,No,7,No,17,No,10,No,16,No,16,Yes,17,No,6,No,8,No,14,No,8,No,6,No,16,No,13,No,3,Yes,2,Yes,5,No,4,Yes,4,No,2,No,3,No,18,No,18,No,Page 1,,0,-9
Glossary,https://www.fortinet.com/resources/cyberglossary/wannacry-ransomware-attack,WannaCry,Cyber Threats,Wannacry,4400,68,8,No,7,No,7,No,7,No,8,No,9,No,8,No,8,No,8,No,9,No,9,No,6,No,7,No,8,No,7,No,12,No,12,No,11,No,12,No,11,No,8,No,12,No,11,No,12,No,15,No,14,No,11,No,12,No,12,No,11,No,6,No,5,No,6,No,5,No,6,No,6,No,5,No,13,No,12,No,Page 1,,1,-4
Glossary,https://www.fortinet.com/resources/cyberglossary/ci-cd-pipeline,,Cyber Security,CI/CD Pipelines,3600,57,25,No,19,No,19,No,19,No,20,No,17,No,16,No,15,No,9,No,6,No,4,No,3,No,5,No,3,Yes,3,No,3,No,3,No,3,No,23,No,11,No,14,No,2,No,10,No,5,No,2,No,2,No,2,No,2,No,14,No,13,No,12,No,12,No,11,No,11,No,12,No,12,No,12,No,23,No,67,No,Page 2,,-44,-42
Glossary,https://www.fortinet.com/resources/cyberglossary/how-to-pick-a-work-from-home-wi-fi-router,how to pick a wifi router ,Network Security,How To Pick A Wifi Router,90,38,9,No,9,No,11,No,1,No,10,No,5,No,5,No,5,No,5,No,5,No,9,No,11,No,6,No,6,No,8,No,9,No,7,No,10,No,11,No,8,No,7,No,10,No,8,No,8,No,8,No,8,No,8,No,8,No,8,No,8,No,10,No,14,No,7,No,7,No,15,No,10,No,7,No,7,No,5,No,Page 1,,2,4
Glossary,https://www.fortinet.com/resources/cyberglossary/mitre-attck,MITRE att ck,Network Security,Mitre ATT&CK,5400,56,12,No,10,No,9,No,10,No,10,No,9,No,14,No,11,No,12,No,10,No,13,No,15,No,8,No,7,No,7,No,6,No,11,No,13,No,16,No,15,No,16,No,15,No,22,No,24,No,21,No,27,No,26,No,21,No,21,No,21,No,20,No,20,No,25,No,26,No,25,No,26,No,29,No,31,No,27,No,Page 3,,4,-15
Glossary,https://www.fortinet.com/resources/cyberglossary/what-is-5g,5g,Network Security,What Is 5G?,135000,68,9,No,9,No,9,No,9,No,11,No,10,No,7,No,4,No,3,No,2,No,2,No,5,No,7,No,7,No,6,No,7,No,3,No,1,No,1,No,2,No,4,No,2,No,5,No,8,No,6,No,6,No,8,No,8,No,7,No,6,No,16,No,17,No,17,No,15,No,15,No,15,No,18,No,10,No,7,No,Page 2,,3,2
Glossary,https://www.fortinet.com/resources/cyberglossary/virtual-desktop-infrastructure-vdi,Virtual Desktop Infrastructure,Cyber Security,Virtual Desktop Infrastructure,1900,40,6,No,6,Yes,7,Yes,17,No,20,No,10,No,19,No,15,No,15,No,23,No,19,No,16,No,19,No,15,No,9,No,9,No,19,No,21,No,27,No,28,No,22,No,22,Yes,25,No,24,No,20,No,27,No,31,No,29,No,31,No,24,No,7,No,7,No,6,No,5,No,2,No,18,No,15,No,29,No,28,No,Page 1,,1,-22
Glossary,https://www.fortinet.com/resources/cyberglossary/what-is-a-vpn,What is a VPN,VPN,What Is A VPN,165000,81,11,No,12,No,11,No,11,No,9,No,10,No,8,Yes,8,No,7,No,9,No,9,No,6,No,8,No,7,No,7,No,7,No,6,No,6,No,6,No,6,Yes,4,Yes,3,No,3,Yes,4,No,3,Yes,2,Yes,2,Yes,4,Yes,4,No,4,No,20,No,23,No,24,No,26,Yes,26,No,27,Yes,29,Yes,7,No,6,No,Page 3,,1,5
Glossary,https://www.fortinet.com/resources/cyberglossary/fabric-of-security,fabric of security,Cyber Security,Fabric Of Security,40,31,2,No,1,No,1,No,1,No,2,No,2,No,2,No,2,No,2,No,2,No,2,No,2,No,2,No,2,No,2,No,2,No,3,No,3,No,1,No,1,No,1,No,1,No,1,No,1,No,1,Yes,1,Yes,1,Yes,1,Yes,1,Yes,1,Yes,1,Yes,1,Yes,1,Yes,1,No,1,No,1,No,1,No,1,No,1,No,Page 1,,0,1
Glossary,https://www.fortinet.com/resources/cyberglossary/what-is-ndr,What is ndr,Security Operations (SecOps),Network Detection And Response,1300,33,20,No,14,No,14,No,17,No,15,Yes,13,Yes,9,Yes,9,Yes,4,Yes,4,Yes,3,Yes,2,Yes,4,No,2,No,4,No,4,No,2,No,2,No,3,No,3,No,3,Yes,2,Yes,2,Yes,3,Yes,2,Yes,10,Yes,9,Yes,2,Yes,15,Yes,11,Yes,5,Yes,7,Yes,6,Yes,6,Yes,5,Yes,4,Yes,5,Yes,13,No,12,No,Page 1,,1,8
Glossary,https://www.fortinet.com/resources/cyberglossary/cyber-physical-systems,Cyber Physical Systems,OT Security,Cyber Physical Systems,1300,50,5,No,3,No,3,No,4,No,5,No,2,No,4,No,4,No,4,No,5,No,2,No,4,No,4,No,3,No,3,No,4,No,4,No,5,No,3,No,6,No,5,No,4,No,4,No,7,No,7,No,4,No,6,No,6,No,5,No,3,Yes,3,Yes,2,Yes,5,No,6,Yes,5,Yes,4,Yes,3,Yes,3,Yes,3,Yes,Page 1,,0,2
Glossary,https://www.fortinet.com/resources/cyberglossary/purdue-model,purdue model for ics security,OT Security,Purdue Model,70,34,5,No,5,No,2,No,3,No,3,No,3,No,3,No,3,No,3,No,2,No,2,No,2,No,2,No,3,No,2,No,2,No,2,No,2,Yes,3,Yes,2,Yes,2,Yes,3,Yes,3,Yes,2,Yes,2,Yes,2,Yes,3,Yes,2,Yes,3,Yes,2,No,21,Yes,25,No,33,No,33,No,30,No,31,No,30,No,2,No,3,No,>Page 3,,-1,2
Glossary,https://www.fortinet.com/resources/cyberglossary/what-is-air-gap,What is air gap,AI Security,What Is Air Gap,210,50,11,Yes,11,No,11,No,3,No,8,No,8,No,8,No,8,No,8,No,7,No,7,Yes,7,Yes,7,Yes,7,Yes,11,Yes,9,Yes,11,Yes,7,Yes,8,No,9,No,9,No,9,No,9,No,6,No,4,No,14,No,13,No,13,No,13,No,13,Yes,13,No,15,No,16,No,13,No,16,No,11,No,4,No,11,No,9,No,Page 2,,2,2
Glossary,https://www.fortinet.com/resources/cyberglossary/malware-protection,malware protection,Cyber Threats,Malware Protection,1830000,62,25,No,18,No,16,No,21,No,29,No,21,No,16,No,15,No,11,No,11,No,9,No,7,No,5,No,9,No,11,No,9,No,10,No,10,No,10,No,9,No,9,No,9,No,10,No,11,Yes,10,No,10,Yes,11,No,17,No,14,Yes,12,No,10,No,8,No,13,No,12,No,13,No,12,No,11,Yes,12,Yes,13,No,Page 2,,-1,12
Glossary,https://www.fortinet.com/resources/cyberglossary/browser-security,,Endpoint Security,Browser Security,1000,50,7,No,11,No,11,No,14,No,16,No,8,No,10,No,7,No,8,No,8,No,9,No,5,No,4,No,6,No,4,No,6,No,3,No,5,No,6,No,5,No,8,No,7,No,6,No,3,No,6,No,6,No,6,No,12,No,9,No,7,No,9,No,7,No,11,No,11,No,8,No,16,No,14,No,14,No,14,No,Page 2,,0,-7
Glossary,https://www.fortinet.com/resources/cyberglossary/types-of-malware,,Cyber Threats,Types Of Malware,2900,43,7,No,3,No,6,No,7,No,8,No,9,No,2,No,4,No,2,Yes,2,Yes,3,No,4,Yes,2,Yes,2,Yes,2,Yes,2,Yes,3,No,2,Yes,2,Yes,2,Yes,4,Yes,4,No,2,Yes,3,Yes,3,No,2,Yes,2,Yes,4,No,4,No,3,No,11,Yes,11,No,13,No,8,No,16,No,28,No,28,Yes,3,Yes,3,Yes,Page 2,,0,4
Glossary,https://www.fortinet.com/resources/cyberglossary/identity-as-a-service,,Endpoint Security,Identity As A Service,880,26,18,Yes,15,Yes,9,Yes,15,Yes,13,Yes,13,Yes,13,Yes,13,Yes,11,Yes,9,No,10,No,4,No,8,No,11,No,12,No,10,No,8,No,13,No,13,No,14,No,14,No,16,No,17,No,15,No,14,No,13,No,15,No,13,No,12,No,12,Yes,2,Yes,2,No,1,No,11,No,8,No,5,No,4,No,13,No,12,No,Page 1,,1,6
Glossary,https://www.fortinet.com/resources/cyberglossary/dfir,,Network Security,DFIR,2900,41,16,Yes,9,No,11,No,14,No,16,No,25,No,17,No,18,No,2,No,2,No,3,No,3,No,3,Yes,2,No,4,No,14,No,5,No,4,No,5,No,9,No,13,No,10,No,13,No,5,No,5,No,7,No,6,No,6,No,14,No,11,No,11,No,13,No,10,No,14,Yes,12,No,11,No,12,No,6,No,5,No,Page 1,,1,11
Glossary,https://www.fortinet.com/resources/cyberglossary/application-performance-monitoring,,Network Security,Application Performance Monitoring,6600,54,10,No,19,No,24,No,19,No,11,Yes,21,No,16,No,16,No,13,No,11,No,10,No,6,Yes,9,No,10,No,8,No,3,No,14,No,12,No,13,No,13,No,13,No,15,No,9,No,11,No,14,No,12,No,15,No,17,No,17,No,17,Yes,6,Yes,6,No,7,No,7,No,8,No,5,No,5,No,24,No,18,No,Page 1,,6,-8
Glossary,https://www.fortinet.com/resources/cyberglossary/soc1-compliance,,Cyber Security,Soc 1 Compliance,590,21,1,Yes,1,Yes,1,Yes,1,Yes,1,Yes,1,Yes,1,Yes,1,Yes,1,Yes,1,Yes,1,Yes,1,Yes,1,Yes,1,Yes,1,Yes,1,Yes,1,Yes,1,Yes,1,Yes,1,Yes,1,Yes,1,Yes,1,Yes,1,Yes,1,Yes,1,Yes,1,Yes,1,Yes,1,Yes,1,Yes,1,Yes,1,Yes,1,Yes,1,Yes,1,Yes,1,Yes,1,Yes,1,Yes,1,Yes,Page 1,,0,0
Glossary,https://www.fortinet.com/resources/cyberglossary/security-audit,,Cyber Compliance,Security Audit,1300,36,2,No,2,No,2,No,12,Yes,12,Yes,12,Yes,11,Yes,9,No,5,No,3,No,3,No,5,No,3,No,8,No,6,No,5,No,4,Yes,3,Yes,4,Yes,3,Yes,5,Yes,4,Yes,6,Yes,5,Yes,6,Yes,5,Yes,6,Yes,9,Yes,7,Yes,7,No,40,No,46,No,53,No,60,Yes,60,Yes,60,Yes,63,Yes,4,Yes,4,Yes,>Page 3,,0,-2
Glossary,https://www.fortinet.com/resources/cyberglossary/web-application-security,,Security Operations (SecOps),Web Application Security,1900,35,18,No,14,No,19,No,35,No,18,No,16,No,16,No,16,No,12,No,9,No,3,Yes,5,Yes,8,No,4,No,6,Yes,2,Yes,7,No,8,No,10,No,21,No,14,No,20,No,8,Yes,10,Yes,5,Yes,5,Yes,5,Yes,26,Yes,27,No,26,Yes,6,Yes,2,Yes,6,Yes,5,No,9,No,7,No,11,No,25,No,28,No,Page 1,,-3,-10
Glossary,https://www.fortinet.com/resources/cyberglossary/server-virtualization,,Network Security,Server Virtualization,1600,37,4,Yes,6,Yes,4,Yes,7,Yes,2,Yes,4,No,10,No,6,No,4,Yes,7,No,5,No,5,No,1,Yes,2,Yes,2,Yes,4,Yes,8,No,8,No,9,No,10,No,9,No,8,No,10,No,5,No,8,No,12,No,17,No,15,Yes,14,No,6,No,2,No,5,No,3,No,7,No,2,No,8,Yes,4,Yes,8,No,8,Yes,Page 1,,0,-4
Glossary,https://www.fortinet.com/resources/cyberglossary/vulnerability-assessment-tools,,Cyber Threats,Vulnerability Assessment Tools,1300,42,12,No,12,No,13,No,12,No,16,No,18,No,14,No,9,No,3,No,9,Yes,12,Yes,7,Yes,8,Yes,11,Yes,10,Yes,9,Yes,9,Yes,12,No,13,No,12,No,12,No,12,No,9,No,13,No,8,No,10,No,8,No,10,No,12,No,11,Yes,4,No,7,No,7,No,7,No,10,No,8,No,3,No,10,No,8,No,Page 1,,2,4
Glossary,https://www.fortinet.com/resources/cyberglossary/neural-network,,Data Security,Neural Networks,9900,91,-,No,-,No,-,No,-,No,-,No,-,No,-,No,-,No,-,No,-,No,-,No,-,No,2,No,2,No,2,No,3,No,3,No,1,No,3,No,3,No,2,Yes,3,No,3,No,3,No,1,No,2,No,1,No,1,No,1,No,-,No,-,No,-,No,-,No,-,No,88,No,2,No,2,No,-,No,-,No,Not Ranking,,#VALUE!,#VALUE!
Glossary,https://www.fortinet.com/resources/cyberglossary/shors-grovers-algorithms,,Cyber Security,Shor's Algorithm,3600,67,1,No,1,No,1,No,1,No,1,No,1,No,1,No,1,No,1,No,1,No,1,No,1,No,1,No,1,No,1,No,1,No,1,No,1,No,1,No,1,No,1,No,1,No,1,No,1,No,1,No,2,No,6,No,6,Yes,8,No,6,Yes,10,Yes,8,Yes,9,Yes,6,No,2,No,2,No,3,No,5,No,1,No,Page 1,,4,0
Glossary,https://www.fortinet.com/resources/cyberglossary/dark-vs-deep-web,,Cyber Threats,Dark Web Vs Deep Web,1000,33,3,Yes,2,Yes,2,Yes,3,Yes,2,Yes,2,Yes,3,No,2,No,3,No,2,No,4,No,5,No,2,No,7,No,4,No,9,No,6,No,6,No,7,No,9,No,8,No,8,No,11,No,10,No,11,No,10,No,10,No,9,No,11,No,11,No,5,No,5,No,5,No,5,No,5,No,5,No,5,No,18,No,12,No,Page 1,,6,-9
Glossary,https://www.fortinet.com/resources/cyberglossary/signs-of-malware,,Cyber Threats,Signs Of Malware,260,41,2,No,3,No,2,No,5,No,3,No,3,No,6,No,6,No,2,No,4,No,3,No,1,No,1,No,1,No,1,No,1,No,1,No,1,Yes,1,Yes,1,Yes,1,Yes,1,Yes,1,Yes,1,Yes,1,Yes,1,Yes,1,Yes,1,Yes,1,Yes,1,Yes,1,Yes,1,Yes,1,Yes,1,No,1,No,1,No,1,No,5,No,1,No,Page 1,,4,1
Glossary,https://www.fortinet.com/resources/cyberglossary/vulnerability-management,,Cyber Security,Vulnerability Management,5400,48,93,No,93,No,93,No,48,No,48,No,48,No,57,No,57,No,57,No,57,No,45,No,44,No,40,No,40,No,45,No,33,No,20,No,19,No,20,No,22,No,22,No,24,No,28,No,24,No,30,No,32,No,37,No,44,No,51,No,47,No,41,No,49,No,53,No,9,No,9,No,9,No,9,No,67,No,63,No,>Page 3,,4,30
Glossary,https://www.fortinet.com/resources/cyberglossary/vulnerability-disclosure,,Cyber Security,Vulnerability Disclosure,140,28,4,No,1,No,1,No,1,No,4,No,5,No,4,No,5,No,5,No,4,No,6,No,3,No,1,Yes,1,Yes,1,Yes,7,Yes,2,Yes,2,Yes,3,Yes,2,Yes,3,No,3,No,5,No,4,No,3,No,7,No,7,No,4,No,3,Yes,2,No,1,No,4,No,8,No,10,Yes,8,Yes,6,Yes,7,Yes,5,Yes,5,Yes,Page 1,,0,-1
Glossary,https://www.fortinet.com/resources/cyberglossary/virtual-patching,,OT Security,Virtual Patching,260,31,7,Yes,5,Yes,7,Yes,7,Yes,7,Yes,8,Yes,8,Yes,8,Yes,2,Yes,2,Yes,2,Yes,5,Yes,8,Yes,6,Yes,1,Yes,7,Yes,2,Yes,2,No,11,No,8,No,9,No,4,No,1,No,4,No,6,No,2,No,4,No,5,No,3,No,3,No,3,No,3,No,3,No,5,Yes,6,Yes,5,Yes,2,Yes,3,Yes,3,Yes,Page 1,,0,4
Glossary,https://www.fortinet.com/resources/cyberglossary/nerc-cip,,OT Security,NERC CIP,5400,27,2,Yes,2,Yes,3,No,2,Yes,2,Yes,4,Yes,9,No,3,No,6,No,4,No,4,Yes,6,Yes,7,No,4,Yes,7,No,4,No,4,Yes,9,Yes,8,Yes,5,Yes,8,No,5,Yes,5,No,6,Yes,5,No,5,Yes,3,No,5,Yes,5,No,3,No,29,No,29,No,7,No,7,No,9,Yes,8,No,3,Yes,6,No,6,Yes,Page 1,,0,-4
Glossary,https://www.fortinet.com/resources/cyberglossary/cyber-security-platform,,Cyber Security,Cyber Security Platform,1000,57,7,No,6,No,3,No,5,No,4,No,4,No,3,No,3,No,4,No,2,No,2,No,2,No,2,No,2,No,2,No,2,No,2,Yes,2,Yes,2,Yes,1,Yes,2,Yes,2,Yes,1,Yes,1,Yes,1,Yes,1,Yes,1,Yes,1,Yes,1,Yes,1,No,3,No,3,No,5,No,2,Yes,3,Yes,2,Yes,2,Yes,2,Yes,2,Yes,Page 1,,0,5
Glossary,https://www.fortinet.com/resources/cyberglossary/compensating-controls,,OT Security,Compensating Controls,720,22,4,No,2,No,3,No,2,No,3,No,4,No,5,No,4,No,3,No,1,No,3,No,2,No,2,No,2,Yes,3,Yes,4,Yes,2,Yes,2,Yes,2,Yes,1,Yes,1,Yes,1,No,1,No,1,No,1,No,1,No,1,No,1,No,1,No,1,No,1,No,2,No,2,No,4,Yes,5,Yes,4,Yes,5,Yes,2,Yes,2,Yes,Page 1,,0,2
Glossary,https://www.fortinet.com/resources/cyberglossary/darkside-ransomware,,Cyber Security,Darkside Ransomware,260,35,9,No,7,No,5,No,5,No,5,No,3,No,4,No,4,No,4,No,5,No,3,No,4,No,3,No,3,No,3,No,2,No,2,No,2,No,4,No,4,No,5,No,4,No,4,No,4,No,4,No,4,No,4,No,5,No,5,No,5,No,16,No,18,No,18,No,17,No,16,No,15,No,14,No,5,No,4,No,Page 2,,1,5
Glossary,https://www.fortinet.com/resources/cyberglossary/rugged-hardware,,OT Security,Rugged Hardware,50,24,6,Yes,5,Yes,7,Yes,9,Yes,9,Yes,9,Yes,9,Yes,9,Yes,9,Yes,4,Yes,6,Yes,7,Yes,7,Yes,7,Yes,7,Yes,4,Yes,9,Yes,9,Yes,9,Yes,9,Yes,3,Yes,4,Yes,1,Yes,1,Yes,4,Yes,4,Yes,3,Yes,3,Yes,3,No,3,No,13,No,16,No,12,No,17,No,17,No,16,No,6,No,9,No,9,No,Page 2,,0,-3
Glossary,https://www.fortinet.com/resources/cyberglossary/identity-based-attacks,,Cyber Security,Identity Based Attacks,110,25,11,No,11,No,12,No,11,No,11,No,11,No,7,No,7,No,10,No,10,Yes,10,Yes,10,Yes,12,Yes,11,Yes,11,Yes,5,Yes,5,Yes,5,No,5,No,5,No,4,No,4,No,6,No,7,No,7,No,9,No,10,No,9,No,9,No,9,No,5,No,5,No,5,No,5,No,5,No,5,No,3,No,7,No,7,No,Page 1,,0,4
Glossary,https://www.fortinet.com/resources/cyberglossary/enterprise-vpn-solutions,,VPN,Enterprise VPN Solutions,390,50,10,No,8,No,5,No,4,No,4,No,3,No,3,No,3,No,3,Yes,1,Yes,1,Yes,1,Yes,1,Yes,1,Yes,1,Yes,1,Yes,1,Yes,1,No,1,Yes,1,Yes,1,Yes,1,Yes,1,Yes,1,Yes,1,No,1,No,2,No,4,No,4,No,3,No,20,No,25,No,29,No,23,No,10,No,6,No,8,No,4,No,3,No,Page 3,,1,7
Glossary,https://www.fortinet.com/resources/cyberglossary/owasp-web-application-firewall,,NGFW/firewall,Waf Owasp Top 10,110,58,-,No,-,No,-,No,-,No,-,No,-,No,-,No,-,No,-,No,-,No,-,No,-,No,-,No,-,No,-,No,-,No,-,No,-,No,-,No,-,No,-,No,-,No,-,No,-,No,-,No,-,No,23,No,25,No,29,No,29,No,11,No,11,No,11,No,11,No,12,No,12,No,11,No,7,No,3,No,Page 2,,4,#VALUE!
Glossary,https://www.fortinet.com/resources/cyberglossary/virtual-machines,,Cloud Security,Virtual Machine,40500,69,-,No,-,No,-,No,32,No,37,No,37,No,32,No,36,No,16,No,14,No,7,No,4,No,5,No,6,No,4,No,7,No,19,No,10,No,20,No,20,No,24,No,3,No,9,No,7,No,4,No,14,No,1,No,2,No,5,No,3,No,48,No,47,No,45,No,45,No,47,No,48,No,55,No,30,No,9,No,>Page 3,,21,#VALUE!
Glossary,https://www.fortinet.com/resources/cyberglossary/agent-vs-agentless-security,,Cloud Security,Agent Vs Agentless Security,90,8,,,-,,,,,,3,No,3,No,4,No,4,No,6,No,6,No,6,No,6,No,1,No,1,No,1,No,1,No,5,No,1,No,1,No,2,No,4,No,3,No,4,No,4,No,3,No,3,No,3,No,4,No,3,No,3,No,9,No,10,No,11,No,11,No,11,No,12,No,12,No,5,No,3,No,Page 2,,2,-3
Glossary,https://www.fortinet.com/resources/cyberglossary/behavioral-analytics,,Data Security,Behavioral Analytics,1000,41,,,-,,,,,,7,No,7,No,10,No,8,No,5,No,5,No,5,No,5,No,6,No,7,No,9,No,12,No,15,No,15,No,17,No,12,No,9,No,11,No,15,No,16,No,16,No,13,No,17,No,18,No,19,No,18,No,13,No,12,Yes,13,Yes,10,No,11,No,13,No,14,No,14,No,14,No,Page 2,,0,-14
Glossary,https://www.fortinet.com/resources/cyberglossary/ci-cd,,Cyber Security,CI/CD,9900,63,,,-,,,,,,11,No,15,No,24,No,16,No,8,Yes,5,No,4,No,5,Yes,4,No,8,No,4,No,4,No,6,No,10,No,17,No,11,No,9,No,8,No,9,No,12,No,13,No,9,No,9,Yes,18,No,15,No,13,No,13,No,13,No,11,No,14,No,13,No,12,No,7,No,13,No,9,No,Page 2,,4,-9
Glossary,https://www.fortinet.com/resources/cyberglossary/cspm-vs-dspm,,Data Security,CSPM Vs DSPM,320,14,,,-,,,,,,15,No,14,No,14,No,10,No,13,No,5,No,3,No,8,No,6,No,9,No,5,No,4,No,3,No,13,No,5,No,3,No,4,No,2,No,6,No,4,No,4,No,8,No,1,No,2,No,10,No,10,No,4,No,5,No,5,No,5,No,5,No,4,No,5,No,5,No,5,No,Page 1,,0,-5
Glossary,https://www.fortinet.com/resources/cyberglossary/ctem,,Data Security,CTEM,1600,29,,,-,,,,,,5,Yes,4,Yes,9,Yes,5,Yes,6,Yes,6,Yes,11,No,16,No,6,No,5,Yes,11,No,9,Yes,10,No,8,No,13,No,15,No,19,No,16,No,14,No,19,No,17,No,23,No,21,Yes,22,Yes,26,No,24,No,35,No,33,No,31,No,20,No,18,No,21,No,18,No,17,No,7,No,>Page 3,,10,-7
Glossary,https://www.fortinet.com/resources/cyberglossary/data-discovery,,Data Security,Data Discovery,1900,30,,,-,,,,,,53,No,54,No,51,No,52,No,54,No,67,No,45,No,59,No,52,No,54,No,53,No,54,No,53,No,87,No,81,No,76,No,78,No,78,No,57,No,58,No,58,No,58,No,58,No,48,No,48,No,48,No,79,No,2,No,2,No,72,No,2,No,78,No,51,No,23,No,30,No,Page 1,,-7,-30
Glossary,https://www.fortinet.com/resources/cyberglossary/data-matching,,Data Security,Data Matching,1300,15,,,-,,,,,,11,No,11,No,12,No,9,No,9,No,11,No,10,No,6,No,8,No,9,No,5,No,6,No,11,No,8,No,8,No,7,No,7,No,7,No,7,No,8,No,7,No,9,No,10,No,9,No,8,No,8,No,3,No,4,No,4,No,4,No,2,No,4,No,3,No,10,No,11,No,Page 1,,-1,-11
Glossary,https://www.fortinet.com/resources/cyberglossary/data-protection,,Data Security,Data Protection,6600,50,,,-,,,,,,1,No,1,No,1,No,1,No,1,No,1,No,1,No,1,No,2,Yes,4,No,4,No,4,No,8,No,9,No,20,No,19,No,15,No,9,No,12,No,12,No,12,No,13,No,14,No,11,Yes,11,No,10,Yes,10,Yes,12,Yes,3,Yes,3,No,3,No,2,No,2,No,14,No,14,No,Page 1,,0,-14
Glossary,https://www.fortinet.com/resources/cyberglossary/dcap,,Data Security,DCAP,3600,41,,,-,,,,,,-,No,-,No,-,No,-,No,-,No,-,No,-,No,-,No,2,No,2,No,2,No,2,No,2,No,5,No,6,No,6,No,8,No,8,No,4,No,4,No,8,No,7,No,7,No,3,No,-,No,-,No,-,No,-,No,-,No,20,No,20,No,2,No,2,No,22,No,8,No,Not Ranking,,14,-8
Glossary,https://www.fortinet.com/resources/cyberglossary/device-control,,Data Security,Device Control,720,30,,,-,,,,,,2,Yes,6,Yes,6,No,4,No,5,No,6,No,3,No,3,No,4,No,2,No,3,No,1,No,1,No,2,No,4,No,4,No,4,No,4,No,4,No,3,No,4,No,5,No,5,No,4,No,5,No,5,No,42,No,38,No,44,No,43,No,44,No,43,No,45,No,5,No,5,No,>Page 3,,0,-5
Glossary,https://www.fortinet.com/resources/cyberglossary/digital-operational-resilience-act-dora,,Cyber Compliance,Digital Operational Resilience Act,140,51,,,-,,,,,,-,No,-,No,17,No,21,No,8,No,20,No,23,No,19,No,18,No,20,No,19,No,16,Yes,16,No,16,No,16,No,27,No,15,No,16,No,19,No,18,No,21,No,19,No,36,No,30,No,43,No,31,No,14,No,17,No,16,No,15,No,17,No,21,No,16,No,17,No,19,No,Page 2,,-2,-19
Glossary,https://www.fortinet.com/resources/cyberglossary/dlp-monitoring,,Data Security,DLP Monitoring,110,27,,,-,,,,,,2,Yes,2,Yes,3,Yes,2,Yes,2,Yes,1,Yes,1,Yes,1,Yes,1,Yes,1,Yes,1,Yes,1,Yes,1,Yes,1,Yes,1,Yes,1,Yes,1,Yes,1,Yes,1,Yes,1,Yes,1,Yes,1,Yes,1,Yes,1,No,1,No,1,No,1,No,1,No,1,No,1,No,1,No,1,Yes,1,Yes,1,Yes,1,Yes,Page 1,,0,-1
Glossary,https://www.fortinet.com/resources/cyberglossary/dlp-policy,,Data Security,DLP Policy,720,21,,,-,,,,,,7,No,7,No,7,No,7,No,8,No,8,No,7,No,6,No,8,No,2,No,6,No,8,No,6,No,2,No,6,No,5,No,5,No,6,No,5,No,5,No,3,No,5,No,4,No,3,No,2,No,2,No,16,No,14,Yes,16,No,12,No,7,No,9,No,9,No,3,No,2,No,Page 2,,1,-2
Glossary,https://www.fortinet.com/resources/cyberglossary/dlpaas-and-dlp-as-a-managed-service,,Data Security,DLP As A Service,50,39,,,-,,,,,,1,No,1,No,1,No,1,No,1,No,1,No,1,No,1,No,1,No,1,No,1,No,1,No,1,No,1,No,1,No,1,No,1,No,1,No,1,No,1,No,1,No,2,Yes,2,Yes,1,Yes,1,Yes,1,No,1,No,1,No,1,No,1,No,1,No,1,No,1,No,1,No,1,No,Page 1,,0,-1
Glossary,https://www.fortinet.com/resources/cyberglossary/file-sharing-security,,Data Security,File Sharing Security,40,25,,,-,,,,,,2,No,1,No,1,No,1,No,1,No,1,No,1,No,1,No,1,No,1,No,1,No,1,No,1,No,1,No,1,No,1,No,1,No,1,No,1,No,1,No,1,No,1,No,1,No,1,No,1,No,1,No,1,No,1,No,1,No,1,No,1,No,1,No,1,No,1,No,1,No,Page 1,,0,-1
Glossary,https://www.fortinet.com/resources/cyberglossary/gdpr,,Cyber Compliance,GDPR,49500,100,,,-,,,,,,1,No,1,No,13,No,13,No,13,No,13,No,48,No,39,No,39,No,39,No,39,No,39,No,57,No,79,No,79,No,79,No,78,No,1,No,1,No,42,No,42,No,40,No,41,No,40,No,42,No,41,Yes,71,Yes,68,Yes,44,Yes,2,No,2,No,48,No,1,No,44,No,44,No,>Page 3,,0,-44
Glossary,https://www.fortinet.com/resources/cyberglossary/hipaa-compliance,,Cyber Compliance,Hipaa Compliance,22200,76,,,-,,,,,,14,No,16,No,18,No,17,No,17,No,5,Yes,2,Yes,13,No,14,No,9,No,10,No,10,No,16,No,12,No,15,No,21,No,19,No,18,No,17,No,18,No,18,No,22,No,20,No,19,No,19,No,17,No,16,No,15,No,14,No,14,No,15,No,16,No,13,No,17,No,17,No,Page 2,,0,-17
Glossary,https://www.fortinet.com/resources/cyberglossary/identity-risk-prioritization,,Access Control,Identity Risk,170,16,,,-,,,,,,5,Yes,3,Yes,6,Yes,4,Yes,5,Yes,5,Yes,4,Yes,3,Yes,3,No,3,No,1,No,1,No,1,No,1,No,1,No,1,No,2,No,7,No,5,No,5,No,9,No,9,No,8,No,11,No,14,No,10,No,12,No,13,No,19,No,9,No,10,No,16,No,16,No,22,No,15,No,Page 2,,7,-15
Glossary,https://www.fortinet.com/resources/cyberglossary/living-off-the-land-lotl,,Cyber Threats,Living Off The Land Attack,320,37,,,-,,,,,,4,No,8,No,8,No,8,No,8,No,2,No,4,No,4,No,4,No,2,No,3,No,7,No,3,No,3,No,2,No,2,No,2,No,2,No,2,No,2,No,2,No,3,No,4,No,2,No,4,No,3,No,25,No,29,No,28,No,27,No,24,No,28,No,27,No,4,No,4,No,Page 3,,0,-4
Glossary,https://www.fortinet.com/resources/cyberglossary/national-vulnerability-database-nvd,,Cyber Security,National Vulnerability Database,590,25,,,-,,,,,,3,No,4,No,4,No,4,No,4,No,7,No,3,No,4,No,4,No,4,No,4,No,6,No,8,No,8,No,4,No,5,No,5,No,5,No,5,No,5,No,3,No,4,No,5,No,3,No,6,No,5,No,5,No,5,No,5,No,5,No,5,No,5,No,5,No,5,No,5,No,Page 1,,0,-5
Glossary,https://www.fortinet.com/resources/cyberglossary/network-dlp,,Data Security,Network DLP,320,23,,,-,,,,,,1,Yes,1,Yes,1,Yes,1,Yes,1,Yes,1,Yes,1,Yes,1,Yes,1,Yes,1,Yes,1,Yes,1,Yes,1,Yes,1,Yes,1,Yes,1,Yes,1,Yes,1,Yes,1,Yes,1,Yes,1,Yes,1,Yes,1,Yes,1,Yes,1,Yes,1,Yes,1,No,1,No,1,No,1,Yes,1,Yes,1,Yes,1,Yes,1,Yes,1,Yes,Page 1,,0,-1
Glossary,https://www.fortinet.com/resources/cyberglossary/private-5g-warehousing,,OT Security,Private 5G Warehousing,0,6,,,-,,,,,,3,No,3,No,3,No,2,No,2,No,1,No,3,No,2,No,1,No,1,No,2,No,3,No,1,No,2,No,1,No,1,No,1,No,1,No,1,No,1,No,1,No,1,No,1,No,1,No,1,No,1,No,1,No,1,No,1,No,1,No,1,No,1,No,1,No,1,No,1,No,Page 1,,0,-1
Glossary,https://www.fortinet.com/resources/cyberglossary/saas-security,,Cloud Security,SAAS Security,1600,40,,,-,,,,,,22,Yes,18,Yes,30,Yes,17,Yes,14,Yes,13,No,10,No,9,No,11,No,10,No,10,No,9,No,10,No,11,No,14,No,11,No,10,No,10,No,10,No,10,No,10,No,11,No,11,No,10,Yes,10,No,9,No,10,No,11,No,10,No,3,No,4,No,3,No,3,No,11,No,9,No,Page 1,,2,-9
Glossary,https://www.fortinet.com/resources/cyberglossary/secret-management,,Data Security,Secret Management,590,39,,,-,,,,,,42,No,42,No,42,No,8,No,16,No,16,No,16,No,16,No,28,No,28,No,23,No,20,No,25,No,23,No,17,No,17,No,17,No,17,No,17,No,21,No,21,No,24,No,27,No,24,No,14,No,11,No,18,No,27,No,27,No,25,No,27,No,25,No,23,No,24,No,24,No,Page 3,,0,-24
Glossary,https://www.fortinet.com/resources/cyberglossary/security-misconfiguration,,Cyber Threats,Security Misconfiguration,720,30,,,-,,,,,,5,No,4,Yes,2,Yes,2,Yes,3,Yes,6,Yes,3,Yes,2,Yes,2,Yes,3,Yes,6,No,8,No,5,No,4,No,4,No,5,No,5,No,6,No,5,No,8,No,9,No,10,No,9,No,10,No,9,No,8,Yes,4,Yes,8,Yes,10,Yes,9,Yes,8,Yes,7,Yes,7,Yes,6,No,6,No,Page 1,,0,-6
Glossary,https://www.fortinet.com/resources/cyberglossary/what-is-a-software-defined-perimeter,,Access Control,Software Defined Perimeter,590,27,,,-,,,,,,7,No,7,No,6,No,6,No,2,No,3,No,4,No,2,Yes,5,Yes,4,Yes,3,Yes,3,Yes,3,Yes,3,Yes,3,Yes,4,No,6,No,5,No,5,No,4,No,4,No,3,No,2,No,6,No,6,No,5,No,5,No,5,No,5,No,6,No,6,No,5,Yes,7,Yes,7,Yes,5,Yes,Page 1,,2,-5
Glossary,https://www.fortinet.com/resources/cyberglossary/threat-detection-and-response,,Security Operations (SecOps),Threat Detection And Response,1300,31,,,-,,,,,,3,No,7,No,6,No,6,No,3,No,7,No,6,No,5,No,3,No,6,No,7,No,7,No,8,No,9,No,8,No,9,No,9,No,6,Yes,8,Yes,9,Yes,9,Yes,9,Yes,10,Yes,10,Yes,10,Yes,10,No,9,No,10,No,10,No,12,No,13,No,12,No,12,No,12,No,12,No,Page 1,,0,-12
,https://www.fortinet.com/resources/cyberglossary/remote-code-execution,,Cyber Threats,Remote Code Execution,4400,84,,,-,,,,,,,,,,,,,,,,,,,,,,6,No,6,No,6,No,6,No,6,No,11,No,8,No,7,No,7,No,7,No,7,No,8,No,8,No,22,No,8,No,7,Yes,11,No,11,No,7,Yes,7,Yes,3,Yes,3,Yes,2,Yes,5,Yes,4,Yes,6,No,3,Yes,Page 1,,3,-3
,https://www.fortinet.com/resources/cyberglossary/data-poisoning,,Cyber Threats,Data Poisoning,590,39,,,-,,,,,,,,,,,,,,,,,,,,,,5,No,5,No,4,No,6,No,5,No,5,No,5,No,10,No,19,No,18,No,14,No,18,No,30,No,31,No,29,No,23,No,28,No,28,No,24,No,27,No,27,No,27,No,30,No,24,No,26,No,26,No,26,No,Page 3,,0,-26
,https://www.fortinet.com/resources/cyberglossary/data-privacy,,Data Security,Data Privacy,6600,88,,,-,,,,,,,,,,,,,,,,,,,,,,-,No,-,No,-,No,-,No,-,No,-,No,-,No,-,No,-,No,-,No,-,No,-,No,-,No,-,No,-,No,-,No,-,No,-,No,-,No,-,No,-,No,-,No,-,No,-,No,-,No,-,No,-,No,Not Ranking,#N/A,#VALUE!,#VALUE!
,https://www.fortinet.com/resources/cyberglossary/cloud-migration,,Cloud Security,Cloud Migration,480,40,,,-,,,,,,,,,,,,,,,,,,,,,,,,,,,,-,No,-,No,-,No,-,No,-,No,-,No,-,No,-,No,-,No,-,No,-,No,-,No,-,No,-,No,-,No,-,No,-,No,-,No,-,No,69,No,68,No,81,No,-,No,74,No,Not Ranking,,#VALUE!,-74
,https://www.fortinet.com/resources/cyberglossary/cloud-workload-security,,Cloud Security,Cloud Workload Security,480,23,,,-,,,,,,,,,,,,,,,,,,,,,,,,,,,,-,No,-,No,7,No,7,No,8,No,6,No,10,No,14,No,12,No,18,No,10,No,5,No,7,No,8,No,8,No,8,No,8,No,9,No,9,No,10,No,10,No,9,No,10,No,10,No,Page 1,,0,-10
,https://www.fortinet.com/resources/cyberglossary/rise-of-cybersecurity-mesh,,Data Security,Rise Of Cybersecurity Mesh,170,27,,,-,,,,,,,,,,,,,,,,,,,,,,,,,,,,-,No,-,No,27,No,29,No,29,No,24,No,20,No,19,No,56,No,56,No,1,No,1,No,1,No,1,No,1,No,1,No,1,No,1,No,1,No,1,No,1,No,1,No,1,No,1,No,Page 1,,0,-1
,https://www.fortinet.com/resources/cyberglossary/saml,,Access Control,SAML,18100,66,,,-,,,,,,,,,,,,,,,,,,,,,,,,,,,,-,No,-,No,9,No,15,No,14,No,14,No,13,No,16,No,15,No,16,No,16,No,15,No,16,No,21,No,17,No,17,No,17,No,17,No,21,No,21,No,21,No,14,No,16,No,17,No,Page 2,,-1,-17
,https://www.fortinet.com/resources/cyberglossary/ngfw-vs-utm,,NGFW/firewall,NGFW Vs UTM,170,7,,,-,,,,,,,,,,,,,,,,,,,,,,,,,,,,-,No,-,No,1,No,1,Yes,2,Yes,1,Yes,1,Yes,1,Yes,1,Yes,1,Yes,1,Yes,1,Yes,1,Yes,1,Yes,1,Yes,1,Yes,1,Yes,1,Yes,1,Yes,1,Yes,1,Yes,1,Yes,1,Yes,1,Yes,Page 1,,0,-1
,https://www.fortinet.com/resources/cyberglossary/cybersecurity-trends-2026,,Cyber Security,Cybersecurity Trends,1300,58,,,-,,,,,,,,,,,,,,,,,,,,,,,,,,,,,,,,,,,,,,,,-,No,-,No,-,No,-,No,-,,-,No,-,No,2,No,2,No,3,No,5,No,2,No,2,Yes,2,Yes,1,Yes,1,Yes,1,Yes,1,Yes,Page 1,,0,-1
,https://www.fortinet.com/resources/cyberglossary/cybersecurity-best-practices,,Cyber Security,Cybersecurity Best Practices,40500,67,,,-,,,,,,,,,,,,,,,,,,,,,,,,,,,,,,,,,,,,,,,,,,,,,,,,,,,,,,,,,,4,No,18,No,7,No,10,No,12,No,4,No,6,No,6,No,6,No,Page 1,,0,-6
,https://www.fortinet.com/resources/cyberglossary/what-is-mlsecops,,Security Operations (SecOps),Mlsecops,100,9,,,-,,,,,,,,,,,,,,,,,,,,,,,,,,,,,,,,,,,,,,,,,,,,,,,,,,,,,,,,,,-,No,-,No,-,No,-,No,-,No,-,No,-,No,-,No,-,No,Not Ranking,#N/A,#VALUE!,#VALUE!
,https://www.fortinet.com/resources/cyberglossary/quantum-cryptanalysis,,Quantum Security,Quantum Cryptanalysis,20,30,,,-,,,,,,,,,,,,,,,,,,,,,,,,,,,,,,,,,,,,,,,,,,,,,,,,,,,,,,,,,,3,No,3,No,4,No,4,No,4,No,4,No,4,No,1,No,1,No,Page 1,,0,-1
,https://www.fortinet.com/resources/cyberglossary/cybersecurity-risk,,Cyber Security,Cybersecurity Risks,590,54,,,-,,,,,,,,,,,,,,,,,,,,,,,,,,,,,,,,,,,,,,,,,,,,,,,,,,,,,,,,,,-,No,-,No,-,No,-,No,18,No,18,No,16,No,19,No,6,No,Not Ranking,,13,-6
,https://www.fortinet.com/resources/cyberglossary/quantum-cryptography,,Quantum Security,Quantum Cryptography,18100,70,,,-,,,,,,,,,,,,,,,,,,,,,,,,,,,,,,,,,,,,,,,,,,,,,,,,,,,,,,,,,,65,No,42,No,-,No,-,No,13,No,4,No,28,No,9,No,5,No,Not Ranking,,4,-5
,https://www.fortinet.com/resources/cyberglossary/red-teaming,,Security Operations (SecOps),Red Teaming,6600,60,,,-,,,,,,,,,,,,,,,,,,,,,,,,,,,,,,,,,,,,,,,,,,,,,,,,,,,,,,,,,,,,,,,,19,No,17,No,24,No,16,No,16,No,17,No,Page 2,,-1,-17
,https://www.fortinet.com/resources/cyberglossary/prompt-injection,,Data Security,Prompt Injection Attack,1000,75,,,-,,,,,,,,,,,,,,,,,,,,,,,,,,,,,,,,,,,,,,,,,,,,,,,,,,,,,,,,,,,,,,,,17,No,24,No,15,No,18,No,17,No,17,No,Page 2,,0,-17
,https://www.fortinet.com/resources/cyberglossary/ai-risk-management,,Cyber Threats,AI Risk Management,2800,59,,,-,,,,,,,,,,,,,,,,,,,,,,,,,,,,,,,,,,,,,,,,,,,,,,,,,,,,,,,,,,,,,,,,-,No,-,No,-,No,-,No,-,No,-,No,Not Ranking,#N/A,#VALUE!,#VALUE!
Glossary,https://www.fortinet.com/resources/cyberglossary/sase,,SASE,SASE Firewall,40,65,,,,,,,,,,,,,,,,,,,,,,,,,,,,,,,,,,,,,,,,,,,,,,,,,,,,,,,,,,,,,,,,,,,,,15,No,1,Yes,1,Yes,2,Yes,2,Yes,Page 1,,0,-2
,,,,,,,,,,,,,,,,,,,,,,,,,,,,,,,,,,,,,,,,,,,,,,,,,,,,,,,,,,,,,,,,,,,,,,,,,,,,,,,,,,,,,,,,
,https://www.fortinet.com/resources/cyberglossary/guide,,,,,,-,,-,,-,,-,,-,,-,,-,,-,,-,,-,,-,,-,,-,,-,,-,,-,,-,,-,,-,,-,,-,,-,,-,,-,,-,,#N/A,,#N/A,,#N/A,,#N/A,,,,,,,,,,,,,,,,,,,,,,,#N/A,#VALUE!,#VALUE!
,https://www.fortinet.com/resources/cyberglossary/ransomware-guide,,,,,,-,,-,,-,,-,,-,,-,,-,,-,,-,,-,,-,,-,,-,,-,,-,,-,,-,,-,,-,,-,,-,,-,,-,,-,,-,,#N/A,,#N/A,,#N/A,,#N/A,,,,,,,,,,,,,,,,,,,,,,,#N/A,#VALUE!,#VALUE!
,https://www.fortinet.com/resources/cyberglossary/guide-2,,,,,,-,,-,,-,,-,,-,,-,,-,,-,,-,,-,,-,,-,,-,,-,,-,,-,,-,,-,,-,,-,,-,,-,,-,,-,,-,,#N/A,,#N/A,,#N/A,,#N/A,,,,,,,,,,,,,,,,,,,,,,,#N/A,#VALUE!,#VALUE!
,https://www.fortinet.com/resources/cyberglossary/cybersecurity,,,,,,-,,-,,-,,-,,-,,-,,-,,-,,-,,-,,-,,-,,-,,-,,-,,-,,-,,-,,-,,-,,-,,-,,-,,-,,-,,#N/A,,#N/A,,#N/A,,#N/A,,,,,,,,,,,,,,,,,,,,,,,#N/A,#VALUE!,#VALUE!
,https://www.fortinet.com/resources/cyberglossary/network-security,,,,,,-,,-,,-,,-,,-,,-,,-,,-,,-,,-,,-,,-,,-,,-,,-,,-,,-,,-,,-,,-,,-,,-,,-,,-,,-,,#N/A,,#N/A,,#N/A,,#N/A,,,,,,,,,,,,,,,,,,,,,,,#N/A,#VALUE!,#VALUE!
,https://www.fortinet.com/resources/cyberglossary/cloud-security,,,,,,-,,-,,-,,-,,-,,-,,-,,-,,-,,-,,-,,-,,-,,-,,-,,-,,-,,-,,-,,-,,-,,-,,-,,-,,-,,#N/A,,#N/A,,#N/A,,#N/A,,,,,,,,,,,,,,,,,,,,,,,#N/A,#VALUE!,#VALUE!
,https://www.fortinet.com/resources/cyberglossary/network-access,,,,,,-,,-,,-,,-,,-,,-,,-,,-,,-,,-,,-,,-,,-,,-,,-,,-,,-,,-,,-,,-,,-,,-,,-,,-,,-,,#N/A,,#N/A,,#N/A,,#N/A,,,,,,,,,,,,,,,,,,,,,,,#N/A,#VALUE!,#VALUE!
,https://www.fortinet.com/resources/cyberglossary/threat-protection,,,,,,-,,-,,-,,-,,-,,-,,-,,-,,-,,-,,-,,-,,-,,-,,-,,-,,-,,-,,-,,-,,-,,-,,-,,-,,-,,#N/A,,#N/A,,#N/A,,#N/A,,,,,,,,,,,,,,,,,,,,,,,#N/A,#VALUE!,#VALUE!
,https://www.fortinet.com/resources/cyberglossary/endpoint-protection,,,,,,-,,-,,-,,-,,-,,-,,-,,-,,-,,-,,-,,-,,-,,-,,-,,-,,-,,-,,-,,-,,-,,-,,-,,-,,-,,#N/A,,#N/A,,#N/A,,#N/A,,,,,,,,,,,,,,,,,,,,,,,#N/A,#VALUE!,#VALUE!
,https://www.fortinet.com/resources/cyberglossary/security-operations,,,,,,-,,-,,-,,-,,-,,-,,-,,-,,-,,-,,-,,-,,-,,-,,-,,-,,-,,-,,-,,-,,-,,-,,-,,-,,-,,#N/A,,#N/A,,#N/A,,#N/A,,,,,,,,,,,,,,,,,,,,,,,#N/A,#VALUE!,#VALUE!
,https://www.fortinet.com/resources/cyberglossary/ransomware-attacks,,,,,,-,,-,,-,,-,,-,,-,,-,,-,,-,,-,,-,,-,,-,,,,-,,-,,-,,-,,-,,-,,-,,-,,-,,-,,-,,#N/A,,#N/A,,#N/A,,#N/A,,,,,,,,,,,,,,,,,,,,,,,#N/A,#VALUE!,#VALUE!
Glossary,https://www.fortinet.com/resources/cyberglossary/rsa-securid,rsa securid,,"what is rsa securid
what is rsa securid
is rsa secure",,,-,,-,,-,,-,,#N/A,,#N/A,,#N/A,,,,,,#N/A,,#N/A,,#N/A,,#N/A,,,,,,#N/A,,#N/A,,,,,,,,,,,,,,-,,,,,,,,,,,,,,,,,,,,,,,,,,,,,,,,,#N/A,#VALUE!,#VALUE!
,https://www.fortinet.com/resources/cyberglossary/protecting-customer-information,,,How To Protect Customer Information,,,,,,,-,,-,,,,,,,,,,,,,,,,,,,,,,,,,,,,,,,,,,,,,,,,-,,,,,,,,,,,,,,,,,,,,,,,,,,,,,,,,,#N/A,#VALUE!,#REF!