,,,,,,,,,,,,,,,,,,,,,,,,,,,,,,,,,,,,,,,,,,,,,,,,,,,,,,,,,,,,,,,,,,,,,,,,,,,,,,,,,
,,,,,,,,,,,,,,,,,,,,,,,,,,,,,,,,,,,,,,,,,,,,,,,,,,,,,,,,,,,,,,,,,,,,,,,,,,,,,,,,,
,,,,,,,,,,,,,,,,,,,,,,,,,,,,,,,,,,,,,,,,,,,,,,,,,,,,,,,,,,,,,,,,,,,,,,,,,,,,,,,,,
,,,,,,2026 Wk1,AIO,2026 Wk2,AIO,2026 Wk3,AIO,2026 Wk4,AIO,2026 Wk5,AIO,2026 Wk6,AIO,2026 Wk7,AIO,2026 Wk8,AIO,2026 Wk9,AIO,2026 Wk10,AIO,2026 Wk11,AIO,2026 Wk12,AIO,2026 Wk13,AIO,2026 Wk14,AIO,2026 Wk15,AIO,2026 Wk16,AIO,2026 Wk17,AIO,2026 Wk18,AIO,2026 Wk19,AIO,2026 Wk20,AIO,2026 Wk21,AIO,2026 Wk22,AIO,2026 Wk23,AIO,2026 Wk24,AIO,2026 Wk25,AIO,2026 Wk26,AIO,2026 Wk27,AIO,2026 Wk28,AIO,2026 Wk29,AIO,2026 Wk30,AIO,2026 Wk31,AIO,2026 Wk32,AIO,2026 Wk33,AIO,2026 Wk34,AIO,2026 Wk35,AIO,2026 Wk36,AIO Wk 36,2026 Wk37,AIO Wk 37,,Key Metrics
,,,# of keywords on page 1,,,394,,379,,379,,405,,417,,406,,441,,462,,471,,473,,484,,485,,472,,479,,490,,460,,455,,446,,440,,433,,443,,433,,421,,423,,413,,427,,416,,413,,413,,425,,416,,422,,422,,431,,435,,423,,418,,,# of keywords on page 1
,,,# of keywords on page 2,,,66,,79,,79,,95,,77,,93,,66,,55,,42,,37,,31,,35,,45,,41,,31,,58,,61,,62,,63,,78,,73,,72,,80,,74,,77,,70,,77,,76,,72,,70,,75,,67,,73,,72,,68,,78,,77,,,# of keywords on page 2
,,,# of keywords on page 3,,,8,,9,,7,,12,,19,,15,,6,,3,,7,,7,,3,,2,,2,,3,,1,,4,,12,,16,,22,,17,,13,,23,,25,,27,,26,,25,,28,,32,,36,,27,,30,,33,,34,,29,,28,,35,,32,,,# of keywords on page 3
,,,,,,7,,8,,10,,10,,9,,9,,10,,3,,3,,6,,5,,6,,10,,6,,7,,7,,5,,9,,7,,5,,4,,5,,7,,8,,14,,11,,12,,12,,12,,16,,16,,15,,12,,14,,15,,10,,15,,,# of keywords on > page 3
Fre,,,# of keywords on position 1,,,93,,92,,134,,107,,106,,113,,113,,104,,107,,105,,104,,113,,106,,116,,115,,118,,121,,122,,124,,128,,133,,128,,126,,130,,114,,119,,115,,122,,115,,117,,118,,114,,113,,113,,116,,114,,110,,,# of keywords on position 1
,,,# of keywords wihtout ranking,,,22,,6,,6,,8,,8,,7,,7,,7,,7,,7,,7,,5,,4,,5,,8,,8,,6,,6,,7,,6,,7,,7,,7,,8,,10,,7,,7,,7,,7,,7,,7,,8,,7,,3,,3,,3,,7,,,# of keywords wihtout ranking
,,,,,,115,,106,,125,,140,,153,,140,,143,,152,,133,,147,,141,,142,,148,,172,,186,,196,,207,,211,,209,,223,,209,,195,,206,,199,,220,,217,,215,,210,,197,,178,,177,,177,,178,,184,,177,,181,,183,,,# of AIO keywords ranking
Value dropped as compared to previous column,,,,,,,,,,,,,,,,,,,,,,,,,,,,,,,,,,,,,,,,,,,,,,,,,,,,,,,,,,,,,,,,,,,,,,,,,,,,,,,,,
,,,# of keywords with positive movement,,,150,,123,,175,,143,,136,,144,,227,,177,,137,,171,,185,,174,,138,,178,,181,,135,,119,,109,,147,,134,,146,,96,,132,,121,,137,,157,,137,,161,,140,,205,,114,,125,,146,,138,,213,,130,,181,,,# of keywords with positive movement
CyberGlossary(Profound),,,# of keywords with No movement,,,215,,210,,186,,210,,246,,234,,217,,233,,235,,227,,194,,209,,221,,224,,214,,217,,255,,233,,266,,250,,251,,268,,256,,259,,236,,243,,218,,248,,259,,153,,262,,260,,253,,232,,230,,266,,148,,,# of keywords with No movement
,,,# of keywords with negative movement, ,,124,,155,,127,,178,,149,,154,,88,,122,,160,,134,,153,,152,,177,,133,,137,,180,,160,,192,,120,,150,,136,,169,,145,,152,,157,,133,,178,,124,,134,,180,,162,,152,,142,,175,,103,,150,,213,,,# of keywords with negative movement
,,,Total # of keywords,,,497,,497,,494,,539,,539,,539,,539,,539,,539,,539,,539,,540,,540,,540,,540,,540,,540,,540,,540,,540,,540,,540,,540,,540,,540,,540,,540,,540,,540,,545,,545,,545,,548,,548,,549,,549,,549,,,Total # of keywords
,,,,,,,,,,,,,,,,,,,,,,,,,,,,,,,,,,,,,,,,,,,,,,,,,,,,,,,,,,,,,,,,,,,,,,,,,,,,,,,,,
S.No,18 Categories,URLs,Keywords ,SV,KD,2026 Wk1,AIO,2026 Wk2,AIO,2026 Wk3,AIO,2026 Wk4,AIO,2026 Wk5,AIO,2026 Wk6,AIO,2026 Wk7,AIO,2026 Wk8,AIO,2026 Wk9,AIO,2026 Wk10,AIO,2026 Wk11,AIO,2026 Wk12,AIO,2026 Wk13,AIO,2026 Wk14,AIO,2026 Wk15,AIO,2026 Wk16,AIO,2026 Wk17,AIO,2026 Wk18,AIO,2026 Wk19,AIO,2026 Wk20,AIO,2026 Wk21,AIO,2026 Wk22,AIO,2026 Wk23,AIO,2026 Wk24,AIO,2026 Wk25,AIO,2026 Wk26,AIO,2026 Wk27,AIO,2026 Wk28,AIO,2026 Wk29,AIO,2026 Wk30,AIO,2026 Wk31,AIO,2026 Wk32,AIO,2026 Wk33,AIO,2026 Wk34,AIO,2026 Wk35,AIO,2026 Wk36,AIO Wk 36,2026 Wk37,AIO Wk 37,Trendline,Current vs Previous week
1,AI Security,https://www.fortinet.com/resources/cyberglossary/aiops-future-of-it-operations,AIOPS,1300,69,16,No,16,No,17,No,17,No,18,No,13,No,14,No,16,No,23,No,13,No,8,No,16,No,15,No,17,No,17,No,19,No,16,No,23,No,27,No,21,No,19,No,25,No,24,No,21,No,17,No,18,No,13,No,17,No,24,No,20,No,23,No,25,No,26,No,24,No,12,No,28,No,34,No,,-6
2,AI Security,https://www.fortinet.com/resources/cyberglossary/ai-data-centers,AI Data Center,2900,36,65,No,65,No,70,No,72,No,58,No,58,No,58,No,58,No,58,No,52,No,61,No,61,No,61,No,19,No,6,No,22,No,23,No,20,No,23,No,21,No,14,No,12,No,11,No,28,No,20,No,13,No,13,No,15,No,24,No,2,Yes,2,Yes,2,Yes,2,No,2,No,2,No,2,No,26,No,,-24
3,Cloud Security,https://www.fortinet.com/resources/cyberglossary/aws-compliance,AWS Compliance,590,69,15,No,12,No,11,No,11,No,23,No,19,No,23,No,13,No,8,No,7,No,10,No,11,No,13,No,10,No,9,No,6,No,5,No,5,No,5,No,6,No,8,No,5,No,5,No,5,No,5,No,7,No,8,No,6,No,8,No,2,No,3,Yes,4,Yes,3,No,3,No,2,No,2,No,16,No,,-14
4,Cloud Security,https://www.fortinet.com/resources/cyberglossary/virtual-cloud-network,Virtual Cloud Network,70,49,2,No,6,No,2,No,4,No,4,No,4,No,4,No,2,No,2,No,4,No,4,No,4,No,4,No,3,No,3,No,2,No,3,Yes,3,Yes,3,Yes,2,Yes,1,Yes,1,Yes,1,Yes,1,Yes,2,Yes,2,Yes,4,Yes,2,Yes,4,No,10,No,11,No,12,No,10,No,12,No,10,No,13,No,1,No,,12
5,Cloud Security,https://www.fortinet.com/resources/cyberglossary/cloud-infrastructure,Cloud Infrastructure,3600,57,2,Yes,6,No,6,No,7,No,7,No,7,No,7,No,8,No,5,No,7,No,7,No,7,No,5,No,8,No,4,No,8,No,9,Yes,11,No,12,No,14,No,11,No,13,No,14,No,17,No,16,No,16,No,17,No,15,No,23,No,17,No,17,No,13,No,7,No,18,No,17,No,20,No,17,No,,3
6,Cloud Security,https://www.fortinet.com/resources/cyberglossary/what-is-hybrid-cloud,Hybrid Cloud,4400,62,13,No,20,No,21,No,18,No,18,No,16,No,14,No,11,No,11,No,13,No,13,No,11,No,16,No,13,No,9,No,12,No,15,No,14,No,13,Yes,13,No,13,No,17,No,12,No,14,No,16,No,18,No,18,No,18,No,20,No,17,No,22,No,24,No,23,No,22,No,21,No,28,No,17,No,,11
7,Cloud Security,https://www.fortinet.com/resources/cyberglossary/hybrid-cloud-security,Hybrid Cloud Security,1300,31,4,No,3,No,1,No,2,No,6,No,4,No,4,No,5,No,5,No,5,No,8,No,7,No,10,No,8,No,2,No,4,No,6,No,3,No,2,No,3,No,10,No,10,No,5,Yes,5,No,4,Yes,2,No,6,No,4,No,6,No,11,No,10,No,10,No,10,No,10,No,10,No,10,No,6,No,,4
8,Cloud Security,https://www.fortinet.com/resources/cyberglossary/cloud-security-posture-management,CSPM,5400,26,15,No,11,No,20,No,28,No,29,Yes,16,No,11,No,6,No,3,No,4,No,5,No,4,No,6,No,6,Yes,4,No,11,No,18,No,22,No,14,No,7,No,7,No,10,No,6,No,5,No,23,No,26,No,19,No,12,No,13,Yes,5,Yes,7,Yes,8,Yes,7,No,6,No,6,No,7,No,27,No,,-20
9,Cloud Security,https://www.fortinet.com/resources/cyberglossary/what-is-cloud-native,Cloud NATive,2900,81,41,No,34,No,35,No,46,No,42,No,27,No,32,No,14,No,5,Yes,3,No,22,No,9,No,33,No,28,No,32,No,16,No,26,No,35,No,35,No,30,No,30,No,38,No,41,No,44,No,36,No,38,No,42,No,40,No,43,No,8,No,10,No,9,No,6,No,7,No,8,No,12,No,42,No,,-30
10,Cloud Security,https://www.fortinet.com/resources/cyberglossary/secure-web-gateways,Secure Web Gateway,4400,60,5,Yes,7,No,9,No,6,No,5,No,10,No,4,No,7,No,6,No,10,No,7,No,5,No,2,Yes,6,Yes,7,No,8,No,10,No,7,No,8,No,7,Yes,8,No,8,No,8,No,8,No,8,No,7,Yes,7,No,6,Yes,9,Yes,4,Yes,4,Yes,4,Yes,5,No,6,No,6,No,4,No,6,No,,-2
11,Cloud Security,https://www.fortinet.com/resources/cyberglossary/cloud-security-tools,Cloud Security Tools,2900,23,5,No,7,Yes,2,Yes,4,Yes,3,Yes,5,No,4,Yes,3,Yes,2,No,6,Yes,5,Yes,4,No,3,Yes,1,Yes,3,Yes,4,Yes,3,Yes,4,Yes,2,Yes,4,Yes,3,Yes,4,No,4,No,4,No,3,Yes,4,No,5,Yes,3,Yes,4,No,6,No,6,No,6,No,5,Yes,6,Yes,6,Yes,7,No,3,No,,4
12,Cloud Security,https://www.fortinet.com/resources/cyberglossary/cloud-security-architecture,Cloud Security Architecture,2400,33,7,No,6,No,6,No,6,No,9,Yes,11,No,8,No,9,No,8,No,6,No,5,Yes,6,No,7,No,5,No,6,No,8,No,8,No,9,No,9,No,10,Yes,9,No,10,No,14,No,15,No,11,No,10,No,16,No,11,Yes,12,Yes,6,Yes,5,No,5,Yes,7,No,7,No,8,No,8,No,11,No,,-3
13,Cloud Security,https://www.fortinet.com/resources/cyberglossary/cloud-security-best-practices,Cloud Security Best Practices,3600,50,6,No,8,No,8,No,12,No,17,No,14,No,14,No,8,No,4,Yes,3,Yes,4,Yes,10,No,4,Yes,4,Yes,8,Yes,4,Yes,6,Yes,20,No,18,No,18,No,18,No,21,No,20,No,13,No,8,Yes,5,Yes,22,Yes,10,No,18,No,17,No,17,No,14,No,16,No,19,No,18,No,21,No,16,No,,5
14,Cloud Security,https://www.fortinet.com/resources/cyberglossary/multi-cloud-security,Multi Cloud Security,320,27,9,No,6,No,11,No,11,No,9,No,8,No,9,No,8,No,4,No,5,Yes,4,Yes,3,Yes,2,Yes,5,Yes,5,Yes,4,Yes,9,Yes,10,No,12,No,9,No,10,No,9,No,10,No,11,No,3,No,3,No,2,No,4,No,5,No,18,No,18,No,17,No,17,No,18,No,16,No,16,No,8,No,,8
15,NGFW,https://www.fortinet.com/resources/cyberglossary/cloud-native-firewalls,Cloud Native Firewall,50,38,1,Yes,1,Yes,1,Yes,41,Yes,41,Yes,41,Yes,41,Yes,28,Yes,28,No,28,No,28,No,41,No,43,No,43,No,14,No,43,No,77,No,61,No,69,No,69,No,69,No,69,No,51,No,52,No,60,No,40,No,45,No,5,No,7,Yes,20,Yes,17,Yes,23,No,17,No,22,No,18,No,18,No,16,No,,2
16,Cloud Security,https://www.fortinet.com/resources/cyberglossary/cloud-application-security,Cloud Application Security,1000,20,-,,,,,,1,No,1,No,1,No,1,No,1,No,2,No,3,No,3,No,2,No,3,No,3,No,3,No,2,No,2,No,2,No,2,No,2,No,3,No,2,No,3,No,3,No,3,No,5,No,6,No,5,No,7,Yes,8,No,6,No,10,No,6,Yes,8,Yes,4,Yes,4,Yes,3,Yes,,1
17,Cloud Security,https://www.fortinet.com/resources/cyberglossary/public-vs-private-cloud,Private Cloud Vs Public Cloud,3600,28,-,,,,,,,,,,,,,,,,,,,,,,,,,,-,No,-,No,-,No,-,No,-,No,-,No,-,No,-,No,-,No,-,No,-,No,38,No,32,No,33,No,22,No,24,No,21,No,18,No,9,No,23,No,20,No,11,No,15,No,10,No,,5
18,NGFW,https://www.fortinet.com/resources/cyberglossary/distributed-firewall,Distributed Firewall,50,22,2,No,2,No,1,No,2,No,2,Yes,2,Yes,2,Yes,2,Yes,2,Yes,2,Yes,2,Yes,2,No,2,No,2,No,3,No,3,No,3,No,1,No,2,No,3,No,2,No,2,No,2,No,2,No,2,No,2,No,4,No,3,No,6,No,22,No,23,No,27,No,26,No,27,No,24,No,26,No,1,Yes,,25
19,NGFW,https://www.fortinet.com/resources/cyberglossary/stateful-firewall,Stateful Firewall,1600,31,2,Yes,2,Yes,1,Yes,1,Yes,1,Yes,2,No,2,No,4,No,5,No,4,No,4,No,3,No,4,No,6,Yes,3,Yes,3,Yes,3,Yes,2,Yes,3,Yes,4,Yes,3,Yes,3,Yes,3,Yes,3,Yes,5,Yes,5,Yes,7,Yes,4,Yes,6,No,34,No,38,No,42,No,44,No,45,No,41,No,37,No,4,No,,33
20,NGFW,https://www.fortinet.com/resources/cyberglossary/dns-firewall,DNS Firewall,320,30,4,No,3,No,14,No,4,No,3,No,3,No,5,No,3,No,2,No,16,No,3,No,15,No,18,Yes,18,Yes,5,Yes,20,Yes,20,Yes,1,Yes,3,Yes,13,Yes,10,Yes,5,Yes,10,Yes,6,Yes,3,Yes,6,Yes,10,Yes,9,Yes,10,No,10,Yes,7,No,9,No,7,Yes,6,Yes,6,Yes,6,Yes,9,No,,-3
21,NGFW,https://www.fortinet.com/resources/cyberglossary/firewall-design-principles,Firewall Design Principles,20,21,2,No,2,No,2,No,2,No,2,No,2,No,2,No,2,No,2,No,2,No,2,No,2,No,2,No,2,No,2,No,4,No,7,No,5,No,3,No,8,No,5,No,7,No,6,No,3,No,6,No,2,No,2,No,2,No,19,Yes,9,Yes,9,Yes,15,Yes,12,No,12,No,11,No,9,No,6,No,,3
22,Network Security,https://www.fortinet.com/resources/cyberglossary/what-is-network-security,Network Security,1300,48,6,No,9,No,10,No,11,No,13,No,14,No,6,No,5,No,3,No,4,No,5,No,3,No,3,Yes,3,Yes,2,Yes,3,Yes,2,Yes,3,Yes,2,Yes,2,Yes,2,Yes,2,Yes,3,Yes,7,Yes,11,No,8,Yes,5,Yes,11,Yes,14,Yes,2,Yes,2,Yes,4,Yes,4,No,3,No,8,Yes,2,Yes,7,Yes,,-5
23,OT Security,https://www.fortinet.com/resources/cyberglossary/ot-security-best-practices,OT Security Best Practices,140,19,7,Yes,7,Yes,8,Yes,1,Yes,1,Yes,1,Yes,1,Yes,2,Yes,2,Yes,2,Yes,5,Yes,1,Yes,2,Yes,2,Yes,2,Yes,2,Yes,1,Yes,2,Yes,1,Yes,1,Yes,1,Yes,1,Yes,1,Yes,1,Yes,1,Yes,1,Yes,2,Yes,8,Yes,19,Yes,3,Yes,3,No,2,Yes,2,Yes,3,No,3,No,4,No,11,No,,-7
24,Cyber Compliance,https://www.fortinet.com/resources/cyberglossary/ot-network-segmentation-and-microsegmentation,OT Network Segmentation,140,6,1,No,1,No,1,No,13,No,6,No,6,No,3,No,3,No,4,No,4,No,3,No,3,No,3,No,2,No,2,No,2,No,2,No,2,No,2,No,2,No,3,No,25,No,2,No,2,No,2,No,2,No,2,No,2,No,3,No,8,Yes,14,No,10,Yes,13,No,11,No,10,No,4,No,2,No,,2
25,OT Security,https://www.fortinet.com/resources/cyberglossary/ics-scada,ICS SCADA,90,14,4,Yes,5,Yes,1,Yes,1,Yes,1,Yes,1,Yes,1,Yes,1,Yes,1,Yes,1,Yes,1,Yes,1,Yes,2,No,7,No,7,No,7,No,3,No,5,No,4,No,2,No,4,No,4,No,4,No,5,No,3,Yes,3,Yes,3,Yes,3,Yes,5,No,9,Yes,19,Yes,21,Yes,25,No,24,No,25,No,23,No,1,No,,22
26,Quantum Security,https://www.fortinet.com/resources/cyberglossary/quantum-security,Quantum Security,720,41,7,No,6,No,7,No,8,No,8,No,8,No,8,No,6,No,6,No,5,No,6,No,5,No,5,No,6,No,6,No,4,No,5,No,4,No,3,No,4,No,4,No,3,No,2,Yes,2,Yes,2,Yes,3,Yes,6,Yes,4,Yes,6,No,5,No,4,No,4,No,4,Yes,6,Yes,7,Yes,7,Yes,6,Yes,,1
27,SASE,https://www.fortinet.com/resources/cyberglossary/sase-benefits,SASE Benefits,720,17,6,No,5,No,8,No,8,No,6,No,2,No,3,No,3,No,2,No,1,No,1,No,1,No,1,No,2,No,3,No,4,No,11,No,3,No,2,No,2,No,2,No,2,No,2,No,2,No,2,No,2,No,8,No,5,No,7,No,1,No,1,No,1,No,1,No,1,No,1,No,1,No,6,No,,-5
28,SASE,https://www.fortinet.com/resources/cyberglossary/sd-wan-architecture,SD WAN Architecture,320,19,7,No,6,No,1,No,2,No,2,No,2,No,2,No,5,No,10,No,4,No,2,No,2,No,5,No,6,No,1,No,1,No,1,No,2,No,2,Yes,1,Yes,1,Yes,1,Yes,1,Yes,1,Yes,4,Yes,4,Yes,2,Yes,4,Yes,5,No,6,No,6,No,24,No,11,No,6,No,11,No,5,No,5,No,,0
29,SASE,https://www.fortinet.com/resources/cyberglossary/sd-wan-costs,SD WAN Cost,110,9,3,Yes,3,Yes,1,Yes,1,Yes,1,Yes,1,Yes,1,Yes,2,No,3,No,5,No,7,No,8,No,8,No,8,No,7,No,4,No,4,Yes,5,Yes,4,Yes,3,Yes,3,Yes,4,Yes,14,Yes,14,No,6,No,1,No,4,No,3,No,7,No,5,No,7,No,7,No,4,No,7,No,7,No,11,Yes,6,Yes,,5
30,ZTNA,https://www.fortinet.com/resources/cyberglossary/zero-trust-architecture,Zero Trust Architecture,6600,78,42,No,45,No,45,No,39,No,34,No,24,No,32,No,4,No,19,No,17,Yes,14,No,15,No,13,No,8,Yes,9,No,13,No,14,No,35,No,46,No,24,No,22,No,32,No,36,No,51,No,53,No,55,No,53,No,42,Yes,50,No,6,Yes,6,Yes,6,Yes,4,Yes,4,Yes,3,No,3,No,42,No,,-39
31,ZTNA,https://www.fortinet.com/resources/cyberglossary/zero-trust-for-the-cloud,Zero Trust Cloud,390,48,-,,,,,,11,Yes,9,Yes,10,Yes,10,Yes,14,Yes,15,No,2,No,8,No,6,No,6,No,6,No,3,No,10,No,11,No,9,No,9,No,7,No,6,No,17,No,11,No,22,No,21,No,19,No,36,No,26,No,36,No,5,No,3,No,4,No,6,No,4,No,5,No,11,No,9,No,,2
32,VPN,https://www.fortinet.com/resources/cyberglossary/vpn-wifi,Public Wifi,1000,52,6,Yes,12,Yes,9,Yes,9,Yes,7,Yes,9,No,6,No,3,No,5,No,3,No,5,No,4,No,4,No,4,Yes,5,Yes,5,Yes,6,Yes,7,Yes,5,Yes,3,Yes,4,Yes,3,Yes,4,Yes,4,Yes,6,Yes,7,Yes,7,Yes,7,Yes,9,Yes,6,Yes,3,Yes,4,Yes,7,No,10,No,9,No,11,No,6,No,,5
33,Cyber Threats,https://www.fortinet.com/resources/cyberglossary/threat-hunting,Threat Hunting,4400,40,19,No,22,No,23,No,26,No,25,No,17,No,20,No,18,No,20,No,21,No,20,No,19,No,18,No,19,No,14,No,8,No,7,No,7,No,12,No,19,No,24,No,13,No,9,No,12,No,11,No,15,No,12,No,14,No,17,No,4,No,4,No,20,No,19,No,16,No,17,No,20,No,27,No,,-7
34,Cyber Security,https://www.fortinet.com/resources/cyberglossary/information-security,Information Security,1000,52,10,No,12,No,17,No,13,No,9,No,12,No,13,No,17,No,19,No,10,No,11,No,11,No,10,No,10,No,10,No,15,No,19,No,14,No,23,No,26,No,21,No,25,No,21,No,32,No,29,No,25,No,31,No,27,No,30,No,25,No,25,No,28,No,27,No,13,No,7,No,18,No,29,No,,-11
35,Access Control,https://www.fortinet.com/resources/cyberglossary/oauth,OAUTH,12100,71,6,No,5,No,4,No,7,No,4,No,5,No,3,No,4,Yes,5,No,5,No,7,No,8,No,5,No,6,No,5,Yes,5,No,7,No,8,No,6,No,8,No,3,No,7,No,3,No,4,No,4,Yes,4,No,5,No,6,No,22,No,2,No,13,No,2,Yes,2,Yes,2,No,2,No,17,No,12,No,,5
36,Cyber Security,https://www.fortinet.com/resources/cyberglossary/credential-stuffing,Credential Stuffing,3600,55,5,No,8,No,5,No,8,No,7,Yes,4,Yes,6,Yes,3,Yes,5,No,5,Yes,2,No,3,Yes,5,No,2,Yes,4,No,5,No,4,Yes,5,Yes,7,No,9,No,5,No,6,No,4,Yes,6,No,4,Yes,5,Yes,5,Yes,4,Yes,6,Yes,4,Yes,3,Yes,4,Yes,4,Yes,2,No,4,No,4,No,5,No,,-1
37,Cyber Threats,https://www.fortinet.com/resources/cyberglossary/malvertising,Malvertising,1900,53,11,No,11,No,10,Yes,11,No,15,No,9,No,4,Yes,5,Yes,5,No,2,No,5,No,3,No,4,No,2,No,2,Yes,2,No,3,No,2,Yes,1,Yes,2,Yes,4,Yes,6,No,7,Yes,9,No,10,No,9,No,11,No,9,No,10,Yes,2,Yes,6,Yes,5,Yes,5,No,5,No,5,No,5,No,10,No,,-5
38,OT Security,https://www.fortinet.com/resources/cyberglossary/edge-computing,EDGE Computing,3600,67,22,No,20,No,16,No,19,No,21,No,20,No,20,No,12,No,11,No,11,No,8,No,8,No,9,No,9,No,12,No,15,No,18,No,21,No,22,No,19,No,11,No,21,No,19,No,7,No,20,No,23,No,16,No,23,No,28,Yes,29,Yes,30,Yes,19,Yes,25,No,2,No,28,No,28,No,33,No,,-5
39,Cyber Threats,https://www.fortinet.com/resources/cyberglossary/wannacry-ransomware-attack,Wannacry Ransomware Attack,2900,65,6,No,8,No,8,No,8,No,8,No,8,No,7,No,7,No,8,No,6,No,6,No,6,No,8,No,8,No,8,No,9,No,9,No,10,No,9,No,9,No,9,No,10,No,9,No,10,No,10,No,10,No,10,No,8,No,9,Yes,12,Yes,7,Yes,8,Yes,2,No,1,No,1,No,1,No,9,No,,-8
40,Access Control,https://www.fortinet.com/resources/cyberglossary/authentication-vs-authorization,Authentication Vs Authorization,3600,47,7,No,4,No,10,No,10,No,6,No,4,No,3,No,5,No,4,No,6,No,3,No,3,No,2,No,2,Yes,4,Yes,3,No,4,Yes,5,No,5,No,3,No,7,No,10,No,7,No,5,No,8,No,7,Yes,5,Yes,7,No,9,Yes,15,Yes,6,Yes,3,Yes,3,No,2,No,3,No,3,No,7,No,,-4
41,Email Security,https://www.fortinet.com/resources/cyberglossary/email-spoofing,Email Spoofing,2400,56,10,Yes,10,Yes,12,No,8,No,7,Yes,9,Yes,7,Yes,6,No,5,No,5,No,5,No,5,No,2,No,2,No,4,No,5,No,3,No,5,Yes,5,Yes,5,Yes,7,Yes,7,No,7,Yes,7,Yes,6,Yes,8,Yes,5,No,6,Yes,7,Yes,2,Yes,2,Yes,2,Yes,1,No,2,No,2,No,2,No,7,No,,-5
42,Data Security,https://www.fortinet.com/resources/cyberglossary/cybersecurity-analytics,Cybersecurity Analytics,480,28,16,Yes,20,Yes,21,Yes,20,Yes,10,Yes,8,Yes,17,Yes,10,Yes,10,Yes,4,Yes,3,Yes,6,Yes,2,Yes,4,Yes,2,Yes,2,Yes,2,Yes,3,Yes,4,No,5,No,2,No,5,No,5,No,7,No,8,No,14,No,11,No,4,No,6,No,2,No,2,No,2,No,1,No,1,No,1,Yes,1,Yes,6,Yes,,-5
43,Cyber Threats,https://www.fortinet.com/resources/cyberglossary/worm-virus,Worm Virus,1300,38,3,No,3,No,1,No,1,No,1,Yes,2,Yes,1,Yes,2,Yes,2,Yes,2,Yes,3,Yes,2,Yes,3,Yes,3,Yes,2,Yes,2,Yes,2,Yes,2,Yes,2,Yes,2,Yes,2,Yes,2,Yes,2,Yes,3,Yes,2,Yes,2,Yes,2,Yes,2,Yes,3,Yes,3,No,3,No,3,No,3,No,6,No,4,No,3,No,2,Yes,,1
44,Cyber Threats,https://www.fortinet.com/resources/cyberglossary/computer-virus,Computer Viruses,2400,49,4,No,4,No,3,No,4,Yes,5,Yes,3,Yes,3,Yes,2,Yes,5,No,4,Yes,4,No,3,No,5,No,5,No,2,No,2,Yes,2,Yes,3,Yes,3,Yes,3,Yes,3,No,3,Yes,4,Yes,4,No,5,Yes,4,Yes,4,Yes,3,Yes,5,Yes,6,Yes,31,Yes,12,Yes,6,No,3,No,6,Yes,7,Yes,5,Yes,,2
45,VPN,https://www.fortinet.com/resources/cyberglossary/vpn-blocker,VPN Blocker,2900,68,2,Yes,4,Yes,5,No,5,No,5,No,4,No,3,Yes,3,No,5,No,7,No,4,No,2,Yes,2,Yes,3,No,4,Yes,3,Yes,2,Yes,4,Yes,2,Yes,2,Yes,3,Yes,3,Yes,3,Yes,3,Yes,3,Yes,4,Yes,5,Yes,4,Yes,5,Yes,6,No,5,No,4,No,3,Yes,3,Yes,2,Yes,3,No,6,No,,-3
46,Cyber Threats,https://www.fortinet.com/resources/cyberglossary/dns-poisoning,DNS Poisioning,20,42,2,No,3,No,2,No,3,No,2,No,2,No,1,No,2,No,3,No,2,No,3,No,2,No,2,No,2,No,2,No,2,No,2,No,2,No,2,No,3,No,3,No,3,No,3,No,3,No,2,No,2,No,2,No,2,No,4,No,2,No,2,No,2,No,4,No,4,No,4,No,5,No,2,No,,3
47,Cyber Threats,https://www.fortinet.com/resources/cyberglossary/cyber-warfare,Cyberwarfare,1600,55,5,No,7,No,5,No,4,No,6,No,6,No,5,No,6,No,7,No,5,No,4,No,6,No,4,No,5,No,4,No,3,No,3,Yes,3,Yes,3,Yes,2,Yes,2,Yes,2,Yes,3,Yes,4,No,6,Yes,5,No,6,Yes,4,Yes,5,No,2,No,2,No,2,No,2,Yes,4,Yes,4,No,3,No,3,Yes,,0
48,Cyber Threats,https://www.fortinet.com/resources/cyberglossary/indicators-of-compromise,Indicators Of Compromise,4400,51,2,Yes,1,Yes,1,No,2,Yes,2,Yes,3,No,2,Yes,2,Yes,3,No,3,No,2,No,2,No,2,No,2,Yes,2,Yes,2,Yes,2,Yes,2,Yes,2,Yes,2,Yes,2,Yes,2,No,3,No,3,No,2,No,1,Yes,1,Yes,1,No,2,No,1,No,2,No,2,No,2,No,3,No,2,No,2,Yes,3,No,,-1
49,Cyber Security,https://www.fortinet.com/resources/cyberglossary/file-transfer-protocol-ftp-meaning,File Transfer Protocol,1600,49,3,No,3,No,3,No,3,No,2,No,2,No,2,No,2,No,3,No,3,No,3,No,3,No,3,No,3,No,2,No,2,No,2,No,2,No,2,No,2,No,3,No,3,No,4,No,3,No,3,No,4,No,4,No,3,No,4,No,2,No,2,No,2,No,5,No,5,No,5,No,5,No,5,No,,0
50,Network Security,https://www.fortinet.com/resources/cyberglossary/kerberos-authentication,Kerberos Authentication,1900,43,2,Yes,2,Yes,3,Yes,2,No,2,Yes,1,No,1,Yes,1,Yes,1,No,2,No,2,No,3,No,2,No,1,Yes,1,No,1,Yes,2,No,3,Yes,1,No,1,Yes,3,No,4,No,3,No,1,No,2,No,1,No,1,No,1,No,2,Yes,14,Yes,5,Yes,14,Yes,14,Yes,10,Yes,7,Yes,13,Yes,3,Yes,,10
51,Cyber Security,https://www.fortinet.com/resources/cyberglossary/network-address-translation,What Is NAT,4400,48,2,Yes,2,Yes,6,No,6,No,5,No,5,Yes,4,Yes,2,Yes,6,Yes,2,Yes,3,No,2,Yes,2,Yes,3,Yes,2,Yes,5,No,6,Yes,7,No,4,Yes,6,Yes,6,No,7,No,6,No,5,No,4,Yes,5,Yes,4,Yes,5,No,6,No,2,Yes,4,Yes,2,Yes,2,No,3,No,2,No,2,No,5,No,,-3
52,Network Security,https://www.fortinet.com/resources/cyberglossary/what-is-an-ips,What Is An IPS,720,38,2,Yes,13,Yes,11,Yes,14,Yes,15,Yes,12,Yes,15,Yes,12,Yes,6,Yes,2,Yes,2,Yes,2,Yes,1,Yes,1,Yes,1,Yes,1,Yes,1,Yes,1,Yes,1,Yes,1,Yes,1,Yes,1,Yes,1,Yes,1,Yes,2,Yes,4,Yes,14,No,6,No,7,Yes,3,Yes,3,Yes,5,Yes,5,No,8,No,4,Yes,4,Yes,6,Yes,,-2
53,Network Security,https://www.fortinet.com/resources/cyberglossary/hardware-security-module,What Is HSM,14800,71,9,No,7,Yes,7,Yes,10,No,11,No,8,Yes,6,No,8,No,6,No,13,No,13,No,12,No,11,No,10,No,9,No,11,No,11,No,15,No,14,No,15,No,1,No,6,No,15,No,5,No,1,Yes,2,Yes,6,Yes,2,Yes,3,No,2,No,2,No,2,No,3,No,2,No,2,No,2,No,2,No,,0
54,Network Security,https://www.fortinet.com/resources/cyberglossary/what-is-ethernet-switching,Ethernet Switching,260,33,6,No,5,No,3,No,6,No,9,No,6,No,5,No,3,No,5,Yes,4,Yes,4,Yes,5,Yes,7,Yes,7,Yes,3,No,1,No,1,No,1,No,1,No,1,No,3,No,4,No,5,No,7,No,6,No,3,No,9,Yes,9,Yes,14,No,19,No,19,No,19,No,9,No,7,No,6,No,6,No,7,No,,-1
55,Cyber Threats,https://www.fortinet.com/resources/cyberglossary/buffer-overflow,Buffer Overflow,2900,56,2,Yes,3,Yes,2,Yes,2,No,2,No,2,No,3,No,2,No,3,Yes,3,No,3,No,4,No,3,No,3,No,3,No,2,Yes,3,No,3,No,3,Yes,2,Yes,2,Yes,2,No,2,Yes,2,Yes,2,Yes,1,Yes,1,Yes,1,Yes,2,Yes,2,Yes,2,Yes,2,Yes,2,No,3,Yes,2,No,2,No,3,Yes,,-1
56,Cyber Security,https://www.fortinet.com/resources/cyberglossary/internet-control-message-protocol-icmp,ICMP,12100,75,3,No,4,Yes,4,Yes,4,No,5,Yes,2,Yes,2,Yes,3,Yes,5,No,4,No,4,No,2,Yes,3,Yes,3,Yes,4,Yes,2,Yes,2,Yes,4,Yes,4,Yes,5,Yes,2,Yes,2,Yes,3,No,4,No,2,Yes,2,Yes,3,Yes,5,No,6,No,6,No,6,No,6,No,6,No,5,No,6,No,5,Yes,4,Yes,,1
57,Cyber Security,https://www.fortinet.com/resources/cyberglossary/fault-tolerance,Fault Tolerance,2400,44,3,Yes,2,Yes,1,Yes,2,No,2,No,2,No,2,No,3,Yes,6,No,4,No,3,No,4,No,3,No,4,No,3,Yes,3,Yes,3,Yes,3,Yes,3,Yes,3,Yes,3,Yes,3,Yes,2,Yes,2,Yes,2,Yes,2,Yes,2,Yes,3,No,4,No,2,No,2,No,2,No,4,No,3,No,2,No,2,No,5,No,,-3
58,Network Security,https://www.fortinet.com/resources/cyberglossary/dns-protection,DNS Protection,590,47,1,Yes,1,Yes,1,Yes,1,Yes,1,Yes,1,Yes,1,Yes,1,No,1,No,1,No,1,No,1,No,1,No,1,No,1,No,1,Yes,1,Yes,1,Yes,1,Yes,4,Yes,2,Yes,2,Yes,2,Yes,5,Yes,11,Yes,10,Yes,10,Yes,9,Yes,12,No,4,No,4,No,4,No,7,No,9,No,7,No,13,No,9,No,,4
59,Data Security,https://www.fortinet.com/resources/cyberglossary/data-leak,Data Leak,4400,65,6,No,5,No,9,No,6,No,7,No,7,No,7,Yes,8,Yes,8,No,8,No,7,No,6,No,6,No,7,No,8,No,5,No,4,Yes,6,No,6,Yes,7,No,7,No,5,Yes,6,No,7,No,8,Yes,8,Yes,6,Yes,6,Yes,7,No,4,No,8,No,4,No,4,Yes,4,No,4,Yes,7,No,8,No,,-1
60,Network Security,https://www.fortinet.com/resources/cyberglossary/latency,Latency,33100,67,5,No,5,No,6,No,6,No,9,No,7,No,5,No,5,No,5,No,5,No,4,No,4,No,5,Yes,4,No,2,Yes,5,Yes,4,Yes,3,Yes,3,Yes,5,Yes,3,Yes,5,Yes,5,Yes,5,No,4,No,5,No,5,Yes,4,Yes,5,No,4,No,3,No,4,No,45,Yes,13,Yes,12,No,14,Yes,6,Yes,,8
61,Cyber Threats,https://www.fortinet.com/resources/cyberglossary/catfishing,What Is Catfishing,8100,48,2,Yes,3,No,4,No,3,No,3,No,2,Yes,3,Yes,2,Yes,2,No,2,Yes,2,No,2,No,1,Yes,1,No,1,Yes,1,Yes,1,Yes,2,Yes,2,Yes,2,Yes,2,Yes,2,No,2,No,2,Yes,2,Yes,2,No,2,Yes,2,Yes,3,No,3,No,3,No,2,No,2,Yes,2,Yes,2,No,3,No,2,Yes,,1
62,Cyber Threats,https://www.fortinet.com/resources/cyberglossary/smb-cyberattacks,Cyber Attacks On Small Business,0,51,1,No,1,No,1,No,1,No,1,No,1,No,1,No,1,No,1,No,1,No,1,No,1,No,1,No,1,No,1,No,1,No,1,No,1,No,1,No,1,No,1,No,1,No,1,No,1,No,6,No,7,No,3,No,3,No,4,No,25,No,27,No,19,No,17,No,28,No,40,No,22,No,2,No,,20
63,Cyber Threats,https://www.fortinet.com/resources/cyberglossary/ping-of-death,Ping Of Death,880,30,3,No,5,No,3,No,3,No,5,Yes,5,Yes,4,Yes,4,Yes,5,Yes,3,Yes,4,Yes,4,Yes,3,Yes,4,Yes,2,Yes,4,Yes,5,Yes,5,Yes,2,Yes,3,Yes,3,Yes,3,No,5,No,6,No,5,No,5,No,4,No,5,No,6,Yes,4,Yes,4,Yes,4,Yes,4,No,1,No,1,No,1,No,6,No,,-5
64,SASE,https://www.fortinet.com/resources/cyberglossary/security-service-edge-sse,What Is SSE,1300,20,13,No,12,No,13,No,14,No,16,No,16,No,15,No,9,No,9,No,10,No,8,No,5,Yes,6,Yes,8,Yes,9,Yes,6,Yes,4,Yes,4,Yes,3,Yes,3,Yes,5,Yes,7,Yes,8,No,6,No,3,No,6,No,5,Yes,3,No,7,Yes,14,No,16,No,20,No,14,Yes,11,No,9,Yes,12,Yes,7,Yes,,5
65,Cyber Security,https://www.fortinet.com/resources/cyberglossary/mobile-app-security,Mobile App Security,1600,20,1,No,1,No,1,No,1,Yes,1,No,1,No,1,No,1,No,1,No,1,Yes,1,Yes,1,Yes,2,Yes,1,No,2,Yes,2,Yes,2,Yes,2,Yes,3,Yes,3,Yes,4,No,4,No,4,No,5,No,5,No,3,Yes,5,No,4,No,5,Yes,2,Yes,2,Yes,2,Yes,3,No,3,No,2,No,2,No,8,No,,-6
66,Cyber Threats,https://www.fortinet.com/resources/cyberglossary/peer-to-peer-p2p-vpn,P2P VPN,3600,43,1,No,1,No,1,Yes,1,No,1,Yes,1,No,1,No,1,No,1,Yes,2,Yes,4,Yes,6,Yes,7,No,4,Yes,4,Yes,5,Yes,3,Yes,3,Yes,3,Yes,4,Yes,4,No,3,No,3,No,3,Yes,3,Yes,5,Yes,5,Yes,4,Yes,11,Yes,2,Yes,1,Yes,1,Yes,1,Yes,1,No,1,No,1,Yes,7,Yes,,-6
67,Cyber Security,https://www.fortinet.com/resources/cyberglossary/runtime-application-self-protection-rasp,Runtime Application Self-Protection,320,32,6,Yes,5,Yes,3,No,6,Yes,6,Yes,6,Yes,6,Yes,5,Yes,6,Yes,3,Yes,5,Yes,1,Yes,1,Yes,4,Yes,5,Yes,5,No,5,No,4,No,4,No,6,No,8,No,9,No,7,No,8,No,9,No,9,No,8,No,8,No,9,No,3,No,7,No,8,No,8,No,8,No,8,No,7,No,9,No,,-2
68,Cyber Security,https://www.fortinet.com/resources/cyberglossary/enterprise-security,Enterprise Security,2400,43,3,No,3,No,3,Yes,3,No,3,No,3,Yes,2,Yes,2,Yes,3,No,3,Yes,2,No,2,No,3,No,3,Yes,4,Yes,3,Yes,3,Yes,2,No,3,Yes,3,No,3,Yes,3,Yes,3,No,3,No,4,Yes,4,Yes,4,No,3,Yes,4,Yes,2,Yes,2,Yes,2,Yes,2,Yes,2,No,2,No,2,Yes,4,Yes,,-2
69,Cyber Threats,https://www.fortinet.com/resources/cyberglossary/cryptojacking,Cryptojacking,1600,56,3,No,2,No,5,No,5,No,5,No,8,No,6,No,6,No,5,No,6,No,6,No,2,Yes,5,No,4,No,5,Yes,3,Yes,2,Yes,3,Yes,6,Yes,8,No,6,No,7,No,8,No,9,No,8,No,7,No,8,No,7,No,8,Yes,5,Yes,10,Yes,7,Yes,6,No,6,No,9,Yes,15,No,10,No,,5
70,Cyber Threats,https://www.fortinet.com/resources/cyberglossary/smishing,Smishing,18100,52,4,Yes,8,No,7,No,5,Yes,6,Yes,5,No,5,No,5,No,7,No,5,No,6,No,4,No,4,No,4,No,3,No,5,No,5,Yes,8,No,8,No,10,No,11,No,11,No,11,No,11,No,11,No,9,No,8,No,8,Yes,9,Yes,5,Yes,5,No,7,No,3,No,3,No,3,No,3,No,11,No,,-8
71,Cyber Threats,https://www.fortinet.com/resources/cyberglossary/shadow-it,Shadow It,3600,50,8,No,11,No,11,No,12,No,6,No,13,No,10,No,8,No,12,No,11,No,7,No,8,No,7,No,10,No,5,No,13,No,10,No,12,No,12,No,8,No,13,No,19,No,22,No,17,No,23,No,21,No,15,No,19,No,23,No,21,No,22,No,17,No,18,No,14,No,5,Yes,7,Yes,10,Yes,,-3
72,Cyber Security,https://www.fortinet.com/resources/cyberglossary/data-center,What Is Data Center,590,52,11,No,8,No,6,No,5,No,8,No,4,No,4,No,4,No,5,No,5,No,3,No,4,No,2,No,2,Yes,3,Yes,4,Yes,7,Yes,5,Yes,6,Yes,7,Yes,7,Yes,7,No,8,No,8,No,8,No,8,No,5,No,5,No,6,No,3,No,2,No,3,No,12,No,4,No,2,No,15,No,8,No,,7
73,Network Security,https://www.fortinet.com/resources/cyberglossary/data-integrity,Data Integrity,5400,55,3,Yes,7,No,6,No,6,No,4,Yes,6,No,7,No,4,Yes,8,No,7,No,5,No,7,No,8,No,6,No,3,No,8,Yes,4,No,2,Yes,3,No,5,No,5,No,5,No,5,No,6,No,3,No,4,No,4,No,2,Yes,4,No,5,No,5,No,7,No,8,No,6,No,7,No,7,No,5,No,,2
74,Cyber Threats,https://www.fortinet.com/resources/cyberglossary/wardriving,Wardriving,1900,44,4,No,3,No,1,No,1,No,1,No,1,No,1,Yes,2,Yes,4,Yes,3,Yes,2,Yes,3,Yes,2,Yes,2,Yes,4,No,4,No,2,No,3,No,3,No,3,No,4,No,4,No,4,Yes,5,Yes,4,Yes,4,Yes,3,Yes,3,Yes,4,Yes,4,Yes,3,Yes,3,Yes,3,No,4,No,3,Yes,3,No,5,No,,-2
75,VPN,https://www.fortinet.com/resources/cyberglossary/ssl-vpn,SSL VPN,4400,55,1,No,1,Yes,1,Yes,1,No,1,No,1,No,1,No,1,Yes,1,No,2,Yes,5,Yes,4,Yes,3,Yes,3,No,3,Yes,3,Yes,3,No,4,Yes,3,Yes,3,Yes,2,Yes,2,No,2,Yes,1,Yes,1,Yes,1,No,1,No,4,Yes,5,Yes,4,Yes,6,Yes,5,Yes,5,Yes,4,Yes,4,Yes,4,Yes,6,Yes,,-2
76,Network Security,https://www.fortinet.com/resources/cyberglossary/snort,Snort,6600,66,9,No,9,No,9,No,9,No,8,No,9,No,9,No,7,No,8,No,8,No,6,No,5,No,5,No,6,Yes,7,No,5,No,7,Yes,9,No,9,No,9,No,9,No,9,No,9,No,8,No,6,No,6,No,7,No,5,No,8,No,10,No,13,Yes,7,No,13,No,14,No,12,No,9,No,7,No,,2
77,Cyber Threats,https://www.fortinet.com/resources/cyberglossary/zero-day-attack,Zero-Day Attack,1000,50,11,No,14,No,13,No,17,No,9,No,12,No,12,No,12,No,10,No,12,No,3,No,5,No,17,No,2,No,2,No,6,No,11,No,6,No,2,No,3,No,4,No,2,No,3,Yes,2,Yes,2,Yes,2,Yes,2,Yes,1,Yes,3,No,3,No,3,No,2,No,3,Yes,2,Yes,2,Yes,2,Yes,1,Yes,,1
78,Cyber Security,https://www.fortinet.com/resources/cyberglossary/vulnerability-scanning-compare,Vulnerability Scanning Vs Penetration Testing,390,25,4,Yes,3,No,3,No,3,No,3,No,3,No,3,No,3,No,3,No,5,No,2,No,3,No,3,No,2,No,5,No,2,No,1,No,1,No,1,No,1,No,1,No,1,No,1,No,2,No,2,No,1,No,1,No,1,No,2,No,1,No,1,No,1,No,1,No,1,No,1,No,1,No,1,No,,0
79,Cloud Security,https://www.fortinet.com/resources/cyberglossary/api-security,API Security,3600,55,6,No,5,No,6,No,9,No,6,No,6,No,6,No,4,No,8,No,5,No,6,No,5,No,2,No,3,No,2,No,3,No,3,No,4,No,2,Yes,2,Yes,5,Yes,5,No,4,Yes,6,Yes,5,Yes,3,Yes,5,Yes,5,Yes,6,No,6,No,4,No,6,No,6,No,6,No,6,No,6,No,6,No,,0
80,Cyber Security,https://www.fortinet.com/resources/cyberglossary/what-is-cryptography,Cryptography,22200,77,3,No,4,Yes,2,Yes,3,No,3,Yes,2,Yes,2,Yes,2,No,6,No,5,No,4,No,4,No,3,No,3,No,3,Yes,3,No,3,Yes,3,Yes,2,Yes,3,No,3,Yes,3,Yes,4,Yes,4,Yes,5,No,5,Yes,5,No,3,No,4,Yes,2,Yes,2,Yes,2,Yes,4,No,5,No,4,Yes,4,Yes,4,No,,0
81,Cyber Threats,https://www.fortinet.com/resources/cyberglossary/doxing,Doxing,27100,56,10,No,10,No,9,No,9,No,10,No,8,No,9,No,9,No,8,No,3,No,7,No,5,No,10,No,6,No,6,No,6,No,10,No,12,No,9,No,10,No,10,No,12,No,7,Yes,11,No,12,No,11,No,12,No,8,No,10,Yes,2,Yes,2,Yes,2,Yes,2,No,2,No,10,No,10,No,10,No,,0
82,Access Control,https://www.fortinet.com/resources/cyberglossary/access-control,Access Control,1000,66,3,No,2,No,1,No,1,No,3,No,5,No,2,No,3,No,4,No,4,No,4,No,2,No,2,No,3,No,4,No,2,No,3,No,3,No,4,No,3,No,3,No,3,No,2,No,3,No,3,Yes,3,Yes,4,Yes,3,Yes,4,Yes,3,Yes,2,Yes,2,Yes,2,No,2,Yes,2,Yes,2,No,3,No,,-1
83,Email Security,https://www.fortinet.com/resources/cyberglossary/dkim-record,DKIM Record,1300,64,37,No,25,No,17,No,12,No,10,No,9,No,9,No,4,No,3,Yes,2,Yes,5,Yes,6,Yes,5,Yes,6,Yes,3,Yes,4,Yes,4,No,7,No,7,No,9,No,7,No,7,No,5,No,5,No,6,No,6,No,7,No,9,No,10,No,3,No,3,No,4,No,2,No,5,No,4,No,3,No,7,No,,-4
84,Access Control,https://www.fortinet.com/resources/cyberglossary/saml-vs-oauth,SAML Vs OAUTH Vs Open Id,20,18,14,No,19,No,4,No,15,No,15,No,15,No,15,No,13,No,14,No,15,No,20,No,17,No,13,No,15,No,12,No,15,No,15,No,14,No,20,No,21,No,24,No,21,No,14,No,12,No,8,No,8,No,21,No,23,No,24,No,10,No,12,No,13,No,8,No,10,No,7,No,4,No,12,No,,-8
85,Cyber Threats,https://www.fortinet.com/resources/cyberglossary/csrf,CSRF Attack,1300,65,6,No,7,No,2,No,5,No,5,No,8,No,5,No,6,No,9,No,8,No,8,No,6,No,8,No,6,No,3,No,10,No,10,No,13,No,12,No,11,No,12,No,12,No,11,No,14,No,14,No,11,No,13,No,12,No,13,Yes,3,Yes,3,Yes,11,Yes,13,No,13,No,5,No,9,No,15,No,,-6
86,Cyber Security,https://www.fortinet.com/resources/cyberglossary/captcha,What Is Captcha?,33100,81,5,No,9,No,12,No,6,No,10,No,14,No,10,No,8,No,7,No,7,Yes,7,No,5,No,7,No,8,No,2,No,6,No,9,Yes,9,No,11,No,11,No,3,No,9,No,13,No,15,No,7,No,10,No,13,No,9,No,10,No,8,No,5,Yes,5,Yes,3,No,3,No,4,No,6,No,8,No,,-2
87,Cyber Security,https://www.fortinet.com/resources/cyberglossary/cve,Common Vulnerabilities And Exposures,6600,91,18,No,19,No,8,No,22,No,25,No,22,Yes,18,No,12,No,15,No,19,No,10,No,9,Yes,19,No,14,No,9,No,10,No,13,No,20,No,18,No,19,No,13,No,14,No,26,No,21,No,18,No,19,Yes,18,No,20,No,22,Yes,21,Yes,20,Yes,21,Yes,2,No,2,No,19,No,19,No,26,No,,-7
88,Cyber Security,https://www.fortinet.com/resources/cyberglossary/reverse-proxy,Reverse Proxy,6600,69,3,Yes,4,Yes,7,No,8,No,9,No,6,No,7,No,2,No,11,Yes,6,No,6,Yes,5,No,7,No,10,No,3,No,8,No,11,No,13,No,9,No,11,No,9,No,10,No,9,No,6,No,6,No,3,No,11,Yes,7,No,15,Yes,5,Yes,7,No,7,No,7,No,8,Yes,5,No,4,No,9,No,,-5
89,OT Security,https://www.fortinet.com/resources/cyberglossary/scada-and-scada-systems,What Is Scada,3600,40,4,No,3,No,2,No,3,No,3,No,4,No,3,No,2,No,2,No,2,No,3,No,3,No,3,No,2,No,8,No,2,No,3,No,2,No,2,No,4,No,4,No,4,No,4,No,4,No,6,No,5,No,5,Yes,2,Yes,3,No,2,No,2,No,4,Yes,6,No,6,No,5,No,5,No,6,No,,-1
90,Access Control,https://www.fortinet.com/resources/cyberglossary/identity-and-access-management,Identity And Access Management,5400,65,11,No,11,No,14,No,17,No,14,No,12,No,15,No,14,No,8,No,11,No,9,No,9,No,8,No,9,No,13,No,8,Yes,9,Yes,9,No,7,No,8,Yes,13,No,9,Yes,10,No,9,Yes,7,No,7,No,25,No,10,No,24,No,2,No,4,No,4,No,4,No,4,No,4,No,2,No,19,No,,-17
91,Cyber Security,https://www.fortinet.com/resources/cyberglossary/what-is-cybersecurity,What Is Cybersecurity,9900,77,9,No,9,No,12,No,13,No,16,No,14,No,10,No,9,No,9,No,10,No,10,No,8,No,7,No,7,No,11,No,11,No,9,No,10,No,9,No,9,No,10,No,11,No,11,No,9,No,9,No,9,No,10,No,10,No,12,Yes,6,Yes,6,Yes,6,Yes,9,No,10,No,18,No,8,No,11,No,,-3
92,Cyber Compliance,https://www.fortinet.com/resources/cyberglossary/soc-2-compliance,What Is Soc 2 Compliance,1000,45,5,No,5,No,7,No,4,Yes,3,Yes,2,Yes,3,Yes,2,Yes,2,Yes,3,Yes,3,Yes,3,Yes,3,Yes,2,Yes,5,Yes,3,Yes,3,Yes,3,Yes,2,Yes,2,Yes,4,No,4,No,4,No,3,Yes,5,No,3,No,5,No,4,Yes,6,Yes,2,No,3,No,3,No,3,No,2,No,2,No,2,No,7,No,,-5
93,Cyber Compliance,https://www.fortinet.com/resources/cyberglossary/what-is-cobit,Cobit,3600,41,3,No,5,No,5,No,3,No,3,Yes,3,No,2,No,3,No,4,No,4,No,5,No,5,No,5,No,3,No,3,No,3,Yes,3,Yes,2,Yes,3,No,2,Yes,2,Yes,2,Yes,2,Yes,3,Yes,2,No,2,Yes,2,No,2,Yes,3,No,6,No,7,No,7,No,3,Yes,5,Yes,5,Yes,6,Yes,3,Yes,,3
94,OT security,https://www.fortinet.com/resources/cyberglossary/iot,What Is IOT?,9900,75,11,No,8,No,9,No,3,No,2,No,3,No,3,No,2,No,3,No,3,No,3,No,5,No,4,No,2,No,3,No,9,No,6,No,7,No,7,No,4,No,1,No,3,No,4,No,7,No,7,No,6,No,8,No,6,No,9,No,13,No,12,No,21,No,15,No,14,No,6,No,6,No,20,No,,-14
95,Cyber Security,https://www.fortinet.com/resources/cyberglossary/enterprise-architecture,Enterprise Architecture,3600,46,19,No,26,No,19,No,19,No,21,No,18,No,17,No,14,No,16,No,7,No,15,No,13,No,13,No,11,No,7,No,32,No,15,No,12,No,13,No,9,No,10,No,11,Yes,14,No,12,No,15,No,23,No,12,No,24,No,30,Yes,3,Yes,4,Yes,3,Yes,3,No,4,No,3,No,3,No,9,No,,-6
96,Cyber Security,https://www.fortinet.com/resources/cyberglossary/disaster-recovery,Disaster Recovery,8100,74,15,No,15,No,15,No,15,No,16,No,14,No,11,No,12,No,14,No,12,No,7,No,9,No,11,No,13,No,7,No,14,No,20,No,15,No,12,No,15,No,11,No,14,No,15,No,13,No,16,No,14,No,15,No,12,No,28,No,9,No,11,No,11,No,6,No,4,No,5,No,6,No,10,No,,-4
97,Cyber Compliance,https://www.fortinet.com/resources/cyberglossary/pii,Personally Identifiable Information,12100,64,23,No,13,No,30,No,9,No,11,No,24,No,13,No,13,No,10,No,5,No,6,No,6,No,13,No,12,Yes,7,No,18,No,16,No,26,No,26,No,23,No,21,No,25,No,25,No,28,No,29,No,25,No,23,No,24,No,26,No,8,No,6,No,6,Yes,6,No,6,No,4,No,3,No,25,No,,-22
98,Network Security,https://www.fortinet.com/resources/cyberglossary/osi-model,OSI Model,33100,59,15,No,13,No,13,No,11,No,11,No,17,No,13,No,8,Yes,10,No,6,No,8,No,3,No,16,No,4,No,4,No,3,No,8,No,20,No,2,No,17,No,13,No,11,No,16,No,14,No,7,No,13,No,11,No,10,No,17,No,2,No,2,No,2,No,22,No,26,No,24,No,23,No,36,No,,-13
99,Cyber Compliance,https://www.fortinet.com/resources/cyberglossary/owasp,Owasp,14800,72,8,No,8,No,8,No,9,No,8,No,10,No,9,No,8,No,9,No,8,No,8,No,7,No,7,Yes,7,No,6,No,14,No,17,No,15,No,11,No,10,No,9,No,10,No,10,No,9,No,12,No,12,No,11,No,13,No,14,No,15,Yes,20,Yes,11,Yes,3,No,3,No,16,No,16,No,12,No,,4
100,Cyber Security,https://www.fortinet.com/resources/cyberglossary/role-based-access-control,RBAC,9900,79,11,No,19,No,18,No,21,No,21,No,14,No,13,No,7,Yes,13,No,12,No,11,No,12,No,13,No,9,No,9,No,10,No,8,No,8,No,9,No,15,No,4,No,7,No,12,No,8,No,14,No,12,No,24,No,8,No,14,Yes,34,Yes,34,Yes,21,Yes,32,No,20,Yes,18,Yes,11,No,15,No,,-4
101,Cyber Threats,https://www.fortinet.com/resources/cyberglossary/what-is-cyber-attack,What Is A Cyber Attack,2900,61,8,No,9,No,4,No,11,No,11,Yes,10,No,7,No,7,Yes,2,Yes,2,Yes,2,Yes,3,Yes,4,Yes,6,No,7,Yes,2,Yes,2,Yes,2,No,2,Yes,2,Yes,3,Yes,4,Yes,4,No,4,Yes,5,No,3,No,3,No,3,No,5,Yes,11,No,8,No,21,No,11,Yes,14,Yes,9,Yes,8,No,3,Yes,,5
102,Cyber Threats,https://www.fortinet.com/resources/cyberglossary/vishing-attack,Vishing Attack,1600,35,5,Yes,5,Yes,7,Yes,8,Yes,9,Yes,7,Yes,5,Yes,8,Yes,6,No,5,No,5,No,5,No,5,No,6,No,13,No,2,No,3,Yes,3,Yes,2,Yes,4,Yes,5,Yes,4,Yes,5,Yes,5,Yes,7,No,6,No,8,No,4,No,8,No,4,No,4,No,4,No,6,No,5,No,4,No,5,No,5,No,,0
103,Endpoint Security,https://www.fortinet.com/resources/cyberglossary/endpoint-protection-platform,Endpoint Protection Platform,1300,39,2,No,2,No,1,No,2,No,2,No,2,No,2,No,5,No,4,No,5,No,5,No,5,No,12,No,5,No,4,No,5,No,5,No,2,No,2,No,2,No,2,No,2,No,1,Yes,2,Yes,2,Yes,3,Yes,3,Yes,2,Yes,3,No,2,No,2,No,2,No,2,No,2,No,4,No,2,No,6,No,,-4
104,Network Security,https://www.fortinet.com/resources/cyberglossary/wan,What Is A WAN,1600,49,9,No,10,No,8,No,10,No,8,No,12,No,9,No,8,No,9,No,6,No,6,No,8,No,6,No,4,No,3,No,8,No,9,No,3,No,3,No,2,No,3,No,8,Yes,7,Yes,14,Yes,2,Yes,3,Yes,9,Yes,12,Yes,25,Yes,2,No,3,Yes,2,No,2,No,2,No,2,No,11,No,4,No,,7
105,Cyber Threats,https://www.fortinet.com/resources/cyberglossary/ransomware-statistics,Ransomware Statistics,590,44,1,Yes,1,Yes,1,Yes,14,No,6,No,7,No,4,No,6,No,4,No,4,No,10,No,5,No,8,No,8,No,9,No,16,No,18,No,5,No,9,No,11,No,15,No,10,No,9,No,21,No,20,No,18,No,6,No,9,No,20,No,41,Yes,46,No,39,No,18,Yes,13,Yes,20,Yes,29,No,20,No,,9
106,Cloud Security,https://www.fortinet.com/resources/cyberglossary/ciem,CIEM,1900,36,6,No,2,No,4,No,3,Yes,4,No,4,Yes,5,Yes,5,Yes,4,No,4,No,9,Yes,4,Yes,9,No,10,Yes,7,Yes,8,No,9,No,8,No,9,No,10,No,13,No,16,No,15,No,17,Yes,17,No,18,No,16,Yes,20,No,21,No,16,No,12,No,19,No,19,No,11,No,15,No,17,No,14,Yes,,3
107,Cyber Threats,https://www.fortinet.com/resources/cyberglossary/command-and-control-attacks,Command And Control Attack,70,19,2,No,2,No,2,Yes,3,Yes,2,Yes,3,Yes,1,Yes,2,Yes,2,Yes,2,Yes,3,Yes,2,Yes,3,Yes,3,Yes,3,Yes,3,Yes,1,Yes,2,Yes,2,Yes,2,Yes,2,Yes,2,Yes,2,Yes,2,Yes,2,No,2,No,1,No,1,No,2,No,61,No,57,No,58,No,70,Yes,75,Yes,70,Yes,75,Yes,2,Yes,,73
108,OT Security,https://www.fortinet.com/resources/cyberglossary/iot-security,IOT Security,3600,52,5,No,5,No,5,No,5,No,5,No,6,No,4,No,3,Yes,4,Yes,3,Yes,4,No,3,Yes,6,Yes,5,No,2,Yes,4,Yes,4,Yes,2,Yes,2,Yes,3,No,5,Yes,5,Yes,7,Yes,4,Yes,2,Yes,2,Yes,4,Yes,3,Yes,5,No,29,No,32,No,29,No,29,Yes,18,Yes,9,Yes,10,Yes,6,Yes,,4
109,Cyber Security,https://www.fortinet.com/resources/cyberglossary/what-is-packet-loss,Packet Loss,3600,54,5,No,6,No,4,Yes,4,No,6,No,6,No,5,No,3,No,5,No,4,No,4,No,4,No,5,No,3,No,2,Yes,2,Yes,3,Yes,4,Yes,4,No,3,Yes,2,Yes,3,No,6,No,4,No,5,Yes,4,Yes,5,No,3,Yes,5,Yes,7,No,4,No,5,No,4,Yes,5,Yes,7,Yes,7,Yes,6,Yes,,1
110,Cyber Security,https://www.fortinet.com/resources/cyberglossary/dynamic-application-security-testing,Dynamic Application Security Testing,1300,32,17,No,14,No,16,No,12,No,21,No,9,No,7,No,5,Yes,2,Yes,2,Yes,3,Yes,8,Yes,4,Yes,8,Yes,3,No,11,No,14,No,10,No,10,No,11,No,11,No,15,No,14,No,18,No,13,No,10,No,12,No,18,No,19,No,18,No,25,No,26,No,23,No,20,Yes,18,No,23,No,15,No,,8
111,Cyber Security,https://www.fortinet.com/resources/cyberglossary/what-is-bluekeep,Bluekeep,320,22,3,No,3,No,4,No,4,No,4,No,4,No,4,No,3,No,3,No,3,No,3,No,3,No,2,No,3,No,3,No,2,No,3,No,2,No,3,No,2,No,1,No,1,No,1,No,1,No,2,No,1,No,1,Yes,1,Yes,2,Yes,11,No,17,No,13,No,10,Yes,9,Yes,11,Yes,11,Yes,3,Yes,,8
112,SecOps,https://www.fortinet.com/resources/cyberglossary/it-operations,It Operations,2400,32,10,No,10,No,9,No,14,No,10,Yes,14,Yes,11,No,9,No,8,No,8,No,8,No,6,No,7,No,5,No,7,No,5,No,7,No,6,No,6,No,6,No,8,No,7,No,8,No,8,No,7,No,7,No,8,No,8,No,9,No,8,No,8,No,8,No,8,No,9,No,8,No,7,No,9,No,,-2
113,Cyber Threats,https://www.fortinet.com/resources/cyberglossary/advanced-persistent-threat,Advanced Persistent Threat,2900,72,13,No,15,No,15,No,16,No,16,No,17,No,13,No,14,No,14,No,13,No,13,No,13,No,19,No,14,Yes,15,No,16,No,19,No,18,No,19,No,17,No,14,No,16,No,21,No,22,No,18,No,20,No,19,No,18,No,20,Yes,16,No,27,No,26,No,20,No,21,No,15,No,16,No,14,No,,2
114,Cloud Security,https://www.fortinet.com/resources/cyberglossary/cnapp,CNapp,5400,44,21,No,31,No,38,No,30,No,20,No,27,No,27,No,12,No,10,No,13,No,13,No,11,No,20,No,18,Yes,11,No,12,No,14,No,28,No,16,No,12,No,15,No,27,No,14,No,12,No,13,No,21,No,12,No,10,No,18,No,25,No,29,No,29,No,28,No,33,No,29,No,29,No,15,No,,14
115,Cyber Threats,https://www.fortinet.com/resources/cyberglossary/social-engineering,Social Engineering,14800,74,9,No,10,No,10,No,9,No,12,No,10,No,10,No,10,No,10,No,10,No,10,No,9,No,8,No,7,No,6,No,8,No,16,No,24,No,23,No,21,No,24,No,24,No,21,No,23,No,23,No,25,No,24,No,22,No,24,No,16,No,20,No,26,No,3,No,9,No,20,No,12,No,27,No,,-15
116,SecOps,https://www.fortinet.com/resources/cyberglossary/software-as-a-service,SAAS,90500,92,12,No,12,No,12,No,12,No,7,No,5,No,5,No,4,No,6,Yes,5,No,3,No,2,No,2,No,3,No,2,No,3,No,7,No,10,Yes,13,No,18,No,7,No,7,No,13,No,6,No,5,No,10,No,10,No,10,No,11,Yes,3,No,3,No,3,Yes,3,No,3,No,2,No,4,No,5,No,,-1
117,SASE,https://www.fortinet.com/resources/cyberglossary/privileged-access-management,Privileged Access Management,6600,62,10,No,13,No,12,Yes,15,No,20,No,22,No,17,No,11,No,15,No,9,Yes,9,Yes,9,No,10,No,14,No,13,Yes,13,No,11,No,18,No,21,No,20,No,7,No,11,No,11,No,13,No,13,No,11,No,13,No,12,No,13,No,16,No,18,No,17,No,19,No,25,No,21,No,25,No,12,No,,13
118,Cloud Security,https://www.fortinet.com/resources/cyberglossary/infrastructure-as-a-service,LAAS,9900,65,6,No,9,No,9,No,3,Yes,13,No,13,Yes,7,Yes,9,Yes,12,No,12,No,11,No,8,No,8,No,8,No,11,No,19,No,22,No,24,No,26,No,17,No,16,No,17,No,23,No,28,No,28,No,26,No,26,No,27,No,29,No,6,No,6,Yes,6,No,6,No,6,No,6,No,6,No,-,No,,#VALUE!
119,Data Security,https://www.fortinet.com/resources/cyberglossary/data-governance,Data Governance,12100,65,22,No,21,No,25,No,24,No,24,No,23,No,24,No,20,No,19,No,19,No,17,No,15,No,12,No,14,No,9,No,16,No,24,No,25,No,26,No,18,No,17,No,23,No,23,No,22,No,24,No,27,No,29,No,28,No,35,Yes,5,Yes,6,Yes,5,Yes,4,No,6,No,5,No,5,No,44,No,,-39
120,OT Security,https://www.fortinet.com/resources/cyberglossary/iec-62443,IEC 62443,1600,37,3,No,3,No,3,No,3,No,3,No,3,No,3,No,3,No,5,No,4,No,4,No,5,Yes,5,No,4,No,2,No,2,No,3,No,3,Yes,2,No,2,Yes,3,No,2,No,3,Yes,3,Yes,3,Yes,3,No,2,Yes,2,Yes,3,No,25,No,23,No,24,No,26,Yes,22,No,23,No,20,Yes,3,Yes,,17
121,Network Security,https://www.fortinet.com/resources/cyberglossary/digital-experience-monitoring,Digital Experience Monitoring,1000,19,29,No,41,No,20,No,24,No,17,No,14,No,15,No,10,No,12,No,6,No,7,No,6,No,11,No,8,No,6,No,6,No,6,No,7,No,9,No,14,No,8,No,8,No,8,No,8,No,9,No,6,No,6,Yes,5,No,8,Yes,2,Yes,3,Yes,2,Yes,3,Yes,4,Yes,4,Yes,3,No,6,No,,-3
122,Network Security,https://www.fortinet.com/resources/cyberglossary/active-directory,Active Directory Cybersecurity,30,20,12,No,12,No,2,No,5,No,5,No,4,No,5,No,3,No,3,No,3,No,3,No,5,No,5,No,2,No,2,No,3,No,2,No,2,No,2,No,3,No,3,No,3,No,3,No,3,No,5,No,5,No,5,No,3,No,4,No,10,No,8,No,10,No,11,No,10,No,11,No,10,No,1,No,,9
123,Endpoint Security,https://www.fortinet.com/resources/cyberglossary/what-is-scim,SCIM Authentication,110,32,9,No,4,No,6,No,6,No,6,No,6,No,6,No,6,No,6,No,5,No,2,No,1,No,1,No,1,No,1,No,6,No,8,No,8,No,8,No,6,No,6,No,6,No,8,No,8,No,7,No,8,No,5,No,4,No,6,No,18,No,24,No,21,No,21,No,17,No,16,No,8,No,1,No,,7
124,Network Security,https://www.fortinet.com/resources/cyberglossary/application-security,Application Security,4400,49,17,No,19,No,31,No,18,No,18,No,25,No,17,No,11,No,12,No,22,No,21,No,16,No,14,No,17,No,16,No,15,No,14,No,18,No,22,No,20,No,11,No,13,No,21,No,21,No,21,No,18,No,19,No,15,No,22,Yes,22,Yes,29,No,20,No,26,No,16,No,5,No,35,No,29,No,,6
125,Cyber Threats,https://www.fortinet.com/resources/cyberglossary/cyber-safety,Cyber Safety,1000,52,8,Yes,7,Yes,5,Yes,4,Yes,6,Yes,5,Yes,2,Yes,3,Yes,4,Yes,6,Yes,6,Yes,4,Yes,4,Yes,3,Yes,3,Yes,3,Yes,2,Yes,4,Yes,3,Yes,2,Yes,1,Yes,1,Yes,1,Yes,1,Yes,1,Yes,1,Yes,1,Yes,1,Yes,2,Yes,2,Yes,2,No,2,No,2,No,2,No,2,No,2,No,4,No,,-2
126,Cyber Threats,https://www.fortinet.com/resources/cyberglossary/cyber-resilience,Cyber Resilience,2400,48,17,No,16,No,15,Yes,19,No,24,No,19,No,16,No,19,No,17,No,11,No,17,No,5,No,9,No,4,No,4,Yes,5,Yes,6,Yes,5,No,8,No,9,No,4,No,5,No,4,No,5,Yes,5,Yes,6,No,8,Yes,9,No,13,No,5,No,3,Yes,6,Yes,5,No,6,Yes,5,No,4,No,26,No,,-22
127,Cyber Security,https://www.fortinet.com/resources/cyberglossary/antivirus-protection,Antivirus Protection,4400,88,16,No,16,No,6,No,12,No,6,No,12,No,9,No,9,No,12,No,17,No,8,No,6,No,10,Yes,10,No,6,No,6,Yes,9,Yes,9,Yes,7,Yes,7,Yes,6,Yes,6,No,7,No,6,No,6,Yes,6,Yes,5,Yes,6,No,7,No,9,No,10,No,10,No,10,No,10,Yes,8,Yes,7,Yes,5,Yes,,2
128,NGFW,https://www.fortinet.com/resources/cyberglossary/waf-architecture,Web Application Firewall Architecture,170,45,4,No,2,No,4,No,4,No,4,No,3,No,3,No,7,No,4,No,2,No,2,No,1,No,1,Yes,1,Yes,2,Yes,2,Yes,2,Yes,2,Yes,1,Yes,1,Yes,1,No,2,No,2,No,2,No,2,No,1,No,1,No,1,No,2,No,7,No,8,No,9,Yes,8,Yes,7,Yes,9,Yes,9,Yes,5,No,,4
129,Cyber Security,https://www.fortinet.com/resources/cyberglossary/cybersecurity-awareness,Cybersecurity Awareness,1220000,65,-,,,,,,18,No,18,No,25,No,20,No,19,No,21,No,18,No,16,No,15,No,12,No,12,No,8,No,10,No,6,No,13,No,13,No,13,No,10,No,11,No,12,No,11,No,12,No,10,No,11,No,10,No,11,Yes,3,Yes,3,Yes,3,No,3,No,4,No,3,No,2,No,11,No,,-9
130,Network Security,https://www.fortinet.com/resources/cyberglossary/it-security,It Security,8100,43,-,,,,,,13,No,14,No,17,No,14,No,9,No,8,Yes,11,No,7,Yes,7,No,6,Yes,7,No,12,Yes,11,No,11,No,20,No,13,No,16,No,12,No,12,No,27,No,25,No,18,No,14,No,30,No,21,Yes,23,No,5,Yes,4,Yes,5,No,5,No,5,Yes,3,Yes,3,Yes,8,Yes,,-5
131,Cyber Compliance,https://www.fortinet.com/resources/cyberglossary/nist-800-53,Nist 800 53,4400,44,-,,,,,,7,No,8,No,9,No,8,Yes,7,Yes,7,Yes,6,Yes,5,Yes,7,No,6,Yes,7,No,6,No,6,Yes,8,No,9,No,12,Yes,11,No,12,No,15,No,12,No,15,No,12,No,14,No,16,No,12,No,14,Yes,4,No,5,Yes,5,Yes,5,No,5,Yes,3,No,4,No,11,No,,-7
132,Cyber Compliance,https://www.fortinet.com/resources/cyberglossary/nittf-cnssd-504,Nittf Cnssd 504,0,14,-,,,,,,2,No,2,No,2,No,2,No,2,No,2,No,1,No,1,No,1,No,2,No,2,No,2,No,2,No,2,No,2,No,2,No,2,No,2,No,2,No,2,No,2,No,2,No,2,No,1,No,1,No,2,No,10,No,5,No,5,No,8,No,10,No,7,No,6,No,2,No,,4
133,Access Control,https://www.fortinet.com/resources/cyberglossary/principle-of-least-privilege,Principle Of Least Privilege,5400,63,-,,,,,,13,No,11,No,14,No,13,No,4,No,3,No,5,Yes,6,No,4,No,5,No,4,No,8,Yes,18,No,14,No,19,No,20,No,13,Yes,20,No,18,No,23,No,25,No,25,No,19,Yes,24,No,23,No,24,No,2,No,3,No,4,No,3,No,4,No,5,No,5,No,30,No,,-25
134,Cyber Security,https://www.fortinet.com/resources/cyberglossary/sbom,SBOM,4400,46,-,,,,,,18,No,24,No,25,No,11,No,20,No,23,No,12,No,16,No,7,No,8,No,12,No,21,No,25,No,26,No,24,No,23,No,16,No,15,No,22,No,27,No,18,No,22,No,22,No,23,No,30,No,33,No,8,No,8,No,9,No,9,No,8,No,7,No,9,No,24,No,,-15
135,Data Security,https://www.fortinet.com/resources/cyberglossary/secret-detection,Secret Detection,50,24,-,,,,,,2,No,2,No,2,No,2,No,2,No,2,No,2,No,2,No,2,No,2,No,2,No,2,No,2,No,2,No,2,No,2,No,2,Yes,2,Yes,2,Yes,2,Yes,2,Yes,2,Yes,2,Yes,2,No,2,No,4,Yes,7,No,6,No,8,No,9,No,10,No,9,No,7,No,2,No,,5
136,AI Security,https://www.fortinet.com/resources/cyberglossary/artificial-intelligence-in-cybersecurity,AI In Cybersecurity,320,67,2,No,6,No,9,No,9,No,8,No,2,No,5,Yes,7,Yes,2,Yes,1,Yes,1,Yes,2,Yes,9,Yes,1,Yes,1,Yes,1,Yes,1,Yes,1,Yes,1,Yes,1,Yes,1,Yes,1,Yes,1,No,1,No,3,Yes,3,No,2,Yes,2,Yes,2,No,2,No,2,No,2,No,5,Yes,6,Yes,5,Yes,5,Yes,2,No,,3
137,AI Security,https://www.fortinet.com/resources/cyberglossary/ai-adoption,AI Adoption,1600,48,1,No,3,No,17,No,13,No,11,Yes,9,Yes,7,Yes,5,Yes,5,No,9,No,6,No,7,Yes,7,Yes,6,Yes,6,Yes,5,Yes,4,Yes,4,No,4,Yes,2,Yes,4,Yes,5,Yes,3,Yes,4,Yes,3,Yes,2,Yes,2,Yes,2,Yes,2,Yes,7,Yes,7,Yes,7,Yes,7,Yes,7,No,6,Yes,6,No,2,Yes,,4
138,AI Security,https://www.fortinet.com/resources/cyberglossary/ai-security,AI Security,4400,67,8,No,11,No,11,No,9,No,11,No,12,No,9,No,11,No,11,No,8,No,9,No,7,Yes,7,Yes,9,Yes,4,No,13,No,14,No,17,No,17,No,17,No,17,No,22,No,18,No,17,No,18,No,15,No,11,Yes,12,No,11,No,12,No,11,No,11,No,12,No,12,Yes,11,No,11,No,12,No,,-1
139,AI Security,https://www.fortinet.com/resources/cyberglossary/deepfake-ai,Deep Fake AI,3600,82,5,No,6,No,1,Yes,5,No,5,No,5,No,1,No,1,No,1,Yes,4,No,2,No,3,No,3,No,3,No,6,Yes,4,Yes,5,No,8,No,8,No,7,No,9,Yes,8,No,7,No,8,No,8,No,7,No,8,No,19,No,3,No,6,No,6,No,5,Yes,6,No,6,No,6,No,6,No,6,No,,0
140,Cloud Security,https://www.fortinet.com/resources/cyberglossary/vpc,Virtual Private Cloud,1600,21,5,No,4,No,3,No,5,Yes,4,Yes,3,Yes,2,Yes,3,Yes,2,Yes,2,Yes,3,Yes,4,No,2,No,4,No,3,No,4,No,4,No,3,No,3,No,4,Yes,4,Yes,4,Yes,3,Yes,4,Yes,11,No,12,Yes,5,No,12,No,10,No,6,No,7,No,7,No,6,No,6,No,5,No,3,No,8,No,,-5
141,SASE,https://www.fortinet.com/resources/cyberglossary/casb,CASB,1600,50,4,No,3,No,3,No,3,No,3,No,3,No,2,No,2,No,5,No,3,No,5,No,7,No,6,No,3,No,3,No,3,Yes,2,Yes,5,Yes,5,Yes,7,Yes,5,Yes,5,Yes,4,Yes,3,Yes,5,Yes,5,No,5,Yes,5,Yes,4,Yes,2,Yes,1,Yes,1,Yes,3,Yes,3,Yes,2,No,2,Yes,7,No,,-5
142,Cloud Security,https://www.fortinet.com/resources/cyberglossary/public-cloud-security-risks,Public Cloud Security Risks,40,25,2,No,2,No,2,No,2,No,2,No,2,No,2,No,2,No,2,No,2,No,3,No,3,No,2,No,1,No,1,No,1,No,1,No,1,No,8,No,7,No,5,No,5,No,7,No,6,No,6,No,7,No,7,No,7,No,6,Yes,3,Yes,3,Yes,4,No,4,No,4,No,4,No,4,No,6,No,,-2
143,VPN,https://www.fortinet.com/resources/cyberglossary/cloud-vpn,Cloud VPN,4400,56,9,Yes,8,No,7,No,8,No,10,No,12,No,9,Yes,8,Yes,6,Yes,9,No,8,No,8,No,8,No,7,No,4,No,5,Yes,4,Yes,5,Yes,6,Yes,7,No,6,No,6,No,6,No,7,No,8,No,7,No,6,No,4,Yes,4,Yes,2,Yes,2,Yes,2,Yes,2,Yes,3,Yes,2,No,2,No,7,No,,-5
144,Cloud Security,https://www.fortinet.com/resources/cyberglossary/what-is-cloud-security,Cloud Security,1300,54,18,No,13,No,15,No,14,No,14,No,16,No,14,No,14,No,9,No,9,No,8,No,7,No,8,No,13,No,9,No,12,No,14,No,12,No,14,No,15,No,21,No,21,No,16,No,11,No,23,No,15,Yes,10,No,23,No,18,Yes,2,Yes,2,Yes,3,Yes,4,No,5,No,3,No,4,No,24,No,,-20
145,Data Security,https://www.fortinet.com/resources/cyberglossary/cloud-data-protection,Cloud Data Protection,1300,42,15,Yes,13,Yes,17,Yes,19,Yes,22,No,17,No,15,No,8,No,8,No,10,No,7,No,8,No,10,No,12,No,7,No,13,No,19,No,44,No,47,No,45,No,38,No,36,No,18,No,35,No,35,No,30,No,25,No,27,No,26,Yes,2,Yes,3,Yes,3,Yes,3,No,4,No,3,No,3,No,25,No,,-22
146,Cloud Security,https://www.fortinet.com/resources/cyberglossary/cloud-encryption,Cloud Encryption,720,37,19,No,21,Yes,16,Yes,14,Yes,9,Yes,13,Yes,11,Yes,3,Yes,8,Yes,8,Yes,5,Yes,11,Yes,23,Yes,5,Yes,6,Yes,8,Yes,8,Yes,8,Yes,8,No,6,No,8,No,8,No,11,No,9,No,12,No,14,No,14,Yes,11,Yes,9,Yes,2,Yes,2,Yes,2,Yes,1,Yes,1,Yes,1,Yes,1,Yes,13,Yes,,-12
147,Cloud Security,https://www.fortinet.com/resources/cyberglossary/cloud-firewall,Cloud Firewall,1300,38,2,No,2,No,1,No,2,No,5,No,5,No,5,No,2,No,2,No,2,No,4,No,3,No,2,No,3,No,3,No,2,No,3,Yes,2,Yes,2,Yes,2,Yes,2,Yes,2,Yes,2,Yes,2,Yes,2,Yes,2,Yes,2,Yes,2,Yes,2,No,8,No,9,No,9,No,9,Yes,10,Yes,10,Yes,7,Yes,2,Yes,,5
148,NGFW,https://www.fortinet.com/resources/cyberglossary/virtual-firewall-for-cloud,Virtual Firewall,1000,36,4,No,17,No,2,No,14,No,14,No,14,No,14,No,15,No,9,No,9,No,9,No,9,No,17,No,31,No,33,No,33,No,33,No,33,No,14,No,4,No,4,No,4,No,4,No,7,No,46,No,22,No,41,No,8,No,4,Yes,2,Yes,2,Yes,2,Yes,2,No,2,No,2,No,2,No,8,No,,-6
149,Cloud Security,https://www.fortinet.com/resources/cyberglossary/cloud-security-tips,Cloud Security TIPS,2240000,34,-,No,-,No,-,No,-,No,-,No,-,No,-,No,-,No,-,No,-,No,-,No,-,No,-,No,-,No,-,No,-,No,-,No,-,No,-,No,-,No,-,No,-,No,-,No,-,No,-,No,-,No,-,No,-,No,-,No,3,No,2,No,3,No,3,No,2,No,5,No,2,No,9,No,,-7
150,Cloud Security,https://www.fortinet.com/resources/cyberglossary/cloud-detection-and-response,Cloud Detection And Response,720,19,-,,,,,,6,Yes,5,Yes,3,Yes,5,Yes,4,Yes,5,Yes,7,Yes,6,No,3,No,7,No,6,No,5,No,5,No,5,No,6,No,10,No,7,No,10,No,10,No,6,No,4,No,4,No,6,No,5,No,5,No,2,Yes,2,Yes,2,Yes,2,Yes,3,No,2,Yes,3,Yes,2,Yes,11,Yes,,-9
151,Cloud Security,https://www.fortinet.com/resources/cyberglossary/cwpp,Cloud Workload Protection Platform,2900,37,-,,,,,,10,No,13,No,12,No,11,No,10,No,10,No,9,No,9,No,9,No,9,No,11,No,14,No,10,No,10,No,10,No,14,No,11,No,11,No,12,No,11,No,11,No,16,Yes,7,Yes,16,Yes,5,Yes,4,No,8,No,8,No,8,No,6,No,6,No,4,No,5,No,8,No,,-3
152,Data Security,https://www.fortinet.com/resources/cyberglossary/dlp-for-cloud,DLP For Cloud,70,26,-,,,,,,3,No,4,No,4,No,4,No,4,No,3,No,3,No,1,No,1,No,1,No,1,No,1,No,1,No,4,No,5,No,4,No,3,No,5,No,2,No,2,No,2,No,2,No,2,No,2,No,4,No,4,Yes,6,No,6,No,7,No,7,No,8,No,8,No,7,No,6,No,,1
153,NGFW,https://www.fortinet.com/resources/cyberglossary/what-does-a-firewall-do,What Does A Firewall Do,1600,59,8,No,8,No,6,No,6,No,7,No,6,No,7,No,5,No,3,No,3,No,3,No,2,No,3,Yes,2,Yes,1,Yes,1,Yes,1,Yes,1,Yes,1,Yes,1,Yes,1,Yes,1,Yes,1,Yes,1,Yes,1,Yes,1,Yes,1,Yes,1,Yes,1,No,1,No,1,Yes,1,Yes,1,No,1,Yes,1,No,1,Yes,1,Yes,,0
154,NGFW,https://www.fortinet.com/resources/cyberglossary/firewall-as-a-service-fwaas,Firewall As A Service,1000,30,1,No,1,No,1,No,1,No,1,Yes,1,Yes,1,Yes,1,Yes,1,Yes,1,Yes,1,Yes,1,Yes,1,Yes,1,Yes,1,Yes,1,Yes,1,Yes,1,Yes,1,Yes,1,Yes,1,Yes,1,No,1,No,1,No,1,No,1,No,1,No,1,No,1,Yes,1,Yes,1,Yes,1,Yes,1,Yes,1,Yes,1,Yes,1,Yes,1,Yes,,0
155,NGFW,https://www.fortinet.com/resources/cyberglossary/waf-vs-firewall,Waf Vs Firewall,320,20,1,Yes,1,Yes,1,Yes,1,Yes,1,Yes,1,Yes,1,Yes,1,No,1,No,1,No,1,No,1,No,1,No,1,No,1,No,1,No,1,No,1,No,1,No,1,No,1,No,1,No,1,No,1,Yes,1,Yes,1,Yes,1,Yes,1,Yes,1,No,1,Yes,1,Yes,1,Yes,1,Yes,1,Yes,1,Yes,1,Yes,1,Yes,,0
156,NGFW,https://www.fortinet.com/resources/cyberglossary/how-does-a-firewall-work,How Does A Firewall Work,590,44,1,Yes,1,Yes,1,Yes,1,Yes,1,Yes,1,Yes,1,Yes,1,Yes,1,Yes,1,Yes,1,Yes,1,Yes,1,Yes,1,Yes,1,Yes,1,Yes,1,Yes,1,Yes,1,Yes,1,Yes,1,Yes,1,Yes,1,Yes,1,Yes,1,Yes,1,Yes,1,Yes,1,Yes,1,Yes,1,Yes,1,Yes,1,Yes,1,Yes,1,Yes,1,Yes,1,Yes,1,Yes,,0
157,NGFW,https://www.fortinet.com/resources/cyberglossary/perimeter-firewall,Perimeter Firewall,170,13,1,No,1,No,1,No,1,Yes,1,Yes,1,Yes,2,Yes,3,Yes,2,Yes,1,Yes,1,Yes,1,No,1,No,1,No,1,No,1,No,1,No,1,No,1,No,1,Yes,1,Yes,1,Yes,1,Yes,1,Yes,1,Yes,1,Yes,1,Yes,1,Yes,1,No,1,No,1,No,1,No,1,Yes,1,Yes,1,No,1,No,1,No,,0
158,NGFW,https://www.fortinet.com/resources/cyberglossary/transparent-firewall,Transparent Firewall,50,9,1,Yes,1,Yes,1,Yes,1,Yes,1,Yes,1,Yes,1,Yes,1,Yes,1,Yes,1,Yes,1,Yes,1,Yes,1,Yes,1,Yes,1,Yes,1,Yes,1,Yes,1,Yes,1,Yes,1,Yes,1,Yes,1,Yes,1,Yes,1,Yes,1,Yes,1,Yes,1,Yes,1,Yes,1,No,1,No,1,No,1,No,1,Yes,1,Yes,1,Yes,1,Yes,1,Yes,,0
159,NGFW,https://www.fortinet.com/resources/cyberglossary/firewall-configuration,Firewall Configuration,5400,27,1,Yes,1,No,1,Yes,1,Yes,1,Yes,1,No,1,No,1,No,1,No,1,No,1,No,1,Yes,1,Yes,1,No,1,Yes,1,Yes,1,Yes,1,Yes,1,Yes,1,Yes,1,Yes,1,No,1,Yes,1,Yes,1,Yes,1,Yes,1,No,1,Yes,1,Yes,1,Yes,1,Yes,1,Yes,1,Yes,1,Yes,1,Yes,1,Yes,1,Yes,,0
160,NGFW,https://www.fortinet.com/resources/cyberglossary/hybrid-mesh-firewall,Hybrid Mesh Firewall,170,24,4,Yes,2,Yes,2,Yes,2,Yes,2,Yes,2,Yes,1,Yes,1,Yes,1,Yes,1,Yes,1,Yes,1,Yes,2,Yes,1,Yes,1,Yes,2,Yes,5,Yes,1,Yes,2,Yes,6,Yes,4,Yes,3,Yes,11,Yes,2,Yes,2,Yes,5,Yes,4,Yes,8,Yes,8,No,5,Yes,5,Yes,7,No,5,Yes,7,Yes,5,Yes,5,Yes,5,Yes,,0
161,NGFW,https://www.fortinet.com/resources/cyberglossary/proxy-firewall,Proxy Firewall,590,32,1,Yes,1,Yes,1,Yes,1,Yes,1,Yes,1,No,1,No,1,No,1,No,2,No,2,No,2,No,1,No,1,Yes,1,Yes,1,Yes,1,Yes,1,Yes,1,Yes,1,Yes,1,Yes,1,Yes,1,Yes,1,Yes,1,Yes,1,Yes,1,Yes,1,Yes,1,Yes,1,No,1,Yes,1,No,1,No,1,No,1,No,1,No,1,No,,0
162,NGFW,https://www.fortinet.com/resources/cyberglossary/does-a-firewall-affect-internet-speed,Does Firewall Slow Down Internet Speed,20,11,1,No,1,No,1,No,1,No,1,No,1,No,1,No,1,No,1,No,1,No,1,No,1,No,1,No,1,No,1,No,1,No,1,No,1,No,1,No,1,No,1,No,1,No,1,No,1,No,1,No,1,No,1,No,1,No,1,No,1,No,1,No,1,Yes,1,No,1,No,1,No,1,No,1,No,,0
163,NGFW,https://www.fortinet.com/resources/cyberglossary/hybrid-firewall-advantages-disadvantages,Hybrid Firewall,20,23,1,No,1,No,1,No,1,No,1,No,1,No,1,No,1,No,1,No,1,No,1,No,1,No,1,No,1,No,1,No,1,No,1,No,1,No,1,No,1,No,1,No,1,No,1,No,1,No,1,No,1,No,1,No,1,No,1,No,1,No,4,No,4,No,2,No,2,No,2,No,2,No,1,No,,1
164,NGFW,https://www.fortinet.com/resources/cyberglossary/stateful-vs-stateless-firewall,Stateful Vs Stateless Firewall,1000,33,1,No,1,No,1,No,1,No,1,No,1,No,1,No,1,No,1,No,1,No,1,No,1,No,1,No,1,No,1,No,1,No,1,No,1,No,1,No,1,No,1,Yes,1,Yes,1,Yes,1,Yes,1,Yes,1,Yes,1,Yes,1,Yes,1,No,1,No,1,No,1,No,1,No,1,No,1,No,1,No,1,No,,0
165,NGFW,https://www.fortinet.com/resources/cyberglossary/proxy-server-vs-packet-filtering-firewall,Proxy Server Vs Packet Filtering Firewall,10,25,1,No,1,No,1,No,1,No,1,No,1,No,1,No,1,No,1,No,1,No,1,No,1,No,1,No,1,No,1,No,1,No,1,No,1,No,1,No,1,No,1,No,1,No,1,No,1,No,1,No,1,No,1,No,1,No,1,No,1,Yes,1,Yes,1,Yes,1,No,1,No,1,No,1,No,1,No,,0
166,NGFW,https://www.fortinet.com/resources/cyberglossary/firewall,Firewall,27100,74,7,No,8,No,7,No,7,No,7,No,7,Yes,6,Yes,5,Yes,4,Yes,3,Yes,4,Yes,4,No,4,Yes,3,Yes,3,No,4,Yes,3,Yes,3,No,2,No,2,Yes,2,Yes,2,Yes,2,Yes,2,Yes,2,Yes,2,Yes,2,Yes,2,Yes,2,No,8,No,6,No,9,No,9,Yes,9,Yes,6,Yes,7,Yes,2,Yes,,5
167,NGFW,https://www.fortinet.com/resources/cyberglossary/hardware-firewalls-better-than-software,Hardware Firewall,4400,28,1,No,1,No,1,No,2,Yes,2,No,2,Yes,1,Yes,1,Yes,2,No,2,No,4,No,2,Yes,2,Yes,2,Yes,3,No,3,No,3,Yes,1,Yes,3,No,1,Yes,2,Yes,3,No,6,No,4,Yes,3,Yes,1,Yes,2,No,2,No,2,No,2,Yes,2,No,3,No,2,No,4,Yes,3,Yes,4,Yes,4,No,,0
168,NGFW,https://www.fortinet.com/resources/cyberglossary/benefits-of-firewall,Firewall Benefits,50,44,2,No,2,No,2,No,2,No,1,Yes,1,Yes,1,Yes,1,Yes,1,Yes,1,Yes,1,Yes,1,Yes,1,Yes,1,No,1,No,1,No,1,No,1,No,1,No,1,No,1,No,1,No,1,No,1,No,1,No,1,No,1,No,1,No,1,No,1,No,1,No,1,No,1,No,1,No,1,No,1,No,1,No,,0
169,NGFW,https://www.fortinet.com/resources/cyberglossary/firewall,What Is A Firewall,135000,70,3,Yes,2,Yes,1,Yes,1,Yes,2,Yes,2,Yes,2,Yes,2,Yes,2,Yes,2,Yes,3,No,3,No,4,No,3,No,2,Yes,2,Yes,2,Yes,2,Yes,2,Yes,2,Yes,2,Yes,2,Yes,2,Yes,2,Yes,2,Yes,1,Yes,2,Yes,2,Yes,2,Yes,2,Yes,1,Yes,2,Yes,2,No,3,Yes,2,Yes,3,Yes,2,No,,1
170,NGFW,https://www.fortinet.com/resources/cyberglossary/end-of-life-firewall,End Of Life Firewall,2900,54,-,No,-,No,-,No,-,No,-,No,-,No,-,No,-,No,-,No,-,No,-,No,-,No,-,No,-,No,-,No,-,No,-,No,-,No,-,No,-,No,1,No,1,No,1,No,1,No,-,No,-,No,-,No,1,No,1,Yes,1,Yes,1,No,1,No,1,No,1,No,1,No,1,No,1,No,,0
171,NGFW,https://www.fortinet.com/resources/cyberglossary/human-firewall,Human Firewall,1000,21,4,Yes,3,Yes,3,Yes,3,Yes,5,No,4,No,4,No,4,No,3,No,2,No,2,No,2,No,2,No,3,No,2,No,3,No,3,No,2,No,2,No,2,No,2,No,2,Yes,2,Yes,4,Yes,2,Yes,2,Yes,3,Yes,2,Yes,2,No,7,No,7,No,6,Yes,5,No,7,No,5,No,6,No,2,Yes,,4
172,OT Security,https://www.fortinet.com/resources/cyberglossary/ruggedized-firewall,Rugged Firewall,20,11,16,No,17,No,11,No,14,No,16,No,16,No,16,No,16,No,11,No,10,No,10,No,10,No,10,No,10,No,11,No,8,No,6,No,6,No,6,No,8,No,8,No,6,No,7,No,6,No,6,No,6,No,9,No,1,No,1,Yes,1,Yes,1,Yes,1,Yes,1,No,1,No,1,No,1,No,8,No,,-7
173,NGFW,https://www.fortinet.com/resources/cyberglossary/business-web-application-firewall,Web Application Firewall For Enterprise,0,69,2,No,2,No,1,No,2,No,2,No,2,No,1,No,1,No,1,No,1,No,1,No,2,No,3,No,2,No,4,No,1,No,2,No,2,No,1,No,1,No,1,No,2,No,3,No,3,No,39,No,1,No,1,No,1,No,1,Yes,1,Yes,3,Yes,6,Yes,3,No,6,No,7,No,5,No,21,No,,-16
174,NGFW,https://www.fortinet.com/resources/cyberglossary/waf,WAF,1300,58,6,No,6,No,4,No,7,No,8,Yes,6,Yes,3,Yes,6,Yes,6,Yes,6,Yes,3,Yes,2,Yes,3,Yes,5,Yes,2,Yes,7,Yes,6,Yes,4,Yes,3,Yes,9,Yes,5,No,4,No,4,No,3,No,14,No,6,No,3,No,15,No,8,Yes,3,Yes,4,Yes,3,No,5,No,5,No,4,No,4,No,12,No,,-8
175,NGFW,https://www.fortinet.com/resources/cyberglossary/comparing-virtual-firewalls,Best Virtual Firwall,590,39,-,No,-,No,-,No,9,No,9,No,9,No,5,No,9,No,9,No,74,No,1,No,4,No,3,No,12,No,6,No,4,No,4,No,8,No,10,No,16,No,9,No,15,No,12,No,8,No,-,No,4,No,8,No,-,No,-,No,46,No,4,No,3,No,4,No,5,No,5,No,5,No,15,No,,-10
176,NGFW,https://www.fortinet.com/resources/cyberglossary/next-generation-firewall,NGFW,4400,52,-,No,-,No,-,No,-,No,-,No,-,No,-,No,-,No,-,No,-,No,-,No,-,No,71,No,11,No,1,No,3,No,5,No,5,No,3,Yes,12,No,7,No,9,No,24,No,29,No,26,No,22,No,30,No,32,No,13,Yes,21,Yes,18,Yes,20,Yes,19,No,2,No,18,No,24,No,28,No,,-4
177,Network Security,https://www.fortinet.com/resources/cyberglossary/network-security-vulnerability,Network Security Vulnerability,110,27,1,No,1,No,1,No,1,No,1,No,1,Yes,1,Yes,1,Yes,1,Yes,1,Yes,1,Yes,1,Yes,1,Yes,1,Yes,1,Yes,1,Yes,1,Yes,1,Yes,1,Yes,1,Yes,1,Yes,1,Yes,1,Yes,1,Yes,1,Yes,1,Yes,1,Yes,1,Yes,1,No,1,No,1,No,1,No,1,Yes,1,Yes,1,Yes,1,Yes,1,Yes,,0
178,Network Security,https://www.fortinet.com/resources/cyberglossary/network-security-threats,Network Security Threats,720,50,5,No,1,Yes,1,Yes,1,Yes,1,Yes,1,Yes,1,Yes,1,Yes,1,Yes,1,Yes,1,No,1,No,1,No,1,No,1,No,1,No,1,No,1,No,1,Yes,1,Yes,1,Yes,1,Yes,1,Yes,1,Yes,1,Yes,1,Yes,1,Yes,1,Yes,1,No,1,No,1,Yes,1,Yes,1,Yes,1,Yes,1,Yes,1,Yes,1,Yes,,0
179,Network Security,https://www.fortinet.com/resources/cyberglossary/cloud-network-security,Cloud Network Security,2900,32,13,No,15,No,20,No,24,No,27,No,30,No,31,No,30,No,11,No,13,No,19,No,21,No,11,No,12,No,7,No,12,No,11,No,13,No,15,No,13,No,12,No,12,No,14,No,14,No,14,No,9,Yes,4,Yes,3,Yes,2,No,2,Yes,3,Yes,5,Yes,3,Yes,4,Yes,4,Yes,2,Yes,2,Yes,,0
180,Network Security,https://www.fortinet.com/resources/cyberglossary/network-security-management,Network Security Management,1300,31,8,No,8,No,8,No,9,No,10,No,10,No,9,No,6,No,8,No,7,No,7,No,9,No,6,Yes,4,Yes,4,Yes,2,Yes,4,Yes,8,Yes,9,Yes,10,Yes,8,No,8,No,6,No,6,No,6,No,6,No,7,No,6,No,5,Yes,3,No,2,No,3,No,3,No,2,No,3,No,2,No,7,No,,-5
181,Network Security,https://www.fortinet.com/resources/cyberglossary/network-security-vs-cybersecurity,Network Security Vs Cybersecurity,90,12,-,,,,,,1,Yes,1,Yes,1,Yes,1,Yes,1,Yes,1,Yes,1,Yes,1,Yes,1,Yes,1,Yes,1,Yes,1,Yes,1,Yes,1,Yes,1,Yes,1,Yes,1,Yes,1,Yes,1,Yes,1,Yes,1,Yes,1,Yes,1,Yes,1,Yes,1,Yes,1,Yes,1,Yes,1,Yes,1,Yes,1,Yes,1,Yes,1,Yes,1,Yes,1,Yes,,0
182,OT Security,https://www.fortinet.com/resources/cyberglossary/it-vs-ot-cybersecurity,IT Vs OT Security,70,42,1,No,1,Yes,1,Yes,1,Yes,1,Yes,1,Yes,1,Yes,1,Yes,1,Yes,1,Yes,1,No,1,No,1,No,1,No,1,No,1,No,1,No,1,No,1,Yes,1,Yes,1,Yes,1,Yes,1,Yes,1,Yes,1,Yes,1,Yes,1,Yes,1,Yes,1,Yes,1,Yes,1,Yes,1,No,2,No,5,No,3,No,3,No,2,No,,1
183,OT Security,https://www.fortinet.com/resources/cyberglossary/manufacturing-ot,Manufacturing OT,40,10,9,No,9,No,9,No,9,Yes,9,Yes,9,Yes,9,Yes,4,Yes,7,Yes,8,Yes,9,Yes,16,Yes,10,Yes,1,Yes,9,Yes,8,Yes,8,Yes,8,Yes,8,Yes,8,Yes,8,Yes,3,Yes,10,Yes,15,Yes,21,Yes,4,Yes,7,No,-,No,8,Yes,2,No,2,No,2,No,2,No,3,No,2,No,2,No,5,No,,-3
184,Quantum Security,https://www.fortinet.com/resources/cyberglossary/quantum-key-distribution,Quantum Key Distribution,1000,45,7,No,7,No,7,No,10,No,9,No,8,No,7,No,9,No,7,No,5,No,8,No,2,No,4,No,4,No,3,No,4,No,5,Yes,4,Yes,4,Yes,4,Yes,5,Yes,7,Yes,6,Yes,3,Yes,6,Yes,6,Yes,6,Yes,6,Yes,2,Yes,2,Yes,2,Yes,2,Yes,1,Yes,3,Yes,3,Yes,4,Yes,2,Yes,,2
185,Quantum Security,https://www.fortinet.com/resources/cyberglossary/post-quantum-cryptography,Post Quantum Cryptography,3600,76,17,No,2,No,1,No,1,Yes,2,Yes,2,No,2,No,2,Yes,4,No,9,No,4,Yes,9,No,5,No,2,No,20,No,3,No,3,No,2,No,2,No,2,No,2,No,3,No,10,No,2,No,19,No,18,No,2,No,17,No,10,Yes,18,Yes,22,Yes,21,No,11,Yes,12,No,9,No,7,No,9,No,,-2
186,Quantum Security,https://www.fortinet.com/resources/cyberglossary/quantum-computing-security,Quantum Computing Security,110,34,8,No,4,No,4,No,4,No,4,No,3,No,4,No,4,No,6,No,5,No,6,No,6,No,6,Yes,6,Yes,9,Yes,2,Yes,3,Yes,2,Yes,3,Yes,7,Yes,7,No,7,No,7,No,5,No,5,No,4,No,4,No,5,No,5,Yes,3,No,2,Yes,2,Yes,3,No,4,No,4,No,2,No,1,Yes,,1
187,Quantum Security,https://www.fortinet.com/resources/cyberglossary/quantum-safe-security,Quantum Safe Security,70,48,3,Yes,3,Yes,1,Yes,1,Yes,1,Yes,1,Yes,3,Yes,2,Yes,2,Yes,2,Yes,2,No,3,No,2,No,2,No,2,No,2,No,1,No,1,No,1,Yes,1,Yes,1,Yes,1,Yes,1,Yes,1,Yes,1,Yes,1,No,1,No,1,No,1,No,1,No,1,Yes,1,No,1,No,1,No,1,No,1,No,1,No,,0
188,Quantum Security,https://www.fortinet.com/resources/cyberglossary/quantum-safe-encryption,Quantum Safe Encryption,390,49,1,No,1,No,1,No,2,No,3,No,4,No,4,No,6,No,7,Yes,31,Yes,33,Yes,3,Yes,36,Yes,22,Yes,43,Yes,41,Yes,21,Yes,32,No,32,No,28,No,9,No,9,No,9,No,9,No,8,No,8,No,8,No,8,No,5,Yes,28,Yes,2,Yes,2,Yes,25,No,2,No,43,No,23,No,55,No,,-32
189,SASE,https://www.fortinet.com/resources/cyberglossary/sd-wan-vs-sase,SD WAN Vs SASE,70,13,2,Yes,2,Yes,2,Yes,2,Yes,2,Yes,1,Yes,1,Yes,1,Yes,1,Yes,1,Yes,1,Yes,1,Yes,1,Yes,1,Yes,1,Yes,1,Yes,1,Yes,1,Yes,1,Yes,1,Yes,1,Yes,1,Yes,1,Yes,1,Yes,2,Yes,2,Yes,1,Yes,1,Yes,1,Yes,1,Yes,2,Yes,2,Yes,2,Yes,2,Yes,2,Yes,2,Yes,3,Yes,,-1
190,SASE,https://www.fortinet.com/resources/cyberglossary/sase-vs-casb,SASE Vs CASB,260,25,6,No,9,Yes,9,Yes,10,Yes,5,Yes,4,Yes,5,Yes,2,Yes,2,Yes,4,Yes,6,No,2,No,4,No,2,No,6,No,2,No,2,No,2,No,2,Yes,1,Yes,1,Yes,2,Yes,2,Yes,1,Yes,2,Yes,4,Yes,2,Yes,3,Yes,3,Yes,2,Yes,1,Yes,1,Yes,1,Yes,2,Yes,2,Yes,2,Yes,1,Yes,,1
191,SASE,https://www.fortinet.com/resources/cyberglossary/sase,SASE,14800,69,1,No,1,Yes,1,No,1,Yes,1,No,1,Yes,2,Yes,2,Yes,3,No,4,No,3,Yes,4,No,6,Yes,4,No,4,Yes,2,Yes,2,No,2,Yes,2,No,1,Yes,1,No,1,Yes,1,Yes,1,Yes,1,No,1,Yes,1,Yes,1,Yes,1,No,1,Yes,1,No,1,No,1,Yes,1,Yes,1,Yes,1,Yes,1,Yes,,0
192,SASE,https://www.fortinet.com/resources/cyberglossary/sase-architecture,SASE Architecture,1000,59,3,No,4,No,3,No,3,No,5,No,5,No,4,No,5,No,7,No,4,No,4,No,4,No,2,Yes,3,Yes,4,Yes,4,Yes,3,Yes,3,Yes,1,Yes,1,Yes,1,Yes,1,Yes,1,Yes,1,Yes,1,Yes,2,Yes,3,Yes,3,Yes,3,No,4,No,6,No,8,No,6,No,5,No,6,No,5,No,4,No,,1
193,SASE,https://www.fortinet.com/resources/cyberglossary/sase-vs-ztna,SASE Vs ZTNA,110,17,1,No,2,No,2,No,2,No,2,No,2,No,2,No,2,No,2,No,2,No,2,No,1,Yes,2,Yes,2,Yes,3,Yes,2,Yes,1,Yes,1,Yes,1,Yes,2,Yes,1,Yes,2,Yes,3,Yes,2,Yes,2,Yes,3,Yes,2,Yes,3,Yes,3,Yes,3,Yes,3,Yes,3,Yes,4,Yes,3,Yes,4,Yes,4,No,4,No,,0
194,SASE,https://www.fortinet.com/resources/cyberglossary/sovereign-sase,Sovereign SASE,40,8,-,,,,,,1,No,1,No,1,No,1,No,1,No,1,No,1,No,1,No,1,No,1,No,1,No,1,No,1,No,1,No,1,No,1,No,1,No,1,No,1,No,1,No,1,No,1,No,1,No,1,No,9,No,4,No,2,No,2,Yes,3,Yes,2,Yes,2,Yes,1,Yes,1,Yes,15,Yes,,-14
195,SD-WAN,https://www.fortinet.com/resources/cyberglossary/sdn-vs-sd-wan,SDN Vs SD WAN,210,24,1,No,1,No,1,No,1,No,1,Yes,1,Yes,1,Yes,1,Yes,1,Yes,1,Yes,1,Yes,1,Yes,1,Yes,1,Yes,1,Yes,1,Yes,1,Yes,1,Yes,1,Yes,1,Yes,1,Yes,1,Yes,1,Yes,1,Yes,1,Yes,1,Yes,1,Yes,1,Yes,1,Yes,1,No,1,No,1,No,1,Yes,1,Yes,1,Yes,1,Yes,1,Yes,,0
196,SD-WAN,https://www.fortinet.com/resources/cyberglossary/sd-wan-vs-vpn,SD WAN Vs VPN,110,12,3,Yes,3,Yes,3,Yes,3,Yes,3,Yes,2,Yes,2,Yes,2,Yes,1,Yes,1,Yes,1,Yes,1,Yes,2,Yes,5,Yes,4,Yes,2,Yes,1,Yes,2,Yes,2,Yes,2,Yes,2,Yes,1,Yes,1,No,1,No,5,No,3,No,2,No,5,No,5,Yes,4,Yes,5,Yes,4,Yes,5,Yes,5,Yes,4,Yes,4,Yes,5,Yes,,-1
197,SASE,https://www.fortinet.com/resources/cyberglossary/sd-wan-explained,SD WAN Explained,50,40,11,No,7,No,6,No,6,No,6,No,6,No,6,No,8,No,2,No,4,No,3,No,1,No,1,No,4,No,4,No,2,No,3,No,2,No,3,No,2,No,4,No,2,No,2,No,5,No,6,No,5,No,4,No,4,No,3,No,3,No,3,No,2,No,3,No,5,No,2,No,6,No,3,No,,3
198,SD-WAN,https://www.fortinet.com/resources/cyberglossary/benefits-of-sd-wan,SD WAN Benefits,390,24,1,Yes,1,Yes,1,Yes,1,Yes,1,Yes,1,Yes,1,Yes,1,Yes,1,Yes,1,Yes,1,Yes,1,Yes,1,Yes,1,Yes,1,Yes,1,Yes,1,Yes,1,Yes,1,Yes,1,Yes,1,Yes,1,Yes,1,Yes,1,Yes,9,Yes,1,Yes,1,Yes,1,Yes,1,No,1,No,1,No,1,No,1,Yes,1,Yes,1,Yes,1,Yes,5,Yes,,-4
199,SASE,https://www.fortinet.com/resources/cyberglossary/sd-wan-as-a-service,SD WAN As A Service,590,7,1,Yes,1,Yes,1,Yes,1,Yes,1,Yes,1,No,1,No,1,No,1,No,1,No,1,No,2,No,34,No,1,Yes,1,Yes,1,Yes,1,Yes,1,Yes,1,Yes,1,Yes,1,Yes,1,Yes,1,Yes,1,Yes,1,Yes,1,Yes,1,Yes,1,Yes,1,No,1,No,1,No,1,No,1,No,1,No,1,No,1,No,1,No,,0
200,SASE,https://www.fortinet.com/resources/cyberglossary/sd-wan-security,SD WAN Security,260,30,6,No,13,No,14,No,12,No,5,No,18,No,17,No,18,No,19,No,5,No,4,No,4,No,9,No,6,No,5,No,4,No,10,No,4,No,4,No,4,No,4,No,3,No,4,No,14,No,15,No,13,No,11,No,17,No,14,No,5,No,10,No,2,No,6,No,7,No,2,No,6,No,9,No,,-3
201,Network Security,https://www.fortinet.com/resources/cyberglossary/sd-wan-vs-mpls,SD WAN Vs Mpls,880,19,-,,,,,,9,No,3,No,4,No,4,No,1,No,1,No,1,No,1,No,2,No,2,No,1,Yes,1,Yes,2,Yes,2,Yes,3,Yes,2,Yes,4,Yes,6,Yes,6,Yes,11,Yes,9,Yes,12,Yes,8,Yes,2,Yes,3,Yes,3,Yes,3,Yes,3,Yes,4,Yes,3,Yes,4,Yes,2,Yes,3,Yes,3,Yes,,0
202,SecOps,https://www.fortinet.com/resources/cyberglossary/what-is-secops,Security Operations,1300,49,11,No,13,No,7,No,12,No,17,Yes,9,Yes,12,Yes,10,Yes,5,Yes,5,Yes,10,Yes,11,Yes,5,Yes,9,Yes,12,Yes,10,Yes,10,Yes,18,Yes,13,Yes,17,Yes,23,Yes,29,No,26,No,12,No,14,No,17,No,15,No,18,No,10,Yes,2,No,2,No,2,No,3,No,3,No,2,No,2,No,5,Yes,,-3
203,SecOps,https://www.fortinet.com/resources/cyberglossary/what-is-secops,Secops,1900,47,13,No,13,No,9,No,10,No,12,No,10,Yes,5,Yes,5,Yes,5,No,4,Yes,5,No,5,Yes,6,Yes,7,Yes,6,Yes,6,No,7,No,6,No,5,No,8,No,9,No,8,No,7,No,10,No,10,Yes,8,No,11,No,10,Yes,9,Yes,7,Yes,9,No,7,Yes,6,No,9,Yes,8,Yes,10,Yes,4,Yes,,6
204,SecOps,https://www.fortinet.com/resources/cyberglossary/secops-metrics,Secops Metrics,30,16,1,No,1,No,1,No,1,No,1,No,1,No,1,No,1,No,1,Yes,1,Yes,1,Yes,1,Yes,1,Yes,1,Yes,1,Yes,1,Yes,1,Yes,1,Yes,1,Yes,1,Yes,1,Yes,1,Yes,1,Yes,1,No,1,No,1,No,1,No,1,No,1,Yes,1,Yes,1,Yes,1,Yes,1,No,1,No,1,No,1,No,1,No,,0
205,ZTNA,https://www.fortinet.com/resources/cyberglossary/how-to-implement-zero-trust,How To Implement Zero Trust,880,50,5,Yes,2,Yes,3,Yes,4,Yes,2,Yes,4,No,3,No,2,No,3,No,3,No,4,No,2,No,3,No,2,Yes,2,Yes,2,Yes,1,Yes,2,Yes,1,Yes,2,Yes,1,Yes,2,No,2,No,2,No,2,No,2,No,3,No,1,No,1,Yes,2,Yes,1,No,2,Yes,2,Yes,3,Yes,2,Yes,4,Yes,2,Yes,,2
206,ZTNA,https://www.fortinet.com/resources/cyberglossary/universal-ztna,Universal ZTNA,110,15,2,No,2,No,1,No,1,Yes,1,Yes,1,Yes,1,Yes,1,Yes,1,Yes,1,Yes,1,Yes,1,Yes,1,Yes,1,Yes,1,Yes,1,Yes,1,Yes,1,Yes,1,Yes,1,Yes,1,Yes,1,Yes,1,Yes,1,Yes,1,Yes,1,Yes,1,Yes,1,Yes,1,No,1,No,1,No,1,Yes,1,Yes,1,Yes,1,No,1,No,41,No,,-40
207,ZTNA,https://www.fortinet.com/resources/cyberglossary/zero-trust-edge,Zero Trust EDGE,260,14,1,Yes,1,Yes,1,Yes,1,Yes,1,Yes,1,No,1,No,1,No,1,No,1,No,2,No,4,No,10,No,5,No,3,No,12,No,3,No,2,No,2,No,11,No,12,No,11,Yes,10,Yes,19,Yes,16,Yes,10,Yes,17,Yes,15,Yes,14,No,2,No,2,Yes,2,No,2,No,2,No,2,No,2,No,15,No,,-13
208,ZTNA,https://www.fortinet.com/resources/cyberglossary/what-is-the-zero-trust-network-security-model,Zerotrust Security Model,5400,36,5,No,7,No,3,No,6,No,6,No,5,No,4,No,4,No,3,No,3,No,2,Yes,2,Yes,4,No,2,Yes,2,No,3,No,3,No,2,No,2,No,3,No,5,No,6,Yes,6,No,2,No,1,No,1,No,1,No,1,No,1,Yes,1,No,1,No,1,No,1,No,1,No,1,No,1,No,1,No,,0
209,ZTNA,https://www.fortinet.com/resources/cyberglossary/ztna-vs-vpn,ZTNA Vs VPN,1000,29,9,No,3,No,12,No,8,No,5,No,5,No,2,No,2,No,2,No,4,No,3,No,5,No,2,No,4,No,5,Yes,2,Yes,1,Yes,1,Yes,1,Yes,1,Yes,1,Yes,1,Yes,1,No,1,No,1,No,1,No,1,No,1,No,1,Yes,1,Yes,1,Yes,1,Yes,1,No,1,No,1,No,1,No,1,No,,0
210,ZTNA,https://www.fortinet.com/resources/cyberglossary/what-is-ztna,Zero-Trust Network Access,8100,74,1,No,1,No,1,No,1,No,1,No,1,No,1,No,2,Yes,2,No,4,Yes,2,Yes,1,Yes,2,No,2,No,2,No,2,No,3,No,2,No,2,No,2,Yes,2,No,4,No,5,No,2,No,4,Yes,4,Yes,3,Yes,2,Yes,2,Yes,1,Yes,1,Yes,2,Yes,2,No,3,Yes,2,Yes,2,Yes,1,Yes,,1
211,ZTNA,https://www.fortinet.com/resources/cyberglossary/virtual-firewall-zero-trust,Virtual Firewall For Zero Trust,0,30,1,No,1,No,1,No,1,No,1,No,1,No,1,No,1,No,1,No,1,No,1,No,1,No,1,No,1,No,1,No,1,No,1,No,1,No,1,No,1,No,1,No,1,No,1,No,1,No,1,No,1,No,1,No,1,No,1,Yes,1,Yes,1,Yes,1,Yes,1,No,1,No,1,No,1,No,1,No,,0
212,ZTNA,https://www.fortinet.com/resources/cyberglossary/what-is-zero-trust,Zero Trust,9900,83,-,No,-,No,-,No,-,No,-,No,-,No,-,No,-,No,-,No,-,No,-,No,54,No,67,No,66,No,56,No,60,No,63,No,57,No,-,No,24,No,24,No,24,No,24,No,24,No,-,No,-,No,-,No,57,No,57,Yes,3,No,4,No,3,Yes,2,No,5,No,4,No,3,No,76,No,,-73
213,Cyber Security,https://www.fortinet.com/resources/cyberglossary/what-is-cognitive-science,Cognitive Science,12100,66,7,No,10,No,9,No,9,No,10,No,8,No,9,No,9,No,9,No,9,No,8,No,8,No,6,No,6,No,6,No,5,No,9,No,9,No,9,No,7,No,3,No,7,No,10,No,10,No,10,No,11,No,10,No,10,No,10,No,3,No,2,Yes,2,No,3,No,3,No,3,No,4,No,10,No,,-6
214,Cyber Compliance,https://www.fortinet.com/resources/cyberglossary/what-is-fedramp,Fedramp,18100,67,11,No,10,No,8,No,10,No,9,No,10,No,8,No,7,No,5,No,7,No,4,No,4,No,6,No,5,No,5,No,6,No,5,No,6,No,8,No,8,No,8,Yes,5,Yes,9,No,10,No,9,No,10,No,12,No,8,No,8,No,11,No,11,No,11,No,11,No,11,No,10,No,9,No,7,No,,2
215,Cyber Security,https://www.fortinet.com/resources/cyberglossary/hyperscale,Hyperscale Data Center,1900,34,11,No,11,No,11,No,14,No,10,No,7,Yes,11,No,10,No,8,No,4,Yes,9,No,11,No,10,No,10,No,9,No,9,No,10,No,10,No,11,No,11,No,11,No,15,No,19,No,21,No,22,No,26,No,24,No,24,No,23,No,32,No,2,No,2,No,21,No,1,Yes,1,No,13,Yes,13,Yes,,0
216,Cyber Threats,https://www.fortinet.com/resources/cyberglossary/what-is-adware,What Is Adware,3600,46,6,No,5,No,7,No,7,No,4,No,5,Yes,5,No,4,No,5,No,4,No,6,No,3,No,5,No,4,No,4,No,4,No,3,Yes,4,Yes,4,No,2,Yes,3,Yes,3,No,4,No,3,No,3,Yes,2,Yes,4,No,3,No,3,Yes,2,Yes,2,Yes,2,Yes,2,Yes,2,Yes,2,Yes,2,No,3,Yes,,-1
217,Cyber Security,https://www.fortinet.com/resources/cyberglossary/common-vulnerability-scoring-system,Common Vulnerability Scoring System,18100,77,11,No,10,No,10,No,11,No,11,No,11,No,10,No,10,No,11,No,13,No,13,No,9,No,10,No,8,No,10,No,15,No,14,No,13,No,17,No,12,No,16,No,20,No,19,No,19,No,19,No,17,No,21,No,19,No,18,No,4,No,4,No,3,No,3,No,4,No,5,No,4,No,27,No,,-23
218,Cyber Security,https://www.fortinet.com/resources/cyberglossary/what-is-bitcoin-mining,Bitcoin Mining,12100,94,6,No,7,No,4,No,3,No,4,No,5,No,4,No,4,No,4,No,5,No,4,No,5,No,6,No,5,No,5,No,6,No,6,No,6,No,6,No,6,No,7,No,6,No,6,No,6,No,6,No,6,Yes,6,Yes,6,No,6,Yes,2,Yes,2,Yes,2,Yes,2,Yes,2,Yes,2,No,6,Yes,6,Yes,,0
219,Email Security,https://www.fortinet.com/resources/cyberglossary/business-email-compromise,Business Email Compromise,2900,58,19,No,15,No,10,No,6,No,11,No,13,No,10,No,13,No,17,No,13,No,18,No,16,No,19,No,13,No,10,No,24,No,25,No,27,No,25,No,23,No,15,No,23,No,23,No,25,No,25,No,23,Yes,24,No,24,No,23,Yes,25,No,28,Yes,2,Yes,5,No,9,No,7,No,7,No,25,No,,-18
220,Email Security,https://www.fortinet.com/resources/cyberglossary/dmarc,What Is Dmarc,12100,78,9,Yes,11,No,3,No,13,No,6,No,11,No,7,No,9,No,6,No,4,No,8,No,5,No,7,Yes,7,No,6,No,9,No,7,No,6,Yes,8,No,10,No,5,Yes,7,No,10,No,9,No,1,Yes,2,Yes,16,Yes,2,Yes,2,Yes,2,No,2,No,2,No,3,Yes,3,Yes,2,No,2,No,3,No,,-1
221,Cyber Compliance,https://www.fortinet.com/resources/cyberglossary/iso-iec-27001,ISO/IEC 27001,2900,62,9,No,9,No,5,No,5,No,16,Yes,2,No,2,No,2,No,2,No,4,No,2,No,4,No,2,No,6,No,6,No,4,No,4,No,9,No,11,No,8,No,13,No,12,No,15,No,15,No,9,No,11,No,16,No,13,No,12,No,6,No,6,No,5,No,5,No,6,No,6,No,2,No,13,No,,-11
222,Cyber Security,https://www.fortinet.com/resources/cyberglossary/what-is-mssp,Managed Security Service Provider,12100,61,5,No,6,No,7,No,7,No,5,No,7,No,6,No,5,Yes,4,Yes,3,No,2,No,2,No,2,Yes,3,Yes,2,Yes,3,No,5,No,4,Yes,3,Yes,4,Yes,4,Yes,4,Yes,4,No,4,Yes,3,Yes,2,Yes,5,Yes,3,No,2,Yes,1,No,1,Yes,1,No,2,Yes,2,Yes,2,Yes,2,Yes,2,Yes,,0
223,SecOps,https://www.fortinet.com/resources/cyberglossary/what-is-sandboxing,Sandboxing,1900,56,1,No,1,No,1,Yes,1,No,1,No,1,No,1,Yes,1,Yes,1,Yes,1,No,1,No,1,Yes,1,No,1,Yes,1,No,1,Yes,1,Yes,1,Yes,1,Yes,1,Yes,2,Yes,4,Yes,5,Yes,6,Yes,5,Yes,5,Yes,7,Yes,6,Yes,6,Yes,2,Yes,6,No,6,No,6,Yes,5,Yes,4,Yes,5,Yes,4,Yes,,1
224,Cloud Security,https://www.fortinet.com/resources/cyberglossary/what-is-web-security,Web Security,2400,43,2,No,3,No,3,Yes,3,Yes,3,Yes,3,No,3,No,3,No,4,Yes,5,No,3,No,2,No,2,No,3,No,3,Yes,3,Yes,3,Yes,3,No,2,Yes,3,No,7,No,7,No,7,No,10,No,9,No,9,No,8,No,8,No,7,Yes,21,No,21,No,29,No,20,Yes,24,No,2,No,19,No,7,No,,12
225,Cyber Security,https://www.fortinet.com/resources/cyberglossary/cybersecurity-management,Cybersecurity Management,720,28,10,No,7,No,11,No,10,No,5,No,10,No,8,No,11,No,5,No,4,No,3,No,4,No,6,No,4,No,1,No,3,Yes,2,Yes,2,Yes,2,Yes,4,Yes,12,Yes,9,Yes,7,Yes,9,Yes,7,Yes,4,Yes,3,Yes,3,Yes,3,Yes,3,Yes,2,Yes,2,Yes,2,No,3,No,2,No,2,No,2,No,,0
226,Endpoint Security,https://www.fortinet.com/resources/cyberglossary/what-is-endpoint-security,Endpoint Security,1600,49,10,No,12,No,11,Yes,12,Yes,10,Yes,9,Yes,6,Yes,5,Yes,5,No,4,No,5,No,5,No,5,No,3,No,3,No,3,No,3,No,3,No,3,No,4,No,2,No,3,No,2,Yes,3,No,2,Yes,4,No,3,Yes,4,Yes,4,No,2,No,3,No,3,No,4,No,3,No,5,Yes,3,No,3,No,,0
227,Data Security,https://www.fortinet.com/resources/cyberglossary/encryption,What Is Encryption,3600,75,9,No,10,No,10,No,11,No,12,No,12,No,7,No,10,No,9,No,6,Yes,4,No,5,No,8,No,5,No,6,No,7,No,5,No,4,Yes,4,No,4,Yes,4,Yes,7,Yes,5,Yes,8,No,9,Yes,8,Yes,5,No,8,No,5,Yes,6,Yes,9,Yes,5,No,7,No,9,Yes,6,Yes,13,Yes,4,Yes,,9
228,Network Security,https://www.fortinet.com/resources/cyberglossary/ldap-authentication,LDAP Authentication,880,24,6,No,6,No,9,No,11,No,7,No,7,No,4,No,5,No,5,No,3,No,2,No,4,No,3,No,3,No,3,No,3,No,3,No,1,No,1,No,1,Yes,1,Yes,1,Yes,1,Yes,1,Yes,1,Yes,1,Yes,1,No,1,No,1,No,1,No,1,No,1,Yes,1,No,1,No,1,No,1,No,6,No,,-5
229,SASE,https://www.fortinet.com/resources/cyberglossary/privileged-identity-management,Privileged Identity Management,6600,33,10,No,16,No,11,No,11,No,10,Yes,11,No,10,No,5,Yes,7,No,10,No,13,No,14,No,16,No,15,Yes,11,No,11,No,11,No,9,No,11,No,11,No,13,No,12,No,11,No,15,No,13,No,11,No,8,Yes,8,No,8,Yes,2,Yes,3,Yes,4,Yes,4,No,3,Yes,2,No,2,No,12,No,,-10
230,Network Security,https://www.fortinet.com/resources/cyberglossary/what-is-dmz,DMZ,22200,80,5,No,5,Yes,4,Yes,5,No,4,No,5,No,5,No,3,No,5,No,5,No,4,No,5,No,4,No,4,No,6,No,7,No,7,No,7,No,5,Yes,6,Yes,6,No,8,No,7,No,10,Yes,7,No,8,Yes,6,Yes,6,No,5,No,3,No,3,No,4,No,3,No,4,No,4,No,3,Yes,6,No,,-3
231,VPN,https://www.fortinet.com/resources/cyberglossary/does-vpn-decrease-internet-speed,Does VPN Affect Internet Speed,90,43,3,No,3,No,7,No,4,No,3,Yes,1,No,1,No,1,No,2,No,3,Yes,3,Yes,4,Yes,3,Yes,3,Yes,3,Yes,3,Yes,3,Yes,3,Yes,3,Yes,3,Yes,2,Yes,2,Yes,5,Yes,5,Yes,3,Yes,5,No,5,No,1,No,1,No,3,No,4,No,4,No,4,No,5,Yes,5,Yes,5,Yes,5,Yes,,0
232,VPN,https://www.fortinet.com/resources/cyberglossary/are-vpns-safe,Are VPNs Safe,1300,34,6,No,11,No,9,No,8,No,7,No,10,No,9,No,6,No,3,No,4,No,5,No,5,No,4,No,4,No,2,No,5,No,11,No,5,No,6,No,6,Yes,7,Yes,6,Yes,6,Yes,7,Yes,6,Yes,7,Yes,7,Yes,6,Yes,6,No,5,No,5,No,5,No,5,Yes,6,Yes,6,No,7,No,6,No,,1
233,Data Security,https://www.fortinet.com/resources/cyberglossary/threat-modeling,Threat Modeling,2900,60,11,No,13,No,11,No,11,No,7,No,12,No,10,No,10,No,10,No,10,No,7,No,9,No,9,No,8,No,10,No,10,No,10,No,6,Yes,13,No,11,No,13,No,14,No,13,No,12,No,17,No,11,No,12,No,12,No,11,Yes,2,Yes,2,Yes,2,Yes,2,No,2,No,2,No,2,No,11,No,,-9
234,VPN,https://www.fortinet.com/resources/cyberglossary/are-vpns-safe,Is VPN Safe,1300,45,3,No,3,No,4,No,3,No,3,No,6,No,5,No,4,No,2,No,4,No,3,No,4,No,4,No,3,No,2,No,5,No,5,No,4,No,5,No,5,No,6,No,6,No,6,No,6,No,6,No,6,No,6,No,6,No,5,Yes,2,Yes,2,Yes,2,Yes,2,Yes,2,Yes,2,Yes,2,Yes,7,Yes,,-5
235,Cyber Threats,https://www.fortinet.com/resources/cyberglossary/attack-vector,Attack Vector,1600,48,5,No,4,No,2,No,6,No,3,No,1,No,2,No,4,No,4,Yes,5,Yes,2,Yes,4,Yes,5,Yes,3,Yes,4,Yes,4,Yes,4,No,6,No,4,No,3,No,3,No,3,No,3,No,5,No,7,No,7,No,6,No,6,No,6,Yes,8,Yes,5,Yes,4,Yes,5,Yes,6,Yes,5,Yes,6,Yes,5,Yes,,1
236,Cyber Security,https://www.fortinet.com/resources/cyberglossary/service-set-identifier-ssid,Service Set Identifier,1300,21,1,No,1,No,1,No,1,No,1,No,1,No,1,No,1,No,1,No,1,No,1,No,1,No,1,Yes,1,Yes,1,Yes,1,Yes,1,Yes,1,Yes,1,Yes,1,Yes,1,Yes,1,Yes,1,Yes,1,Yes,1,Yes,1,Yes,1,Yes,1,Yes,1,No,1,No,1,No,1,No,1,Yes,1,Yes,1,Yes,1,Yes,1,Yes,,0
237,Data Security,https://www.fortinet.com/resources/cyberglossary/digital-rights-management-drm,Digital Rights Management,5400,49,2,No,2,No,4,No,3,Yes,2,Yes,2,Yes,1,No,2,Yes,3,No,2,Yes,2,No,3,No,2,Yes,2,Yes,2,Yes,2,Yes,2,Yes,2,Yes,2,Yes,1,Yes,2,No,2,Yes,3,Yes,3,No,3,No,3,Yes,3,Yes,3,Yes,3,Yes,6,No,6,No,6,No,6,No,4,No,4,No,6,Yes,3,Yes,,3
238,SecOps,https://www.fortinet.com/resources/cyberglossary/content-filtering,Content Filtering,2400,35,1,No,1,No,1,Yes,1,No,1,Yes,1,No,1,No,1,No,1,No,1,No,1,Yes,1,No,1,Yes,1,Yes,1,Yes,1,Yes,1,Yes,1,Yes,1,Yes,1,Yes,1,No,1,Yes,1,No,1,No,1,Yes,1,Yes,1,Yes,1,Yes,1,No,1,Yes,1,Yes,1,Yes,1,Yes,1,Yes,1,Yes,1,Yes,1,Yes,,0
239,Data Security,https://www.fortinet.com/resources/cyberglossary/what-is-splunk,What Is Splunk,4400,44,5,No,5,No,5,No,4,Yes,2,Yes,3,Yes,3,No,3,No,2,Yes,5,No,4,No,3,Yes,4,Yes,3,Yes,2,No,2,Yes,2,No,3,Yes,2,No,1,Yes,2,Yes,2,No,2,Yes,2,Yes,2,Yes,2,Yes,2,Yes,2,Yes,2,Yes,5,Yes,5,Yes,2,Yes,2,Yes,3,No,5,No,5,No,4,No,,1
240,SASE,https://www.fortinet.com/resources/cyberglossary/proxy-server,What Is Proxy Server,1600,63,3,Yes,4,Yes,5,Yes,4,Yes,6,Yes,5,Yes,4,Yes,1,No,1,No,1,No,1,No,1,No,1,No,2,No,6,No,2,Yes,3,Yes,3,Yes,3,Yes,3,Yes,2,Yes,2,Yes,2,Yes,3,Yes,2,Yes,2,Yes,2,Yes,3,Yes,3,No,14,No,14,No,12,No,15,Yes,17,Yes,20,Yes,18,Yes,3,Yes,,15
241,Data Security,https://www.fortinet.com/resources/cyberglossary/data-egress,Data Egress,320,35,1,No,1,No,1,No,1,No,1,No,1,No,1,No,1,No,1,No,1,No,1,No,1,No,1,No,1,No,1,Yes,1,Yes,1,Yes,1,Yes,1,Yes,1,Yes,1,Yes,1,Yes,1,Yes,1,Yes,1,Yes,1,Yes,1,Yes,1,Yes,1,No,1,No,1,No,1,Yes,1,Yes,1,Yes,1,Yes,1,Yes,1,Yes,,0
242,OT Security,https://www.fortinet.com/resources/cyberglossary/iot-edge,IOT EDGE,390,50,5,Yes,3,Yes,1,Yes,3,Yes,4,Yes,4,Yes,4,Yes,5,Yes,3,Yes,5,Yes,4,Yes,3,No,2,No,4,No,2,No,3,No,5,No,5,No,4,No,6,No,8,No,9,No,8,No,9,No,10,No,7,No,8,No,8,No,7,No,2,Yes,2,Yes,2,Yes,3,No,3,No,2,No,2,No,7,No,,-5
243,SASE,https://www.fortinet.com/resources/cyberglossary/http-proxy,Http Proxy,1900,59,1,No,1,No,1,No,1,No,1,No,1,Yes,1,Yes,1,Yes,1,Yes,1,Yes,1,Yes,1,Yes,1,No,1,Yes,1,Yes,1,Yes,1,Yes,1,Yes,1,Yes,1,Yes,1,Yes,1,Yes,1,Yes,1,Yes,1,Yes,1,Yes,1,Yes,1,Yes,1,Yes,1,Yes,1,Yes,1,Yes,1,Yes,1,Yes,1,Yes,1,No,1,No,,0
244,Cyber Threats,https://www.fortinet.com/resources/cyberglossary/web-security-threats,Web Security Threats,110,49,3,Yes,1,Yes,1,Yes,1,Yes,1,Yes,1,Yes,1,Yes,1,Yes,1,Yes,1,No,1,No,1,No,1,No,1,No,1,No,1,No,1,No,1,No,1,No,1,No,1,No,1,No,2,No,3,No,5,No,3,No,5,No,4,No,3,Yes,2,Yes,2,No,2,No,2,No,2,No,2,No,2,No,1,No,,1
245,Email Security,https://www.fortinet.com/resources/cyberglossary/email-encryption,Email Encryption,2900,51,6,No,8,No,6,No,5,No,7,No,7,No,6,No,6,No,4,No,5,No,4,Yes,3,Yes,2,No,3,No,2,No,3,Yes,2,Yes,4,No,3,Yes,3,Yes,5,Yes,4,Yes,5,Yes,4,Yes,3,Yes,3,Yes,2,No,2,Yes,2,No,9,No,7,No,5,No,7,Yes,7,Yes,6,No,4,No,3,Yes,,1
246,Cyber Threats,https://www.fortinet.com/resources/cyberglossary/brute-force-attack,Brute Force Attack,1900,66,8,No,9,No,9,No,8,Yes,7,Yes,10,No,7,No,3,Yes,4,No,4,No,3,No,6,No,2,No,2,Yes,2,Yes,4,No,4,Yes,4,Yes,4,Yes,5,Yes,5,No,7,No,7,Yes,7,No,9,Yes,7,Yes,6,Yes,5,Yes,5,No,2,No,2,No,2,No,1,No,1,No,1,Yes,1,Yes,6,Yes,,-5
247,Data Security,https://www.fortinet.com/resources/cyberglossary/defense-in-depth,Defense In Depth,2900,60,3,Yes,3,Yes,2,Yes,2,No,3,No,3,No,2,No,3,Yes,3,No,6,Yes,2,Yes,2,No,2,No,2,No,2,No,1,Yes,1,No,2,No,2,Yes,1,Yes,1,Yes,1,Yes,1,Yes,1,Yes,1,Yes,1,No,2,Yes,2,Yes,2,No,5,No,4,No,4,No,5,Yes,3,Yes,1,Yes,2,Yes,2,No,,0
248,Data Security,https://www.fortinet.com/resources/cyberglossary/honey-tokens,Honey Tokens,320,23,2,Yes,2,Yes,1,Yes,1,Yes,1,Yes,1,Yes,1,Yes,2,Yes,2,Yes,2,Yes,2,Yes,2,Yes,2,No,2,No,2,No,1,No,1,No,1,No,1,No,1,No,1,Yes,1,Yes,1,Yes,1,Yes,1,Yes,1,Yes,1,Yes,1,Yes,1,No,1,No,1,No,1,No,1,Yes,1,Yes,1,Yes,1,Yes,1,Yes,,0
249,Data Security,https://www.fortinet.com/resources/cyberglossary/attack-surface,Attack Surface,1900,55,3,No,2,Yes,4,Yes,3,Yes,3,Yes,2,Yes,3,No,3,No,3,No,3,No,4,Yes,3,No,3,Yes,2,No,2,Yes,2,Yes,2,Yes,2,Yes,2,Yes,2,Yes,2,Yes,2,Yes,2,Yes,2,Yes,3,No,2,No,2,Yes,2,Yes,2,Yes,5,Yes,6,Yes,5,Yes,6,Yes,6,Yes,5,Yes,4,Yes,2,Yes,,2
250,Data Security,https://www.fortinet.com/resources/cyberglossary/types-of-cyber-attacks,Types Of Cyber Attacks,2900,68,2,No,2,No,1,No,1,Yes,1,No,1,No,1,No,1,Yes,1,No,1,No,1,Yes,1,No,1,No,1,Yes,1,Yes,1,No,1,Yes,1,Yes,1,Yes,1,No,1,Yes,1,Yes,1,No,1,Yes,1,Yes,1,Yes,1,Yes,1,Yes,1,Yes,1,Yes,1,Yes,1,No,1,Yes,1,Yes,1,No,1,Yes,1,Yes,,0
251,Cyber Threats,https://www.fortinet.com/resources/cyberglossary/active-defense,Active Defense,170,20,4,Yes,2,Yes,2,Yes,4,Yes,3,Yes,2,Yes,3,Yes,3,No,3,No,2,No,2,No,2,No,2,No,2,No,2,No,2,Yes,2,Yes,1,Yes,1,Yes,1,Yes,1,Yes,1,Yes,1,Yes,1,Yes,2,Yes,4,Yes,3,Yes,1,Yes,1,No,1,No,1,No,1,No,2,Yes,7,Yes,7,Yes,9,Yes,1,Yes,,8
252,Cyber Compliance,https://www.fortinet.com/resources/cyberglossary/nist-compliance,Nist Compliance,1900,32,1,No,1,Yes,1,Yes,1,Yes,1,Yes,1,Yes,1,Yes,1,No,1,No,1,No,3,No,2,No,2,No,2,No,3,No,1,No,1,No,1,Yes,1,No,1,Yes,1,Yes,1,Yes,1,Yes,1,Yes,1,Yes,1,No,1,Yes,1,No,1,No,1,No,1,No,1,No,1,No,1,No,1,Yes,1,Yes,1,Yes,,0
253,Cyber Threats,https://www.fortinet.com/resources/cyberglossary/remote-access-trojan,Remote Access Trojan,4400,42,2,Yes,2,Yes,1,Yes,1,Yes,2,No,1,Yes,2,No,2,No,2,No,2,Yes,3,No,2,No,2,No,2,Yes,2,Yes,1,Yes,1,Yes,1,Yes,1,Yes,2,Yes,2,No,2,Yes,2,Yes,2,Yes,2,Yes,2,No,3,No,3,No,3,Yes,2,Yes,2,Yes,2,Yes,2,Yes,2,Yes,2,No,2,Yes,5,Yes,,-3
254,Cyber Threats,https://www.fortinet.com/resources/cyberglossary/malware-analysis,Malware Analysis,1300,24,10,Yes,8,Yes,9,Yes,7,Yes,10,Yes,11,Yes,8,Yes,7,Yes,5,Yes,7,Yes,7,Yes,6,No,8,No,4,No,1,No,4,No,4,No,6,No,5,No,7,No,7,No,8,No,10,No,10,No,12,No,9,No,9,No,8,No,5,Yes,4,Yes,10,No,11,No,9,No,3,No,2,Yes,4,Yes,8,Yes,,-4
255,Cyber Threats,https://www.fortinet.com/resources/cyberglossary/fake-hacking,Fake Hacking,5400,51,7,No,5,No,8,No,6,No,7,No,7,No,5,No,6,No,6,No,5,No,3,No,4,No,4,No,5,No,2,No,5,No,8,No,7,No,6,No,5,No,5,No,4,No,4,No,4,No,5,No,5,No,4,No,4,No,4,Yes,8,Yes,7,Yes,8,Yes,13,No,14,No,10,No,12,No,4,No,,8
256,Data Security,https://www.fortinet.com/resources/cyberglossary/pos-security,Pos Security,480,20,1,No,1,No,1,No,1,No,1,No,1,No,1,No,1,No,1,No,1,No,1,No,1,No,1,No,1,No,1,No,1,No,1,No,1,Yes,1,Yes,1,Yes,1,Yes,1,Yes,1,Yes,1,Yes,1,Yes,1,Yes,1,Yes,1,Yes,1,Yes,1,No,1,No,1,No,1,Yes,1,Yes,1,Yes,1,Yes,1,Yes,,0
257,OT Security,https://www.fortinet.com/resources/cyberglossary/iot-best-practices,IOT Security Best Practices,210,37,5,Yes,5,Yes,15,Yes,16,Yes,16,Yes,22,No,16,No,18,No,22,No,22,No,3,No,2,No,4,No,2,No,2,Yes,2,Yes,1,Yes,1,Yes,1,Yes,1,Yes,1,Yes,1,Yes,1,Yes,1,Yes,1,Yes,1,Yes,1,Yes,1,Yes,1,Yes,1,Yes,1,Yes,1,Yes,1,No,1,No,1,No,1,No,1,No,,0
258,Endpoint Security,https://www.fortinet.com/resources/cyberglossary/what-is-edr,What Is EDR,2400,63,10,Yes,6,No,6,Yes,10,No,9,Yes,10,No,8,No,5,No,4,No,6,No,7,No,5,No,6,No,3,Yes,5,No,4,Yes,6,Yes,7,Yes,6,Yes,7,No,6,No,6,No,5,Yes,5,Yes,5,No,6,No,6,Yes,6,No,6,Yes,3,Yes,3,Yes,3,Yes,3,Yes,3,No,2,Yes,3,No,6,No,,-3
259,Endpoint Security,https://www.fortinet.com/resources/cyberglossary/types-of-endpoint-security,Types Of Endpoint Security,110,26,1,No,1,No,1,No,1,No,1,No,1,No,1,No,1,No,1,No,1,No,1,No,1,No,1,No,1,No,1,No,1,No,1,No,1,Yes,1,Yes,1,Yes,1,Yes,1,Yes,1,Yes,1,Yes,1,Yes,1,Yes,1,Yes,1,Yes,1,No,1,No,1,No,1,No,1,Yes,1,Yes,1,Yes,1,Yes,1,Yes,,0
260,Network Security,https://www.fortinet.com/resources/cyberglossary/what-is-wan-aggregation,WAN Aggregation,260,18,2,No,3,Yes,3,Yes,2,Yes,2,Yes,1,Yes,1,Yes,1,Yes,1,Yes,1,Yes,1,No,1,No,1,No,2,No,1,No,1,No,2,No,6,No,4,Yes,6,Yes,7,Yes,11,Yes,8,Yes,8,Yes,10,Yes,8,Yes,5,Yes,8,Yes,1,No,1,No,1,No,2,No,4,Yes,5,Yes,5,Yes,5,Yes,5,Yes,,0
261,SecOps,https://www.fortinet.com/resources/cyberglossary/what-is-ueba,UEBA,590,44,1,No,1,No,1,No,1,No,1,No,1,No,1,No,1,No,1,No,1,No,3,No,3,No,3,No,1,No,2,No,4,No,4,Yes,2,Yes,2,Yes,2,Yes,2,Yes,1,Yes,1,Yes,1,Yes,2,Yes,3,Yes,5,Yes,3,No,3,No,7,Yes,7,No,3,No,3,Yes,5,No,4,No,5,No,4,Yes,,1
262,Email Security,https://www.fortinet.com/resources/cyberglossary/pst-file,What Is A Pst File,2400,33,6,No,3,No,2,No,3,Yes,2,No,3,Yes,3,Yes,3,No,5,No,5,No,4,Yes,2,Yes,2,Yes,2,Yes,2,No,5,No,5,No,2,Yes,2,Yes,3,No,1,No,2,No,2,No,1,No,1,Yes,1,Yes,1,Yes,1,Yes,1,No,1,No,1,Yes,1,No,1,Yes,1,Yes,1,Yes,1,Yes,1,Yes,,0
263,Access Control,https://www.fortinet.com/resources/cyberglossary/saml-vs-oauth,SAML Vs OAUTH,1000,31,2,No,5,No,9,No,9,No,5,No,5,No,4,No,3,No,2,No,2,No,3,No,2,No,1,No,1,Yes,1,Yes,1,Yes,1,Yes,1,Yes,1,Yes,1,Yes,1,Yes,1,No,1,No,1,No,1,No,1,No,1,No,1,No,1,No,1,No,1,No,1,No,1,No,1,No,1,No,1,No,1,Yes,,0
264,Cyber Security,https://www.fortinet.com/resources/cyberglossary/traceroutes,What Is Traceroute,390,21,1,No,1,No,1,No,1,No,1,No,1,No,1,No,1,No,1,No,1,No,1,No,1,No,1,No,1,No,1,Yes,1,Yes,1,Yes,1,Yes,1,Yes,1,Yes,1,Yes,1,Yes,1,No,1,No,1,No,1,No,1,No,1,No,1,No,1,No,1,No,1,No,1,Yes,1,Yes,1,Yes,1,Yes,1,Yes,,0
265,SASE,https://www.fortinet.com/resources/cyberglossary/authentication-token,Authentication Token,590,51,3,No,3,No,4,No,4,No,3,No,3,No,4,No,4,No,3,No,3,No,2,No,1,No,1,No,1,No,1,No,1,No,1,No,1,No,1,No,1,No,1,No,1,Yes,1,Yes,1,Yes,1,Yes,1,Yes,1,Yes,1,Yes,1,Yes,1,No,1,No,1,Yes,1,No,2,No,9,No,9,No,2,No,,7
266,Network Security,https://www.fortinet.com/resources/cyberglossary/network-traffic,Network Traffic,720,41,1,Yes,1,Yes,1,Yes,1,Yes,1,Yes,1,Yes,1,Yes,1,No,1,No,1,No,1,No,1,No,1,No,1,No,1,No,1,Yes,1,Yes,1,Yes,1,Yes,1,Yes,1,Yes,1,Yes,1,Yes,1,Yes,1,Yes,1,Yes,1,Yes,1,Yes,1,No,1,No,1,No,1,No,1,Yes,1,Yes,1,Yes,1,Yes,1,Yes,,0
267,Cyber Threats,https://www.fortinet.com/resources/cyberglossary/internet-fraud,Internet Fraud,1300,78,5,Yes,4,Yes,6,Yes,5,Yes,6,Yes,3,Yes,4,Yes,4,No,6,No,8,No,3,No,5,No,5,No,3,No,2,No,2,Yes,2,Yes,2,Yes,2,Yes,2,Yes,3,Yes,4,Yes,3,Yes,3,Yes,4,Yes,4,Yes,5,Yes,5,Yes,3,Yes,2,No,1,Yes,2,Yes,2,No,4,No,3,No,3,No,3,No,,0
268,Cyber Threats,https://www.fortinet.com/resources/cyberglossary/802-1x-authentication,802.1X Authentication,1300,24,2,No,2,No,2,No,2,No,2,No,2,No,2,No,2,No,3,No,3,No,1,No,1,No,1,No,1,No,1,No,1,No,1,No,1,No,1,No,1,No,1,No,1,Yes,1,Yes,1,Yes,1,Yes,1,Yes,1,Yes,1,Yes,1,Yes,1,Yes,1,Yes,1,Yes,1,No,1,No,1,No,1,No,1,No,,0
269,Network Security,https://www.fortinet.com/resources/cyberglossary/network-access-control-list,Network Access Control List,480,38,1,No,1,No,1,Yes,1,Yes,1,Yes,1,Yes,1,Yes,1,Yes,1,Yes,1,Yes,1,No,1,No,1,No,1,No,1,No,1,No,1,No,1,No,1,No,1,No,1,No,1,No,1,No,1,No,1,No,1,No,1,Yes,1,Yes,1,No,1,No,1,No,1,No,1,Yes,1,Yes,1,Yes,1,Yes,1,Yes,,0
270,Cyber Security,https://www.fortinet.com/resources/cyberglossary/what-is-an-open-proxy,What Is An Open Proxy,110,17,1,Yes,1,Yes,1,Yes,1,Yes,1,Yes,1,Yes,1,Yes,1,Yes,1,Yes,1,Yes,1,Yes,1,Yes,1,Yes,1,Yes,1,Yes,1,Yes,1,Yes,1,Yes,1,Yes,1,Yes,1,Yes,1,Yes,1,Yes,1,Yes,1,Yes,1,Yes,1,Yes,1,Yes,1,No,1,No,1,No,1,No,1,No,1,No,1,No,1,No,1,No,,0
271,Cloud Security,https://www.fortinet.com/resources/cyberglossary/api-key,What Is An API Key,8100,44,3,No,4,No,4,No,4,No,4,No,4,Yes,3,Yes,3,Yes,3,No,4,No,3,No,3,No,3,No,2,No,1,Yes,1,Yes,2,Yes,2,Yes,2,No,2,Yes,3,Yes,3,No,2,No,3,Yes,2,Yes,3,No,2,No,2,No,2,Yes,2,Yes,1,Yes,1,Yes,2,Yes,2,No,2,No,2,No,2,Yes,,0
272,Access Control,https://www.fortinet.com/resources/cyberglossary/radius-protocol,Radius Protocol,1900,44,3,No,2,No,1,No,2,No,3,Yes,2,No,2,No,2,No,4,No,2,Yes,3,Yes,2,No,2,No,1,Yes,1,No,1,No,1,Yes,1,No,2,Yes,1,No,1,Yes,1,Yes,2,Yes,1,Yes,1,Yes,1,Yes,1,Yes,1,No,1,Yes,2,No,2,No,2,Yes,2,Yes,2,Yes,2,Yes,2,Yes,2,Yes,,0
273,Cyber Security,https://www.fortinet.com/resources/cyberglossary/transparent-proxy,Transparent Proxy,480,25,1,No,1,No,1,No,1,No,1,No,1,No,1,No,1,No,1,No,1,No,3,No,1,Yes,1,Yes,1,Yes,1,Yes,1,Yes,1,Yes,1,Yes,1,Yes,1,No,1,No,1,No,1,No,1,No,1,No,1,No,1,Yes,1,Yes,1,Yes,1,Yes,1,Yes,1,Yes,1,Yes,1,Yes,1,Yes,1,Yes,1,Yes,,0
274,Cyber Security,https://www.fortinet.com/resources/cyberglossary/ocsp,OCSP,2900,49,4,Yes,2,Yes,3,Yes,4,No,4,No,4,Yes,4,Yes,4,Yes,3,Yes,3,Yes,2,Yes,2,No,2,Yes,2,Yes,2,Yes,2,Yes,2,Yes,2,Yes,3,No,2,No,1,Yes,2,No,2,Yes,1,Yes,1,Yes,2,Yes,3,No,3,Yes,3,Yes,4,Yes,4,Yes,2,Yes,3,Yes,3,Yes,4,No,3,Yes,2,Yes,,1
275,Network Security,https://www.fortinet.com/resources/cyberglossary/centralized-management,Centralized Management,590,24,6,No,5,Yes,2,Yes,4,Yes,3,Yes,7,Yes,4,Yes,7,Yes,5,Yes,4,Yes,3,Yes,4,Yes,2,Yes,4,Yes,2,Yes,4,Yes,3,Yes,5,Yes,4,Yes,3,Yes,4,Yes,2,Yes,2,Yes,1,Yes,4,Yes,6,Yes,3,Yes,1,Yes,1,No,4,No,9,No,9,No,10,Yes,9,Yes,8,Yes,9,Yes,2,Yes,,7
276,VPN,https://www.fortinet.com/resources/cyberglossary/benefits-of-vpn,Benefits Of VPN,1900,62,7,Yes,7,Yes,6,Yes,5,Yes,7,Yes,7,Yes,6,Yes,2,Yes,2,Yes,5,Yes,3,Yes,1,Yes,3,Yes,3,Yes,4,Yes,3,Yes,4,Yes,5,Yes,3,Yes,3,Yes,3,Yes,2,Yes,3,Yes,2,Yes,2,Yes,2,Yes,3,Yes,2,Yes,2,No,11,No,11,No,10,No,10,Yes,10,Yes,10,Yes,4,No,4,No,,0
277,VPN,https://www.fortinet.com/resources/cyberglossary/vpn-split-tunneling,VPN Split Tunneling,880,42,4,No,2,No,7,No,4,No,4,No,3,No,6,Yes,2,Yes,3,Yes,4,Yes,7,Yes,2,Yes,3,Yes,5,Yes,2,Yes,2,Yes,2,Yes,2,Yes,2,Yes,2,Yes,3,Yes,2,Yes,3,No,3,No,2,No,2,No,2,No,2,No,2,No,2,No,2,No,2,No,2,Yes,2,Yes,2,Yes,2,Yes,1,Yes,,1
278,VPN,https://www.fortinet.com/resources/cyberglossary/proxy-vs-vpn,Proxy Vs VPN,4400,53,3,Yes,2,Yes,1,Yes,2,Yes,2,No,9,Yes,6,No,3,No,4,No,4,No,4,No,3,Yes,4,No,5,No,2,Yes,4,Yes,5,No,4,Yes,5,No,4,Yes,3,No,3,Yes,2,No,4,No,4,Yes,3,Yes,3,Yes,2,No,2,Yes,1,Yes,2,Yes,2,Yes,2,Yes,2,No,2,Yes,2,Yes,3,Yes,,-1
279,Access Control,https://www.fortinet.com/resources/cyberglossary/aaa-security,AAA Security,880,51,4,No,5,No,4,No,4,No,3,No,5,No,4,No,4,No,4,No,6,No,5,No,6,No,5,No,6,No,4,No,3,No,5,No,6,No,6,No,5,No,6,No,7,No,6,No,5,No,5,Yes,5,Yes,5,Yes,5,Yes,4,No,4,No,5,No,4,No,5,No,5,No,5,No,4,No,4,No,,0
280,OT Security,https://www.fortinet.com/resources/cyberglossary/network-edge,Network EDGE,480,49,1,No,1,No,1,No,1,No,1,No,1,No,1,No,1,No,1,No,1,No,1,No,1,No,1,No,1,No,1,No,1,No,1,No,1,No,1,No,1,No,1,No,1,No,1,No,1,No,1,No,1,No,1,No,1,No,1,No,1,No,1,No,1,No,1,No,1,No,1,No,1,No,7,No,,-6
281,OT Security,https://www.fortinet.com/resources/cyberglossary/operational-security,Operational Security,1600,37,2,Yes,2,Yes,3,Yes,3,No,4,No,4,No,3,No,4,No,2,No,4,No,3,No,2,No,3,No,2,No,2,No,2,No,2,No,3,No,2,No,2,Yes,2,Yes,2,Yes,2,Yes,2,Yes,2,Yes,2,Yes,2,No,2,No,2,Yes,3,Yes,3,No,3,Yes,4,No,4,No,4,Yes,4,Yes,3,Yes,,1
282,Cloud Security,https://www.fortinet.com/resources/cyberglossary/hybrid-data-center,Hybrid Data Center,170,16,2,No,2,No,1,Yes,2,Yes,2,Yes,2,Yes,4,Yes,12,Yes,2,Yes,2,Yes,2,Yes,3,No,3,No,2,No,2,No,3,No,2,No,2,No,2,No,1,Yes,1,Yes,2,Yes,5,Yes,2,Yes,2,Yes,4,Yes,3,Yes,2,No,2,Yes,8,Yes,9,No,9,No,9,No,9,No,8,No,7,Yes,1,Yes,,6
283,SASE,https://www.fortinet.com/resources/cyberglossary/how-to-setup-a-proxy-server,How To Setup A Proxy Server,590,34,9,No,8,No,5,No,8,No,7,No,5,No,5,No,4,No,4,No,3,No,3,No,6,No,5,No,6,No,7,No,7,No,7,No,7,No,7,No,2,No,1,No,1,No,5,No,8,No,7,No,12,No,15,No,11,No,11,No,6,No,4,No,2,No,3,No,3,No,3,No,4,No,6,No,,-2
284,Cyber Security,https://www.fortinet.com/resources/cyberglossary/message-authentication-code,Message Authentication Code,390,39,2,Yes,2,No,3,No,3,No,3,No,3,No,3,No,3,No,3,No,3,No,4,No,3,No,3,No,3,No,2,No,2,No,3,No,2,No,2,Yes,2,Yes,2,Yes,2,Yes,2,Yes,1,Yes,2,Yes,2,Yes,4,Yes,3,Yes,3,No,7,No,7,No,8,No,8,Yes,8,Yes,7,Yes,11,Yes,3,Yes,,8
285,Network Security,https://www.fortinet.com/resources/cyberglossary/dns-security,DNS Security,1300,39,2,Yes,2,Yes,1,Yes,2,Yes,2,No,2,No,4,No,6,No,6,No,6,No,7,No,5,No,3,No,5,No,7,No,3,No,2,No,4,No,4,No,6,No,3,No,3,Yes,3,Yes,3,Yes,3,Yes,6,Yes,8,No,6,Yes,4,No,7,No,7,No,8,No,9,Yes,8,Yes,10,Yes,11,Yes,11,No,,0
286,Data Security,https://www.fortinet.com/resources/cyberglossary/healthcare-data-security,Healthcare Data Security,590,20,1,Yes,1,Yes,1,Yes,1,Yes,1,Yes,1,Yes,1,Yes,1,Yes,1,Yes,1,Yes,1,Yes,1,Yes,1,Yes,1,Yes,1,Yes,1,Yes,1,Yes,1,Yes,1,Yes,1,Yes,1,Yes,1,Yes,1,Yes,1,Yes,1,Yes,1,Yes,1,Yes,1,Yes,1,No,1,No,1,No,1,No,1,Yes,1,Yes,1,Yes,1,Yes,1,Yes,,0
287,Data Security,https://www.fortinet.com/resources/cyberglossary/data-center-security,Data Center Security,2400,36,11,Yes,16,Yes,13,Yes,13,Yes,12,No,13,No,9,No,8,No,7,Yes,5,No,7,Yes,4,No,4,No,4,No,1,No,1,Yes,1,No,1,No,1,Yes,1,Yes,1,No,1,Yes,1,Yes,1,Yes,1,Yes,1,Yes,1,Yes,1,Yes,1,Yes,1,Yes,1,No,1,Yes,1,Yes,1,Yes,1,Yes,1,No,1,No,,0
288,Cyber Security,https://www.fortinet.com/resources/cyberglossary/what-is-cybersecurity-mesh,Cybersecurity Mesh,210,34,1,No,1,No,1,No,1,No,1,No,1,No,1,No,1,No,1,Yes,1,Yes,1,Yes,1,Yes,1,Yes,1,Yes,1,Yes,1,Yes,1,Yes,1,Yes,1,Yes,1,Yes,1,Yes,1,Yes,1,Yes,1,No,1,No,1,No,1,No,1,No,1,Yes,1,No,1,Yes,1,Yes,1,Yes,1,Yes,1,Yes,1,Yes,1,Yes,,0
289,Cyber Threats,https://www.fortinet.com/resources/cyberglossary/what-is-hacking,Hacking,18100,54,2,No,2,No,1,Yes,1,No,1,No,1,Yes,1,No,1,No,1,No,1,Yes,1,Yes,1,Yes,1,Yes,1,Yes,1,Yes,1,Yes,1,Yes,1,Yes,1,Yes,1,Yes,1,Yes,1,No,1,Yes,1,Yes,1,No,1,Yes,1,Yes,1,Yes,1,No,1,Yes,1,Yes,1,No,1,Yes,1,Yes,1,No,1,No,1,Yes,,0
290,VPN,https://www.fortinet.com/resources/cyberglossary/how-does-vpn-work,How Does A VPN Work,5400,64,2,Yes,2,Yes,2,Yes,2,Yes,2,Yes,1,Yes,1,Yes,1,Yes,1,Yes,1,Yes,1,No,1,Yes,1,Yes,1,Yes,1,No,1,Yes,1,Yes,1,Yes,1,Yes,1,Yes,1,Yes,1,Yes,1,Yes,1,Yes,1,Yes,1,No,1,Yes,1,No,1,No,1,No,1,No,1,No,1,No,1,No,1,No,1,Yes,4,No,,-3
291,Cyber Security,https://www.fortinet.com/resources/cyberglossary/cia-triad,CIA Triad,9900,46,1,No,1,No,1,No,1,No,1,Yes,1,No,1,No,1,No,1,Yes,1,Yes,1,No,1,Yes,1,Yes,1,Yes,1,Yes,1,Yes,1,Yes,1,Yes,1,Yes,1,Yes,1,Yes,1,Yes,1,Yes,1,No,1,Yes,1,Yes,1,Yes,1,Yes,1,No,1,No,1,No,1,No,1,Yes,1,Yes,1,Yes,1,Yes,1,Yes,,0
292,SecOps,https://www.fortinet.com/resources/cyberglossary/security-as-a-service,Security-As-A-Service,50,23,1,No,1,No,1,No,1,No,1,Yes,1,Yes,1,Yes,1,Yes,1,Yes,1,Yes,1,Yes,1,Yes,1,No,1,Yes,1,Yes,1,Yes,1,Yes,1,Yes,1,Yes,1,Yes,1,Yes,1,Yes,1,Yes,1,Yes,1,Yes,1,Yes,1,Yes,1,Yes,1,Yes,1,Yes,1,Yes,1,Yes,1,Yes,1,Yes,1,Yes,1,Yes,1,Yes,,0
293,Cyber Compliance,https://www.fortinet.com/resources/cyberglossary/compliance-automation,Compliance Automation,1000,31,1,No,1,No,1,No,1,No,1,No,1,Yes,1,Yes,1,Yes,1,Yes,1,Yes,1,Yes,1,Yes,1,Yes,1,Yes,1,Yes,1,Yes,1,Yes,1,Yes,1,Yes,1,Yes,1,Yes,1,Yes,1,Yes,1,No,1,Yes,1,Yes,1,Yes,1,No,1,No,1,No,1,No,1,No,1,No,1,No,1,No,1,No,1,No,,0
294,Data Security,https://www.fortinet.com/resources/cyberglossary/data-deduplication,Data Deduplication,480,43,13,No,15,No,16,No,13,No,11,No,13,No,8,No,10,No,8,No,12,No,8,No,3,No,11,No,11,No,11,No,12,No,11,No,10,No,8,No,9,No,12,No,7,No,13,No,14,No,13,No,11,No,12,No,12,No,11,No,9,No,8,No,9,No,8,No,9,No,8,No,7,No,9,No,,-2
295,Cyber Security,https://www.fortinet.com/resources/cyberglossary/tcp-ip-model-vs-osi-model,Tcp Ip Model Vs Osi Model,880,23,1,Yes,1,No,1,No,2,No,2,No,2,No,2,No,1,No,1,No,1,No,1,No,1,No,1,No,1,No,1,No,1,No,1,No,1,No,1,Yes,1,Yes,1,Yes,1,Yes,1,Yes,1,Yes,1,Yes,1,Yes,1,No,1,No,1,Yes,1,Yes,1,Yes,1,Yes,1,No,1,No,1,No,1,No,1,No,,0
296,Cyber Threats,https://www.fortinet.com/resources/cyberglossary/tailgating-attack,Tailgating Attack,1600,35,1,Yes,1,Yes,1,Yes,1,Yes,1,No,1,No,1,No,1,No,1,No,1,No,3,No,3,No,2,Yes,2,Yes,2,Yes,2,Yes,3,Yes,2,Yes,2,Yes,2,Yes,3,Yes,2,Yes,2,Yes,3,Yes,2,Yes,2,Yes,3,Yes,2,Yes,2,Yes,3,Yes,2,No,1,Yes,1,Yes,1,Yes,1,Yes,1,Yes,1,Yes,,0
297,Data Security,https://www.fortinet.com/resources/cyberglossary/data-security,Data Security,9900,70,6,No,11,No,12,No,12,No,10,Yes,10,Yes,9,Yes,6,No,6,No,4,Yes,5,Yes,6,No,7,No,5,No,2,Yes,3,No,5,Yes,2,Yes,2,Yes,2,Yes,3,No,3,No,3,Yes,3,No,2,Yes,3,Yes,3,No,3,Yes,3,No,5,No,5,No,5,Yes,7,Yes,6,Yes,5,No,5,No,4,No,,1
298,Email Security,https://www.fortinet.com/resources/cyberglossary/phishing-email-analysis,Phishing Email Analysis,50,25,1,Yes,1,Yes,1,No,2,No,1,Yes,1,No,1,No,1,No,1,No,1,No,1,No,1,No,1,No,1,No,1,No,1,No,1,No,1,No,1,No,1,Yes,1,Yes,1,Yes,1,Yes,1,Yes,1,Yes,1,Yes,2,Yes,2,Yes,1,Yes,1,Yes,1,Yes,1,Yes,1,Yes,1,Yes,1,Yes,1,No,1,No,,0
299,Data Security,https://www.fortinet.com/resources/cyberglossary/data-exfiltration,Data Exfiltration,1300,20,11,Yes,15,Yes,13,Yes,14,Yes,16,Yes,14,Yes,14,Yes,11,Yes,5,Yes,6,Yes,5,Yes,5,Yes,7,Yes,3,Yes,5,Yes,6,Yes,3,Yes,4,Yes,2,Yes,2,Yes,4,Yes,2,Yes,2,Yes,2,No,2,No,2,No,2,Yes,2,Yes,2,Yes,4,Yes,1,Yes,1,Yes,1,No,1,No,1,No,1,No,6,No,,-5
300,Email Security,https://www.fortinet.com/resources/cyberglossary/pgp-encryption,PGP Encryption,3600,57,3,No,3,No,2,Yes,5,No,4,Yes,4,No,5,No,2,No,1,Yes,1,Yes,6,No,3,No,6,No,5,No,3,No,3,Yes,2,Yes,3,Yes,1,Yes,3,Yes,3,Yes,3,No,3,Yes,3,Yes,2,Yes,3,No,2,Yes,3,Yes,3,No,5,No,4,No,3,No,5,No,5,No,4,No,4,No,2,Yes,,2
301,Network Security,https://www.fortinet.com/resources/cyberglossary/unified-threat-management,Unified Threat Management,4400,32,2,No,2,No,1,No,1,Yes,1,Yes,1,No,1,No,1,No,1,No,1,Yes,1,Yes,1,No,1,No,1,No,1,No,1,No,1,No,1,Yes,1,No,1,Yes,1,Yes,1,Yes,1,No,1,Yes,1,Yes,1,No,1,Yes,1,Yes,1,No,1,No,1,No,1,No,1,Yes,1,Yes,1,No,1,Yes,1,Yes,,0
302,Cyber Threats,https://www.fortinet.com/resources/cyberglossary/url-phishing,URL Phishing,210,57,1,No,1,No,1,No,1,No,1,Yes,1,Yes,1,Yes,1,Yes,1,Yes,1,Yes,1,Yes,1,Yes,1,Yes,1,Yes,1,Yes,1,Yes,1,No,1,Yes,1,Yes,1,No,1,Yes,1,Yes,1,Yes,1,Yes,1,Yes,1,Yes,1,Yes,28,Yes,1,No,1,No,1,No,1,No,1,No,1,No,1,No,1,No,1,No,,0
303,Cyber Security,https://www.fortinet.com/resources/cyberglossary/it-security-policy,It Security Policy,720,41,1,No,1,No,1,No,1,Yes,1,Yes,1,Yes,1,Yes,1,Yes,1,Yes,1,Yes,1,Yes,1,Yes,1,Yes,1,Yes,1,Yes,1,Yes,1,Yes,1,Yes,1,Yes,1,Yes,1,Yes,1,Yes,1,Yes,1,Yes,1,Yes,1,Yes,1,Yes,1,Yes,1,No,1,No,1,No,1,No,1,Yes,1,Yes,1,Yes,1,Yes,1,Yes,,0
304,Cyber Threats,https://www.fortinet.com/resources/cyberglossary/dns-hijacking,DNS Hijacking,720,40,3,Yes,3,Yes,1,Yes,1,Yes,2,No,3,No,2,No,3,No,4,No,4,No,4,No,3,No,4,No,3,Yes,3,Yes,3,Yes,2,Yes,2,Yes,2,Yes,2,Yes,3,Yes,4,No,3,No,3,No,2,No,3,No,4,No,4,No,4,No,5,No,8,No,7,No,7,No,7,No,6,No,7,No,3,Yes,,4
305,Cyber Threats,https://www.fortinet.com/resources/cyberglossary/dos-vs-ddos,DOS Vs DDOS,880,20,1,No,1,No,1,No,1,No,1,No,1,Yes,1,Yes,1,Yes,1,Yes,1,Yes,1,Yes,1,Yes,1,Yes,1,Yes,1,No,1,No,1,No,1,No,1,No,1,No,1,No,1,No,1,Yes,1,Yes,1,Yes,1,Yes,1,Yes,1,Yes,1,Yes,1,No,1,No,1,Yes,1,Yes,1,Yes,1,Yes,1,Yes,1,Yes,,0
306,Cyber Threats,https://www.fortinet.com/resources/cyberglossary/whaling-attack,Whaling Attack,1300,22,2,No,2,No,2,No,2,No,2,No,2,No,2,No,3,No,4,No,3,No,2,No,2,No,3,No,3,No,2,No,3,No,2,Yes,4,Yes,4,Yes,4,Yes,4,Yes,4,Yes,3,Yes,2,Yes,2,No,3,No,2,No,2,No,2,No,6,No,7,No,6,No,6,No,6,No,4,No,5,No,3,No,,2
307,Cyber Threats,https://www.fortinet.com/resources/cyberglossary/what-is-botnet,Botnet,6600,60,2,No,5,No,5,No,5,Yes,6,Yes,4,Yes,3,Yes,4,No,6,No,6,No,7,No,6,No,5,No,6,Yes,2,Yes,4,Yes,3,Yes,3,Yes,5,No,5,Yes,3,No,5,Yes,7,No,7,Yes,6,Yes,5,Yes,4,No,4,No,4,No,3,Yes,3,Yes,3,Yes,3,No,5,No,5,No,3,No,4,No,,-1
308,Cyber Threats,https://www.fortinet.com/resources/cyberglossary/what-is-port-scan,Port Scan,2400,68,6,No,6,No,6,No,6,No,4,No,4,No,5,No,6,No,6,No,6,No,5,No,7,Yes,6,No,6,No,5,No,4,No,3,Yes,4,Yes,4,Yes,4,Yes,4,No,3,No,3,Yes,4,No,4,Yes,4,Yes,4,Yes,4,No,4,No,10,No,11,No,8,No,6,No,8,No,9,No,10,No,6,No,,4
309,Network Security,https://www.fortinet.com/resources/cyberglossary/digital-certificates,Digital Certificates,1000,50,1,Yes,1,Yes,1,Yes,1,Yes,1,No,1,No,2,No,2,No,2,No,4,No,2,No,2,No,1,No,1,No,1,No,1,No,1,No,1,No,1,No,1,No,1,No,1,Yes,1,Yes,1,Yes,1,Yes,1,Yes,1,Yes,1,Yes,1,No,1,No,1,No,1,No,1,Yes,1,Yes,1,Yes,1,Yes,1,Yes,,0
310,Cyber Threats,https://www.fortinet.com/resources/cyberglossary/eavesdropping,Eavesdropping Attack,70,26,1,Yes,1,Yes,1,Yes,1,Yes,1,Yes,1,Yes,1,Yes,1,Yes,1,Yes,1,Yes,1,Yes,1,Yes,1,Yes,1,Yes,1,Yes,1,Yes,1,Yes,1,Yes,1,Yes,1,Yes,1,Yes,1,Yes,1,Yes,1,Yes,1,Yes,1,Yes,1,Yes,1,Yes,1,Yes,1,Yes,1,Yes,1,Yes,1,Yes,1,Yes,1,Yes,1,Yes,1,Yes,,0
311,Network Security,https://www.fortinet.com/resources/cyberglossary/bgp-border-gateway-protocol,Border Gateway Protocol,2400,40,7,No,10,No,8,No,8,No,5,No,8,No,7,No,7,Yes,5,No,7,No,7,No,7,No,8,No,6,Yes,5,No,9,No,6,Yes,2,Yes,6,No,7,No,8,No,8,No,7,No,6,No,10,No,14,Yes,9,No,18,No,16,No,3,No,3,Yes,3,No,4,No,4,Yes,3,No,3,No,14,No,,-11
312,SASE,https://www.fortinet.com/resources/cyberglossary/saas-security-posture-management,SSPM,320,33,1,No,2,No,1,Yes,2,Yes,1,Yes,2,Yes,3,Yes,3,Yes,3,Yes,7,Yes,1,Yes,2,Yes,4,Yes,1,Yes,2,Yes,4,Yes,2,Yes,2,Yes,1,Yes,1,Yes,1,Yes,1,Yes,1,Yes,1,Yes,5,No,5,No,5,No,4,Yes,2,No,8,No,9,No,10,No,9,No,9,Yes,7,Yes,3,Yes,5,Yes,,-2
313,Cyber Threats,https://www.fortinet.com/resources/cyberglossary/cyber-extortion,Cyber Extortion,590,25,1,No,1,No,1,No,1,No,1,No,1,No,1,No,1,No,1,No,1,No,3,No,1,No,1,No,1,Yes,1,Yes,1,Yes,1,Yes,1,Yes,1,Yes,1,Yes,1,Yes,1,No,1,No,1,No,1,No,1,No,1,No,1,No,1,No,1,No,1,No,1,No,1,Yes,1,Yes,1,Yes,1,Yes,1,Yes,,0
314,Cyber Security,https://www.fortinet.com/resources/cyberglossary/devops-security,Devops Security,1300,41,3,Yes,2,Yes,2,Yes,2,Yes,2,Yes,2,Yes,2,Yes,2,Yes,2,Yes,2,Yes,2,Yes,1,Yes,1,Yes,2,Yes,1,Yes,1,Yes,2,No,3,No,2,No,2,No,2,No,2,No,2,No,3,No,2,Yes,2,Yes,5,Yes,2,Yes,2,Yes,2,Yes,2,Yes,3,Yes,4,Yes,3,Yes,2,Yes,2,Yes,4,Yes,,-2
315,Data Security,https://www.fortinet.com/resources/cyberglossary/confidential-computing,Confidential Computing,880,66,19,Yes,17,Yes,16,Yes,20,Yes,16,Yes,18,No,15,No,9,No,14,No,13,No,10,No,8,No,14,No,13,No,2,No,12,No,13,No,10,No,9,No,12,No,6,No,10,No,11,No,10,No,11,No,11,No,14,No,14,No,14,No,3,Yes,4,No,4,Yes,5,No,5,No,5,No,4,No,19,No,,-15
316,Cyber Threats,https://www.fortinet.com/resources/cyberglossary/scareware,Scareware,2400,44,2,Yes,3,No,4,No,3,No,2,Yes,4,No,3,No,3,No,5,Yes,2,Yes,3,No,3,No,2,No,2,No,2,Yes,2,Yes,4,Yes,5,Yes,8,No,10,No,5,No,7,Yes,8,No,8,No,10,No,9,No,8,No,8,No,5,No,10,No,9,No,8,No,8,Yes,8,Yes,8,Yes,8,No,7,No,,1
317,Cyber Threats,https://www.fortinet.com/resources/cyberglossary/trojan-horse-virus,Trojan Horse Virus,2900,62,1,No,1,No,1,No,1,Yes,1,No,1,No,2,No,2,No,1,Yes,1,Yes,1,No,1,No,1,No,1,No,1,Yes,1,Yes,1,No,1,Yes,1,Yes,1,Yes,1,No,1,Yes,1,Yes,1,Yes,1,Yes,1,Yes,1,No,1,Yes,1,No,1,No,1,No,1,No,1,No,1,Yes,1,Yes,1,Yes,1,No,,0
318,Cyber Security,https://www.fortinet.com/resources/cyberglossary/what-is-canary-in-cybersecurity,Canary In Cybersecurity,40,35,1,No,1,No,1,No,1,No,1,No,1,No,1,No,1,No,1,No,1,No,1,No,1,No,1,No,1,No,1,No,1,No,1,No,1,Yes,1,Yes,1,Yes,1,Yes,1,Yes,1,Yes,1,Yes,1,Yes,1,Yes,1,Yes,1,Yes,1,Yes,1,No,1,No,1,Yes,1,Yes,1,Yes,1,Yes,1,Yes,1,Yes,,0
319,Email Security,https://www.fortinet.com/resources/cyberglossary/email-security,Email Security,5400,50,8,No,9,No,9,No,12,No,13,No,12,No,8,No,7,Yes,4,No,8,Yes,8,No,8,No,10,No,8,Yes,2,No,3,Yes,3,Yes,5,No,6,No,7,No,11,No,13,No,12,No,12,No,11,No,8,No,5,No,6,No,5,No,8,No,9,No,10,No,9,No,8,No,8,No,10,No,6,No,,4
320,Cyber Security,https://www.fortinet.com/resources/cyberglossary/smb-cybersecurity-tools,Cybersecurity Tools For Small Business,10,50,1,No,1,No,1,No,1,No,1,No,1,No,1,No,1,No,1,No,1,No,1,Yes,1,Yes,1,Yes,1,Yes,1,Yes,1,Yes,2,Yes,1,Yes,1,No,1,No,1,No,1,No,1,No,1,No,1,No,2,No,1,No,1,No,1,Yes,1,Yes,1,Yes,1,Yes,2,No,3,No,3,No,3,No,1,No,,2
321,Cyber Threats,https://www.fortinet.com/resources/cyberglossary/recent-ransomware-settlements,Ransomware Settlement,40,43,1,No,1,No,1,No,1,No,1,No,1,No,1,No,1,No,1,No,1,No,1,No,1,No,1,No,1,No,1,No,1,No,1,No,3,Yes,3,Yes,3,Yes,2,Yes,2,Yes,2,Yes,2,Yes,2,Yes,2,No,2,No,2,No,2,No,12,No,12,No,16,No,13,No,10,No,10,No,10,No,1,No,,9
322,Cyber Threats,https://www.fortinet.com/resources/cyberglossary/fileless-malware,Fileless Malware,1000,39,5,No,9,No,2,No,4,No,5,No,6,Yes,3,Yes,5,Yes,5,Yes,6,Yes,4,Yes,4,Yes,6,Yes,5,Yes,3,Yes,4,Yes,3,Yes,4,Yes,4,Yes,4,Yes,4,Yes,5,Yes,5,Yes,7,Yes,7,Yes,6,Yes,8,Yes,6,Yes,5,Yes,6,Yes,4,Yes,7,Yes,5,Yes,7,Yes,8,Yes,13,Yes,5,Yes,,8
323,Cyber Threats,https://www.fortinet.com/resources/cyberglossary/what-is-keyloggers,Keyloggers,1900,53,3,No,2,Yes,1,Yes,1,Yes,1,Yes,1,Yes,1,No,1,No,1,No,1,No,1,Yes,1,No,1,No,1,Yes,1,No,1,No,1,Yes,1,Yes,1,Yes,1,Yes,1,Yes,1,Yes,1,Yes,1,Yes,1,Yes,1,Yes,1,Yes,1,Yes,1,No,1,No,1,No,1,No,1,Yes,1,No,1,Yes,1,No,1,Yes,,0
324,Network Security,https://www.fortinet.com/resources/cyberglossary/microsegmentation,Microsegmentation,1900,50,9,No,9,No,11,No,9,No,7,No,10,No,9,No,9,No,11,No,11,No,7,No,8,No,6,No,6,No,2,No,8,No,9,No,9,No,10,No,9,No,6,No,8,No,10,No,8,Yes,9,No,8,Yes,8,No,8,No,6,Yes,5,Yes,5,Yes,4,Yes,4,Yes,5,No,3,No,3,No,9,No,,-6
325,Cyber Security,https://www.fortinet.com/resources/cyberglossary/cybersquatting,Cybersquatting,1000,46,8,No,12,No,11,No,12,No,13,No,15,No,12,No,8,No,7,No,7,No,12,No,8,No,7,No,8,Yes,8,Yes,11,Yes,8,Yes,13,Yes,12,Yes,13,Yes,10,Yes,9,No,12,No,13,No,13,No,12,No,13,No,14,No,12,No,16,No,14,No,15,No,18,No,12,No,11,No,15,No,12,No,,3
326,Cyber Security,https://www.fortinet.com/resources/cyberglossary/what-is-firmware,What Is Firmware,9900,47,1,No,3,No,2,No,2,Yes,3,Yes,1,Yes,1,Yes,1,Yes,1,Yes,1,Yes,1,No,1,No,2,No,2,No,2,No,2,Yes,2,Yes,2,Yes,2,Yes,2,Yes,2,No,2,Yes,2,Yes,2,Yes,2,Yes,2,Yes,2,Yes,2,Yes,2,No,13,No,13,No,13,No,14,Yes,14,Yes,12,No,15,Yes,2,Yes,,13
327,Cyber Security,https://www.fortinet.com/resources/cyberglossary/user-datagram-protocol-udp,User Datagram Protocol,8100,64,12,No,13,No,13,No,12,No,10,No,10,No,10,No,8,No,8,No,7,No,4,Yes,5,No,5,Yes,7,No,3,No,2,Yes,2,Yes,6,Yes,4,Yes,3,No,4,Yes,3,Yes,4,Yes,4,Yes,6,No,1,No,6,No,3,Yes,2,No,4,Yes,6,Yes,5,Yes,9,No,8,Yes,7,Yes,7,Yes,7,No,,0
328,Network Security,https://www.fortinet.com/resources/cyberglossary/certificate-management,Certificate Management,720,28,7,Yes,15,No,11,No,2,No,7,No,8,No,3,No,2,No,7,No,3,No,2,Yes,3,Yes,5,Yes,5,Yes,5,Yes,2,Yes,2,Yes,3,Yes,6,Yes,3,Yes,9,Yes,5,Yes,4,Yes,7,Yes,7,Yes,8,Yes,6,Yes,7,Yes,6,No,3,No,2,Yes,3,No,4,Yes,3,Yes,2,No,2,No,12,No,,-10
329,Network Security,https://www.fortinet.com/resources/cyberglossary/what-is-url-filtering,What Is Url Filtering,1000,35,3,No,2,No,1,No,2,No,2,No,2,No,5,No,6,No,5,No,4,No,3,No,4,No,6,No,5,Yes,2,Yes,5,Yes,2,Yes,4,Yes,3,Yes,5,Yes,2,Yes,3,Yes,2,Yes,2,Yes,1,Yes,1,Yes,2,Yes,2,Yes,2,No,4,No,9,No,10,No,8,No,5,No,7,No,7,No,2,No,,5
330,SD-WAN,https://www.fortinet.com/resources/cyberglossary/diy-vs-managed-sd-wan,Diy Vs Managed SD WAN,70,7,1,Yes,1,Yes,1,Yes,1,Yes,1,Yes,1,Yes,1,Yes,1,Yes,1,Yes,1,Yes,1,Yes,1,Yes,1,Yes,1,Yes,1,Yes,1,Yes,1,Yes,1,Yes,1,Yes,1,Yes,1,Yes,1,Yes,1,Yes,1,Yes,1,Yes,1,Yes,1,Yes,1,Yes,1,No,1,No,1,No,1,No,1,Yes,1,Yes,1,Yes,1,Yes,1,Yes,,0
331,Network Security,https://www.fortinet.com/resources/cyberglossary/qos-quality-of-service,QOS,9900,50,1,Yes,1,Yes,1,Yes,1,No,1,No,1,No,2,Yes,2,No,4,No,2,No,2,No,3,No,3,No,2,Yes,2,Yes,2,Yes,3,Yes,3,Yes,3,Yes,3,Yes,2,No,3,Yes,4,Yes,3,Yes,3,Yes,3,Yes,4,Yes,3,Yes,3,No,2,No,2,No,2,No,2,Yes,3,No,3,Yes,2,Yes,3,Yes,,-1
332,SASE,https://www.fortinet.com/resources/cyberglossary/what-is-branch-networking,Branch Networking,50,24,1,No,1,No,1,No,1,No,1,No,1,No,1,No,1,No,1,No,1,Yes,1,Yes,1,Yes,1,Yes,1,Yes,2,Yes,2,Yes,2,Yes,2,Yes,2,Yes,1,Yes,3,Yes,2,Yes,2,Yes,2,Yes,2,Yes,3,No,3,No,3,No,3,Yes,3,Yes,2,No,2,No,2,No,3,No,2,No,2,No,5,No,,-3
333,Network Security,https://www.fortinet.com/resources/cyberglossary/mpls,MPLS,18100,50,8,No,5,No,4,No,3,No,5,No,5,No,3,No,7,No,8,No,6,No,3,Yes,4,Yes,4,Yes,6,Yes,5,No,3,Yes,4,Yes,4,Yes,4,Yes,7,No,3,Yes,5,No,7,No,8,No,5,No,6,Yes,9,No,11,No,9,No,8,No,8,No,8,No,9,No,10,No,9,No,9,Yes,10,No,,-1
334,Cyber Security,https://www.fortinet.com/resources/cyberglossary/failover,Failover,1600,44,12,No,13,No,11,No,10,No,6,No,2,No,2,No,5,No,6,No,4,No,5,No,2,No,3,No,3,No,4,No,3,No,2,Yes,4,Yes,3,Yes,3,Yes,3,Yes,2,Yes,4,Yes,4,Yes,4,No,3,No,3,No,4,No,4,Yes,2,No,2,No,2,No,2,No,3,No,2,No,3,No,4,No,,-1
335,Cyber Threats,https://www.fortinet.com/resources/cyberglossary/lateral-movement,Lateral Movement,5400,45,8,No,8,No,9,No,8,No,6,No,8,No,8,No,7,No,7,No,6,No,5,No,9,No,9,No,7,No,6,Yes,4,No,6,No,5,Yes,6,Yes,7,No,7,Yes,6,No,8,Yes,6,No,7,Yes,7,No,7,No,6,Yes,6,No,11,No,11,No,11,No,13,No,8,No,12,No,11,Yes,7,Yes,,4
336,VPN,https://www.fortinet.com/resources/cyberglossary/what-is-site-to-site-vpn,Site To Site VPN,6600,66,8,Yes,5,No,7,Yes,7,Yes,5,Yes,6,Yes,6,No,2,No,3,No,2,Yes,4,No,3,Yes,3,No,2,Yes,3,Yes,2,Yes,3,Yes,3,Yes,2,No,2,No,2,Yes,2,Yes,2,Yes,2,Yes,5,No,3,Yes,2,No,2,Yes,2,No,18,No,16,No,9,No,5,No,12,No,15,No,10,No,3,Yes,,7
337,Cyber Threats,https://www.fortinet.com/resources/cyberglossary/ransomware-removal,Ransomware Removal,880,60,2,No,3,No,3,No,3,No,6,No,2,Yes,2,Yes,3,Yes,3,Yes,3,Yes,2,Yes,2,Yes,2,Yes,1,Yes,2,Yes,4,Yes,5,Yes,4,Yes,2,Yes,7,Yes,6,Yes,12,Yes,6,Yes,12,Yes,4,Yes,6,Yes,5,Yes,3,Yes,1,No,1,No,1,No,1,No,1,Yes,1,Yes,1,Yes,1,Yes,1,Yes,,0
338,Endpoint Security,https://www.fortinet.com/resources/cyberglossary/endpoint-security-for-mobile-devices,Endpoint Security For Mobile Devices,20,14,1,No,1,No,1,No,1,No,1,No,1,No,1,No,1,No,1,No,1,No,1,No,1,No,1,No,1,No,1,No,1,No,1,No,1,No,1,No,1,No,1,No,1,No,1,No,1,No,1,No,1,No,1,No,1,No,1,No,1,No,1,No,1,No,1,No,1,No,1,No,1,No,17,No,,-16
339,SecOps,https://www.fortinet.com/resources/cyberglossary/shift-left-security,Shift Left Security,880,39,1,Yes,1,Yes,1,Yes,1,Yes,1,Yes,1,No,1,No,1,No,1,No,1,No,1,No,1,No,1,No,1,No,1,No,1,No,1,No,1,No,1,No,1,No,1,No,1,No,1,Yes,1,Yes,1,Yes,1,Yes,1,Yes,1,Yes,1,Yes,1,No,1,No,1,Yes,1,Yes,1,Yes,1,Yes,1,Yes,1,Yes,,0
340,Cyber Security,https://www.fortinet.com/resources/cyberglossary/what-is-ip-address,What Is An Ip Address,135000,57,4,Yes,2,Yes,2,Yes,1,Yes,1,Yes,1,Yes,1,Yes,1,Yes,1,Yes,1,Yes,1,No,1,No,1,Yes,1,Yes,1,Yes,1,No,2,Yes,1,Yes,1,Yes,1,No,1,No,1,Yes,1,Yes,1,Yes,1,Yes,1,Yes,1,Yes,1,Yes,1,No,1,No,1,No,1,No,1,Yes,1,Yes,1,Yes,1,Yes,1,Yes,,0
341,Email Security,https://www.fortinet.com/resources/cyberglossary/spam-filters,SPAM Filtering,590,45,1,No,1,No,1,No,1,Yes,1,Yes,1,Yes,1,Yes,1,Yes,1,Yes,1,Yes,2,Yes,2,Yes,1,No,1,No,1,No,1,No,1,No,1,No,1,No,1,No,1,Yes,1,Yes,1,Yes,1,Yes,1,Yes,1,Yes,1,Yes,1,Yes,1,No,1,No,1,No,1,Yes,1,Yes,1,Yes,1,Yes,1,No,1,No,,0
342,OT Security,https://www.fortinet.com/resources/cyberglossary/iot-device-vulnerabilities,IOT Device Vulnerabilities,70,31,1,No,1,No,1,No,1,No,1,No,1,No,1,No,1,No,1,No,1,No,1,No,1,No,1,No,1,Yes,1,Yes,1,Yes,1,Yes,1,Yes,1,Yes,1,Yes,1,Yes,1,Yes,1,Yes,1,Yes,1,Yes,1,Yes,1,Yes,1,Yes,1,No,1,No,1,No,1,Yes,1,Yes,1,Yes,1,Yes,1,Yes,1,Yes,,0
343,Cloud Security,https://www.fortinet.com/resources/cyberglossary/implement-ddos-mitigation-strategy,DDOS Mitigation,90,33,1,No,1,No,1,No,1,No,1,No,1,No,1,No,1,No,1,No,1,No,1,No,1,No,1,No,1,No,1,Yes,1,Yes,1,No,1,Yes,1,Yes,1,Yes,1,Yes,1,Yes,1,No,1,No,11,Yes,11,Yes,11,No,9,No,8,No,9,No,9,Yes,13,No,11,No,10,No,6,No,4,No,11,No,,-7
344,Cyber Security,https://www.fortinet.com/resources/cyberglossary/what-is-ttl,What Is Time To Live,8100,63,10,No,9,No,10,No,10,No,10,No,9,No,7,No,9,No,7,No,9,No,7,Yes,6,No,8,No,7,No,5,No,6,No,6,No,7,No,6,No,8,No,6,No,5,Yes,6,No,4,No,1,No,11,No,5,No,11,No,11,No,11,No,14,No,13,No,12,No,11,No,12,No,12,No,4,No,,8
345,Cyber Threats,https://www.fortinet.com/resources/cyberglossary/malware-vs-virus-vs-worm,Malware Vs Virus Vs Worm,20,30,1,No,1,No,1,No,1,No,1,No,1,No,1,No,1,No,1,No,1,No,1,No,1,No,1,No,1,No,1,No,1,No,1,No,1,No,1,No,1,No,1,No,1,No,1,No,1,No,1,No,1,No,1,No,1,No,1,No,1,No,1,No,1,No,1,No,1,No,1,No,1,No,1,No,,0
346,Cyber Security,https://www.fortinet.com/resources/cyberglossary/login-credentials,Login Credentials,1300,35,1,Yes,1,Yes,1,Yes,1,Yes,1,No,1,No,1,No,1,No,1,No,1,No,1,No,1,No,1,Yes,1,Yes,1,Yes,1,Yes,1,Yes,1,Yes,1,Yes,1,Yes,1,Yes,1,Yes,1,Yes,1,Yes,1,Yes,1,Yes,1,Yes,1,Yes,1,No,1,No,1,No,1,No,1,Yes,1,Yes,1,Yes,1,Yes,1,No,,0
347,Cyber Threats,https://www.fortinet.com/resources/cyberglossary/definitions-of-jargon-ransomware,Ransomware Jargon,10,39,1,No,1,No,1,No,1,No,1,No,1,No,1,No,1,No,1,No,1,No,1,No,1,No,1,No,1,No,1,No,1,No,1,No,1,No,1,No,1,No,1,No,1,No,1,No,1,No,1,No,1,No,1,No,1,No,1,No,1,No,1,Yes,1,No,1,No,1,No,1,No,1,No,1,No,,0
348,Cyber Threats,https://www.fortinet.com/resources/cyberglossary/pretexting,Pretexting,4400,43,1,Yes,1,No,1,No,5,No,4,Yes,4,Yes,6,Yes,6,Yes,6,No,7,No,6,No,4,Yes,6,No,4,No,4,No,4,No,6,No,6,No,5,Yes,10,No,4,Yes,6,No,8,No,9,Yes,10,No,5,Yes,9,No,6,Yes,5,No,2,No,2,No,2,No,1,No,2,No,2,No,2,No,5,Yes,,-3
349,OT Security,https://www.fortinet.com/resources/cyberglossary/ics-security,ICS Security,1600,63,14,No,17,No,15,No,16,No,14,No,11,No,9,No,8,No,8,No,9,No,8,No,8,No,6,No,7,No,3,No,6,No,6,No,9,No,6,No,8,No,6,Yes,6,Yes,5,No,5,No,5,No,8,Yes,9,No,9,No,9,Yes,10,No,8,No,5,Yes,5,No,6,No,6,Yes,4,No,8,No,,-4
350,Cyber Security,https://www.fortinet.com/resources/cyberglossary/definitions-of-jargon,Fortinet DOJ,20,22,2,No,3,No,3,No,3,No,3,No,2,No,2,No,2,No,2,No,3,No,2,No,3,No,2,No,2,No,2,No,2,No,2,No,2,No,1,No,1,No,1,No,2,No,1,No,1,No,1,No,2,No,2,No,3,No,2,No,5,No,5,No,5,No,5,No,7,No,7,No,7,No,2,No,,5
351,Network Security,https://www.fortinet.com/resources/cyberglossary/wireless-network,Wireless Network,2400,43,5,No,4,No,2,Yes,6,Yes,6,Yes,6,No,5,No,5,Yes,3,Yes,3,Yes,5,No,4,Yes,4,No,5,No,3,Yes,3,Yes,4,No,3,Yes,2,Yes,3,Yes,3,No,3,Yes,3,Yes,3,Yes,2,Yes,2,Yes,3,No,3,Yes,2,No,2,No,3,No,3,No,3,Yes,2,Yes,2,Yes,2,Yes,2,Yes,,0
352,Cyber Security,https://www.fortinet.com/resources/cyberglossary/what-is-dns,What Is DNS,18100,59,7,No,7,No,8,No,9,No,9,No,8,No,7,No,8,No,8,No,6,No,5,No,5,Yes,5,Yes,4,No,4,Yes,6,No,4,No,3,Yes,4,No,6,Yes,4,Yes,4,Yes,5,No,7,No,3,Yes,7,No,5,No,6,Yes,4,No,6,No,3,No,6,No,6,No,1,Yes,1,Yes,1,Yes,6,No,,-5
353,Cyber Security,https://www.fortinet.com/resources/cyberglossary/what-is-https,What Is Https,2900,54,7,No,7,No,7,No,8,No,8,No,9,No,8,No,7,No,7,No,6,No,5,No,5,No,4,No,6,Yes,3,No,8,No,8,No,9,No,9,No,9,No,9,No,10,No,9,No,8,No,9,No,8,No,7,No,9,No,9,No,15,No,13,No,15,No,14,No,27,No,26,No,23,No,7,No,,16
354,Cyber Threats,https://www.fortinet.com/resources/cyberglossary/ransomware-as-a-service-raas,Ransomware As A Service,720,47,5,No,5,No,4,No,4,No,4,No,4,No,4,No,4,No,4,No,3,No,4,No,4,No,5,No,5,No,5,No,4,No,5,No,5,No,5,No,4,No,5,No,5,No,4,No,4,No,5,No,4,No,4,Yes,4,Yes,4,No,4,No,4,No,4,No,4,Yes,1,Yes,2,No,4,No,5,No,,-1
355,Cyber Security,https://www.fortinet.com/resources/cyberglossary/tcp-ip,TCP/IP,8100,66,4,Yes,2,Yes,3,Yes,5,No,7,No,5,No,5,No,3,No,3,Yes,4,No,4,No,3,Yes,4,No,4,No,5,No,2,Yes,3,Yes,4,No,3,No,2,Yes,2,Yes,2,Yes,3,Yes,3,Yes,2,Yes,2,Yes,2,Yes,2,Yes,2,No,3,Yes,4,No,3,No,2,Yes,3,No,3,No,3,No,3,Yes,,0
356,Cyber Threats,https://www.fortinet.com/resources/cyberglossary/insider-threats,What Is An Insider Threat,4400,48,3,No,3,No,5,No,4,Yes,3,Yes,4,Yes,3,Yes,4,Yes,5,Yes,2,No,3,No,3,Yes,4,No,3,No,3,Yes,2,Yes,3,Yes,4,No,3,Yes,4,Yes,3,No,3,No,3,Yes,3,Yes,2,Yes,2,No,5,Yes,4,Yes,4,No,9,No,6,No,6,No,7,No,5,Yes,5,No,5,No,5,No,,0
357,Network Security,https://www.fortinet.com/resources/cyberglossary/static-vs-dynamic-ip,Static Vs Dynamic Ip Address,1300,36,3,No,2,No,2,No,2,No,2,No,2,No,2,No,2,No,2,No,2,No,2,No,1,No,1,No,1,No,1,No,1,Yes,1,Yes,1,Yes,1,Yes,1,Yes,1,Yes,1,Yes,1,Yes,1,Yes,1,Yes,1,Yes,1,Yes,1,Yes,1,No,1,No,1,No,1,No,1,Yes,1,Yes,1,Yes,1,Yes,1,Yes,,0
358,Cyber Threats,https://www.fortinet.com/resources/cyberglossary/smurf-attack,Smurf Attack,1600,41,1,No,1,No,1,No,3,No,3,No,4,No,4,No,2,No,3,No,3,No,2,No,4,No,4,No,3,No,3,No,4,No,3,No,2,No,2,No,2,No,5,No,5,No,3,No,5,No,5,No,4,No,5,No,5,No,5,No,21,No,8,No,7,No,21,No,22,No,11,No,9,No,5,No,,4
359,Cyber Security,https://www.fortinet.com/resources/cyberglossary/10-cybersecurity-tips-small-business,Cybersecurity TIPS For Small Businesses,390,58,5,No,5,No,4,No,3,No,4,No,3,No,3,No,2,Yes,2,Yes,2,Yes,5,Yes,6,Yes,5,Yes,5,Yes,2,Yes,3,No,3,No,3,No,3,No,3,No,2,No,2,No,2,No,2,No,4,No,2,No,4,No,4,No,4,No,8,No,9,No,6,No,3,No,4,No,7,No,9,No,3,No,,6
360,Cyber Security,https://www.fortinet.com/resources/cyberglossary/dlp,Data Loss Prevention,1900,48,2,Yes,2,No,1,No,2,Yes,2,Yes,2,Yes,2,Yes,2,Yes,3,No,4,No,4,No,3,No,3,No,3,No,2,No,2,No,2,Yes,2,No,3,Yes,2,Yes,2,Yes,2,Yes,2,Yes,2,No,11,No,12,No,2,No,13,No,12,No,14,No,15,No,17,No,15,No,15,No,12,No,14,No,10,Yes,,4
361,Access Control,https://www.fortinet.com/resources/cyberglossary/what-is-network-access-control,Network Access Control,390,39,3,No,2,No,3,No,3,No,3,No,1,No,2,No,7,No,3,No,2,No,2,No,2,No,4,No,1,No,1,No,1,No,1,No,1,No,1,No,1,No,1,No,1,No,1,No,1,Yes,2,Yes,5,Yes,2,Yes,7,Yes,6,No,5,No,4,No,5,No,4,Yes,5,No,4,Yes,4,Yes,7,No,,-3
362,Cyber Threats,https://www.fortinet.com/resources/cyberglossary/dark-web-monitoring,Dark Web Monitoring,590,41,2,No,6,No,6,No,3,No,5,No,2,No,3,No,3,No,5,No,5,No,2,No,3,No,3,No,3,No,3,No,4,No,2,No,5,No,4,Yes,3,Yes,6,Yes,5,Yes,5,Yes,4,Yes,8,No,7,No,4,No,7,No,7,Yes,3,Yes,2,Yes,3,Yes,2,No,2,No,2,Yes,2,No,6,No,,-4
363,Cyber Security,https://www.fortinet.com/resources/cyberglossary/what-is-caching,Caching,8100,74,9,No,7,No,8,No,10,No,11,No,3,Yes,7,Yes,4,No,7,No,3,Yes,9,No,8,No,6,No,7,No,2,Yes,10,No,12,No,12,No,12,No,12,Yes,13,No,11,No,11,No,13,No,11,Yes,10,Yes,9,No,9,No,9,No,20,No,21,No,23,No,19,Yes,28,No,22,No,25,No,11,No,,14
364,Cyber Threats,https://www.fortinet.com/resources/cyberglossary/spyware,What Is Spyware,2900,63,9,Yes,4,No,7,Yes,5,Yes,6,Yes,7,No,4,No,2,Yes,3,Yes,2,Yes,2,Yes,4,No,4,No,3,Yes,8,No,2,Yes,2,Yes,4,No,3,No,3,Yes,4,Yes,5,No,4,Yes,4,Yes,5,Yes,3,Yes,2,Yes,2,Yes,2,No,35,No,44,No,44,No,41,No,38,Yes,39,No,37,Yes,2,Yes,,35
365,Cyber Security,https://www.fortinet.com/resources/cyberglossary/code-scanning,Code Scanning,720,52,4,No,4,No,3,No,4,No,3,No,2,No,3,No,3,No,4,No,3,No,2,No,3,No,4,No,3,No,2,No,3,No,3,No,2,No,3,No,3,No,3,No,3,No,3,No,3,No,3,No,4,No,3,No,3,No,3,No,13,No,38,No,38,No,25,No,38,No,30,No,30,No,4,No,,26
366,Cyber Security,https://www.fortinet.com/resources/cyberglossary/cybersecurity-statistics,Cybersecurity Statistics,590,61,1,No,1,No,1,No,2,No,2,No,3,No,3,No,3,No,2,No,2,No,3,No,3,No,3,No,4,Yes,3,Yes,4,Yes,4,Yes,4,Yes,5,Yes,7,Yes,3,Yes,4,Yes,5,Yes,3,Yes,5,Yes,3,Yes,5,Yes,3,Yes,3,No,11,No,10,No,12,No,12,Yes,13,Yes,12,Yes,11,Yes,2,Yes,,9
367,Cyber Security,https://www.fortinet.com/resources/cyberglossary/pharming,Pharming,3600,56,4,No,3,No,5,No,4,No,4,No,5,No,4,No,4,No,3,No,5,No,3,Yes,2,Yes,2,Yes,3,Yes,4,Yes,2,Yes,2,Yes,3,No,3,Yes,3,No,3,Yes,4,No,3,Yes,5,No,4,No,3,No,3,No,3,Yes,3,No,9,No,10,No,9,No,8,No,8,No,7,No,9,No,4,No,,5
368,Cyber Threats,https://www.fortinet.com/resources/cyberglossary/exploit,What Is An Exploit,480,38,6,No,8,No,9,No,6,No,7,No,6,No,7,No,9,No,8,No,8,No,8,No,8,No,5,No,5,No,2,No,7,No,2,No,4,No,3,No,3,No,4,No,8,No,6,No,7,No,10,No,7,No,8,No,8,No,8,No,26,No,20,Yes,10,No,16,No,4,No,3,No,9,No,8,No,,1
369,Cyber Security,https://www.fortinet.com/resources/cyberglossary/vulnerability-assessment,Vulnerability Assessment,9900,47,2,No,2,No,2,No,2,Yes,3,No,3,No,2,Yes,3,Yes,4,Yes,5,No,6,No,2,Yes,2,Yes,1,No,1,Yes,1,Yes,1,Yes,1,Yes,1,Yes,1,Yes,1,Yes,1,No,1,Yes,1,No,1,Yes,1,Yes,1,Yes,1,Yes,1,No,1,No,1,No,1,No,1,No,1,No,1,No,1,No,1,Yes,,0
370,Cyber Threats,https://www.fortinet.com/resources/cyberglossary/bot,What Is A Bot,8100,47,3,No,3,No,3,No,3,No,3,No,5,No,4,No,3,No,3,No,3,No,4,No,3,Yes,2,Yes,3,No,4,No,4,No,6,No,6,No,7,No,7,No,7,No,8,No,8,No,8,No,8,No,7,No,8,No,8,No,8,No,5,No,3,Yes,4,No,3,No,4,No,3,No,3,No,10,No,,-7
371,Cyber Threats,https://www.fortinet.com/resources/cyberglossary/ddos-protection,DDOS Protection,2900,72,2,No,2,No,1,Yes,2,No,2,Yes,6,No,6,No,4,No,4,Yes,4,Yes,3,Yes,5,Yes,7,No,5,No,4,No,4,No,4,Yes,4,Yes,5,Yes,4,Yes,4,Yes,4,Yes,4,Yes,5,No,5,Yes,5,Yes,5,Yes,5,Yes,5,No,3,No,3,No,3,No,2,Yes,3,Yes,4,Yes,2,Yes,3,Yes,,-1
372,Cloud Security,https://www.fortinet.com/resources/cyberglossary/openstack,What Is Openstack,480,54,9,No,11,No,11,No,11,No,10,No,11,No,10,No,10,No,10,No,8,No,9,No,11,No,10,No,10,No,9,No,9,No,9,No,11,No,9,No,9,No,10,No,23,No,12,No,4,No,7,No,10,No,10,No,10,No,10,No,22,No,20,No,23,No,24,No,21,No,18,No,20,No,10,No,,10
373,Cloud Security,https://www.fortinet.com/resources/cyberglossary/hybrid-it,Hybrid It,720,31,1,No,1,No,1,No,1,No,1,No,1,No,1,No,1,No,1,No,1,No,1,No,1,No,1,No,1,No,2,No,4,No,4,No,5,No,3,No,3,Yes,3,Yes,2,Yes,2,Yes,4,Yes,3,Yes,6,Yes,9,Yes,6,Yes,5,No,7,No,5,No,3,Yes,4,Yes,5,Yes,5,Yes,5,Yes,8,Yes,,-3
374,Cyber Threats,https://www.fortinet.com/resources/cyberglossary/krack-attack,Krack Attack,170,28,5,No,5,No,5,No,5,No,5,No,5,No,5,No,4,No,5,No,4,No,4,No,4,No,4,No,6,No,5,No,6,No,6,No,4,No,4,No,2,No,2,No,1,No,1,No,3,No,5,No,4,No,4,No,4,No,4,No,2,No,3,No,3,No,3,No,3,No,3,No,2,No,5,No,,-3
375,Cyber Security,https://www.fortinet.com/resources/cyberglossary/thin-client,Thin Client,4400,49,2,No,3,Yes,3,No,6,No,2,No,1,Yes,1,Yes,2,Yes,5,No,3,No,3,No,2,Yes,4,No,3,No,9,No,2,Yes,4,Yes,4,Yes,3,Yes,2,Yes,3,Yes,3,Yes,4,Yes,3,Yes,3,Yes,3,Yes,3,No,3,No,3,No,10,No,11,No,10,No,11,Yes,10,Yes,8,No,9,Yes,4,Yes,,5
376,Access Control,https://www.fortinet.com/resources/cyberglossary/what-is-ciam,CIAM,3600,55,8,No,8,No,3,Yes,9,Yes,9,No,9,No,4,Yes,6,Yes,9,No,9,No,7,No,8,Yes,8,No,9,No,6,No,12,No,16,No,15,No,16,No,19,No,19,No,16,No,17,No,19,No,17,No,13,No,14,No,13,No,13,Yes,9,Yes,10,Yes,3,Yes,9,No,4,No,28,No,30,No,18,No,,12
377,Cyber Threats,https://www.fortinet.com/resources/cyberglossary/spear-phishing,Spear Phishing,12100,51,9,Yes,12,No,7,No,10,No,8,No,10,No,9,No,9,No,10,No,9,No,7,No,6,Yes,6,No,5,No,10,Yes,4,Yes,4,Yes,7,Yes,6,No,4,Yes,6,Yes,10,No,6,Yes,5,No,7,No,7,No,11,No,7,No,4,Yes,8,Yes,2,Yes,2,Yes,3,No,2,No,5,Yes,2,No,7,Yes,,-5
378,Cyber Security,https://www.fortinet.com/resources/cyberglossary/advanced-threat-protection-atp,Advanced Threat Protection,1600,33,1,No,1,No,1,No,1,No,1,No,1,No,1,No,1,No,1,No,1,No,1,Yes,1,No,1,No,1,Yes,1,Yes,1,Yes,1,Yes,1,Yes,1,Yes,1,Yes,1,Yes,1,Yes,1,Yes,1,Yes,1,Yes,1,Yes,1,Yes,1,Yes,1,No,1,No,1,No,1,No,1,No,1,Yes,1,Yes,1,Yes,1,Yes,,0
379,SASE,https://www.fortinet.com/resources/cyberglossary/network-as-a-service,Network As A Service,1600,10,4,No,9,No,2,Yes,5,No,9,No,12,No,11,No,8,No,6,No,3,No,6,No,7,No,9,No,8,No,10,No,6,No,2,No,4,No,7,No,5,Yes,6,Yes,5,Yes,3,Yes,5,Yes,2,Yes,4,Yes,6,No,6,No,4,Yes,5,Yes,5,Yes,5,No,5,No,5,No,5,No,7,No,5,No,,2
380,Endpoint Security,https://www.fortinet.com/resources/cyberglossary/managed-detection-and-response,Managed Detection And Response,3600,49,11,No,13,No,15,No,15,No,16,No,15,No,12,No,12,No,9,Yes,5,No,6,No,11,No,14,No,12,No,12,No,15,No,19,No,24,No,24,No,20,No,11,No,16,No,27,No,30,No,31,No,28,No,26,No,25,No,25,No,11,No,10,No,10,No,9,No,9,No,8,No,8,No,27,No,,-19
381,Access Control,https://www.fortinet.com/resources/cyberglossary/single-sign-on,What Is SSO?,5400,61,3,No,5,No,5,No,3,No,4,No,5,No,5,No,2,No,3,No,1,No,1,No,2,No,4,No,2,No,3,No,2,No,2,No,4,No,3,No,3,No,3,No,2,No,2,No,2,No,2,No,2,No,3,No,2,No,2,No,9,No,7,No,8,No,8,No,8,No,9,No,10,No,3,No,,7
382,Network Security,https://www.fortinet.com/resources/cyberglossary/internet-security,What Is Internet Security,2900,43,1,No,1,No,1,No,1,No,1,No,1,No,1,No,1,No,1,No,1,No,1,No,1,No,1,No,1,No,1,No,1,No,1,No,1,No,1,No,1,No,1,No,1,No,1,No,1,No,1,Yes,2,No,2,Yes,1,Yes,1,Yes,1,Yes,1,Yes,1,No,1,No,2,No,4,No,5,Yes,2,Yes,,3
383,Network Security,https://www.fortinet.com/resources/cyberglossary/wireless-security-tips,Wireless Security TIPS,20,46,4,No,2,No,2,No,2,No,2,No,3,No,3,No,3,No,3,No,4,No,2,No,3,No,3,No,3,No,3,No,2,No,2,No,2,No,2,No,2,No,2,No,2,No,2,No,2,No,2,No,2,No,3,No,1,No,1,Yes,2,Yes,1,Yes,1,Yes,1,No,1,No,1,No,2,No,2,No,,0
384,Cyber Compliance,https://www.fortinet.com/resources/cyberglossary/what-is-pci-compliance,What Is PCI Compliance,4400,44,10,No,12,No,9,No,4,Yes,3,Yes,8,No,6,No,5,No,5,No,4,No,5,No,4,No,4,No,3,No,4,Yes,3,Yes,3,No,3,No,2,Yes,2,Yes,3,No,3,No,3,Yes,2,Yes,2,No,2,No,2,Yes,2,Yes,2,Yes,10,No,8,No,8,No,7,No,9,No,9,Yes,6,Yes,2,Yes,,4
385,Cyber Threats,https://www.fortinet.com/resources/cyberglossary/sql-injection,SQL Injection,9900,74,8,No,12,No,14,No,13,No,16,No,16,No,14,No,13,No,15,No,12,No,11,No,11,No,12,No,10,No,9,No,15,No,12,No,13,No,17,No,25,No,15,No,10,No,13,No,20,No,29,No,14,No,15,No,13,No,12,No,9,No,10,No,10,No,9,No,6,Yes,4,No,5,No,13,No,,-8
386,Cyber Threats,https://www.fortinet.com/resources/cyberglossary/sextortion,Sextortion,12100,76,2,No,6,No,6,No,5,No,8,No,13,No,8,No,8,No,13,No,14,No,19,No,18,No,16,No,5,No,4,No,2,No,3,No,12,No,10,No,10,No,14,No,11,No,11,No,16,No,15,No,15,No,15,No,15,No,15,No,8,No,9,No,7,No,9,No,8,No,8,No,8,No,8,No,,0
387,Cyber Security,https://www.fortinet.com/resources/cyberglossary/web-scraping,Web ScrAPIng,1830000,64,12,No,4,No,2,No,6,No,5,No,5,Yes,4,Yes,4,No,6,No,6,No,4,Yes,6,No,6,No,7,Yes,10,No,9,No,9,No,8,Yes,10,No,8,No,8,No,8,No,6,Yes,10,No,10,No,10,No,8,No,9,No,4,Yes,5,Yes,6,No,2,No,2,Yes,2,Yes,2,Yes,2,No,6,No,,-4
388,Network Security,https://www.fortinet.com/resources/cyberglossary/network-monitoring,Network Monitoring,3600,52,21,No,23,No,19,No,17,No,17,No,19,No,15,No,5,No,10,Yes,9,No,6,Yes,7,No,8,No,7,No,8,No,8,No,8,No,10,No,10,No,13,No,12,No,13,No,11,No,13,No,16,No,18,No,11,Yes,14,No,11,No,10,No,10,Yes,8,Yes,8,No,10,No,8,No,10,No,6,No,,4
389,Access Control,https://www.fortinet.com/resources/cyberglossary/public-key-infrastructure,PKI,22200,78,4,No,8,No,8,No,3,No,11,No,8,No,8,No,7,No,7,No,8,No,7,No,7,No,6,No,6,No,8,No,8,No,9,No,10,No,9,No,8,No,11,No,12,No,11,No,11,No,10,No,10,No,9,No,10,No,9,No,2,No,3,Yes,4,Yes,3,No,4,No,3,No,3,No,3,No,,0
390,Cloud Security,https://www.fortinet.com/resources/cyberglossary/platform-as-a-service,PAAS,14800,71,7,No,9,No,9,No,9,No,10,No,11,No,9,Yes,10,No,9,No,7,No,6,No,6,No,7,No,6,No,10,No,6,No,10,No,9,Yes,11,No,11,No,11,No,13,No,11,No,11,No,11,No,9,No,9,No,9,No,9,Yes,2,No,2,Yes,3,Yes,2,No,3,No,2,No,2,No,11,No,,-9
391,Cyber Security,https://www.fortinet.com/resources/cyberglossary/mobile-device-management,Mobile Device Management,6600,64,5,No,4,Yes,4,Yes,3,No,6,No,8,No,5,No,5,No,7,No,7,No,3,Yes,4,No,4,No,5,Yes,8,No,5,Yes,8,No,7,No,5,No,9,No,6,Yes,7,No,5,No,7,No,4,No,4,Yes,7,Yes,3,Yes,3,Yes,2,No,3,No,2,No,4,No,7,No,4,Yes,8,No,5,No,,3
392,Cyber Threats,https://www.fortinet.com/resources/cyberglossary/how-to-prevent-ransomware,How To Prevent Ransomware,1300,54,2,No,2,No,12,No,11,No,13,No,13,No,9,No,10,No,6,No,5,No,3,No,5,No,4,No,5,Yes,10,Yes,3,Yes,6,Yes,7,Yes,5,Yes,5,Yes,2,Yes,2,Yes,2,Yes,3,Yes,2,Yes,2,Yes,3,Yes,2,Yes,2,Yes,2,No,1,Yes,1,No,2,No,4,No,4,No,3,No,2,Yes,,1
393,Network Security,https://www.fortinet.com/resources/cyberglossary/remote-desktop-protocol,Remote Desktop Protocol,2900,49,7,No,5,No,3,Yes,5,No,6,No,6,No,3,No,5,No,6,No,6,No,7,No,5,No,2,Yes,2,Yes,3,Yes,5,No,5,Yes,5,No,5,Yes,7,No,6,No,6,Yes,6,No,6,No,7,No,6,No,9,No,8,No,8,No,10,No,18,No,14,No,13,No,17,No,20,Yes,19,Yes,5,Yes,,14
394,Cyber Compliance,https://www.fortinet.com/resources/cyberglossary,Cyber Glossary,20,42,9,No,10,No,3,No,8,No,8,No,8,No,8,No,9,No,11,No,7,No,8,No,9,No,4,No,6,No,8,No,5,No,4,No,20,No,20,No,20,No,20,No,20,No,15,No,11,No,11,No,2,No,8,No,2,No,2,Yes,12,No,17,No,6,No,9,No,9,No,6,No,3,No,7,No,,-4
395,Cyber Threats,https://www.fortinet.com/resources/cyberglossary/solarwinds-cyber-attack,Solarwinds Cyber Attack,390,61,1,No,1,No,1,No,1,No,1,No,1,No,1,No,1,No,1,No,1,No,1,No,1,No,1,No,1,No,1,No,1,No,1,No,1,No,1,No,2,No,2,No,2,No,2,No,2,No,2,No,2,No,2,No,1,No,1,Yes,1,No,1,No,1,No,1,Yes,1,Yes,1,Yes,1,Yes,1,Yes,,0
396,Cyber Threats,https://www.fortinet.com/resources/cyberglossary/identity-theft,Identity Theft,22200,89,42,No,55,No,54,No,40,No,49,No,58,No,56,No,9,No,9,No,5,No,10,No,14,No,8,No,5,No,3,No,9,No,19,No,11,No,10,No,16,No,32,No,20,No,11,No,21,No,15,No,15,No,15,No,17,No,13,No,1,No,11,No,7,No,5,No,3,No,7,No,7,No,14,No,,-7
397,Cyber Compliance,https://www.fortinet.com/resources/cyberglossary/sox-sarbanes-oxley-act,Sarbanes-Oxley Act,6600,65,6,Yes,7,No,6,No,2,Yes,7,Yes,11,No,8,No,6,No,6,No,5,No,8,No,8,No,2,No,2,No,2,No,2,No,1,No,4,No,3,No,56,No,3,No,2,No,1,No,5,No,4,No,4,No,5,No,5,No,3,Yes,9,Yes,19,Yes,17,Yes,18,No,17,No,17,No,20,No,-,No,,#VALUE!
398,Cyber Security,https://www.fortinet.com/resources/cyberglossary/ssl-certificate,SSL Certificate,14800,95,14,No,5,No,7,No,11,No,9,No,7,No,9,No,9,No,11,No,10,No,7,No,8,No,9,No,9,Yes,8,No,8,No,11,No,11,No,10,No,12,Yes,12,No,9,No,11,No,11,No,11,No,10,No,9,No,9,No,9,No,33,No,29,No,31,No,28,Yes,32,No,31,No,25,No,9,No,,16
399,Data Security,https://www.fortinet.com/resources/cyberglossary/data-classification,Data Classification,2400,42,11,Yes,11,Yes,14,No,8,No,10,No,7,No,8,No,9,No,9,No,7,No,4,No,8,Yes,15,No,17,No,14,No,13,No,15,No,17,No,17,No,14,No,14,No,15,No,14,No,15,No,15,No,15,No,14,No,13,No,13,No,20,Yes,20,No,20,No,19,No,12,No,14,No,18,No,18,No,,0
400,SecOps,https://www.fortinet.com/resources/cyberglossary/what-is-soar,What Is SOAR,9900,45,7,No,7,No,7,No,8,No,7,No,8,No,7,No,7,No,7,No,7,No,4,No,6,No,7,No,7,No,6,No,7,No,5,No,7,No,7,No,9,No,9,No,7,No,6,Yes,4,No,5,No,5,No,5,Yes,4,Yes,4,No,2,No,2,No,2,No,2,No,4,No,2,No,2,No,4,No,,-2
401,Access Control,https://www.fortinet.com/resources/cyberglossary/mobile-security,What Is Mobile Security,2900,61,6,Yes,10,Yes,12,Yes,12,No,12,No,13,No,12,No,11,No,8,No,8,No,7,No,8,No,11,No,7,No,13,No,12,No,12,No,13,No,9,No,8,No,12,No,14,No,12,No,15,No,1,Yes,2,Yes,10,Yes,4,Yes,4,No,5,No,3,No,2,No,2,Yes,2,Yes,2,Yes,2,Yes,2,Yes,,0
402,Cyber Security,https://www.fortinet.com/resources/cyberglossary/devsecops,Devsecops,9900,59,28,No,30,No,32,No,29,No,30,No,34,No,28,No,26,No,23,No,23,No,15,No,13,No,8,No,12,No,14,No,18,No,22,No,25,No,27,No,21,No,20,No,29,No,32,No,26,No,35,No,29,No,31,No,45,No,37,No,9,No,9,No,7,No,9,No,8,No,8,No,11,No,37,No,,-26
403,Cyber Security,https://www.fortinet.com/resources/cyberglossary/dynamic-dns,Dynamic DNS,3600,57,10,No,8,No,6,No,7,No,4,No,7,No,6,No,7,No,9,No,2,Yes,6,No,8,No,9,No,8,No,8,No,9,No,9,No,10,No,9,No,10,No,10,No,11,No,9,No,10,No,9,No,9,Yes,9,No,10,No,9,No,2,No,2,No,9,No,8,No,7,No,7,No,9,No,9,No,,0
404,Cloud Security,https://www.fortinet.com/resources/cyberglossary/infrastructure-as-code,Infrastructure As Code,880,52,38,No,41,No,39,No,41,No,29,No,37,No,34,No,12,No,4,No,7,No,5,No,8,No,14,No,5,No,3,No,14,No,7,No,15,No,21,No,19,No,18,No,21,No,25,No,14,No,19,No,16,No,25,No,23,No,23,Yes,6,Yes,4,Yes,4,Yes,8,No,9,No,7,No,6,No,26,No,,-20
405,Cyber Threats,https://www.fortinet.com/resources/cyberglossary/what-is-cyber-attack,What Is A Cyber Attack?,2900,61,7,No,6,No,1,No,10,No,6,No,4,No,5,No,4,No,4,No,2,No,2,No,1,No,1,No,1,No,1,No,1,No,1,No,1,No,2,No,1,No,1,No,1,No,1,No,1,No,2,No,5,No,3,No,3,No,2,Yes,6,Yes,6,Yes,6,Yes,6,No,6,No,6,No,6,No,3,No,,3
406,Access Control,https://www.fortinet.com/resources/cyberglossary/multi-factor-authentication,Multi-Factor Authentication,6600,75,25,No,23,No,24,No,24,No,26,No,29,No,24,No,19,No,7,Yes,21,No,17,No,16,No,14,No,16,No,17,No,20,No,23,No,24,No,24,No,20,No,7,No,11,No,22,No,24,No,22,No,24,No,24,No,26,No,24,No,5,No,5,Yes,4,Yes,5,No,4,No,5,No,5,No,23,No,,-18
407,Cyber Security,https://www.fortinet.com/resources/cyberglossary/account-takeover,Account Takeover,1900,38,4,Yes,3,No,4,Yes,6,No,7,No,7,No,6,No,3,No,4,No,3,No,4,No,4,Yes,3,No,3,No,3,Yes,4,No,4,No,4,Yes,3,Yes,2,No,5,No,8,No,6,No,5,No,5,No,6,No,5,No,4,Yes,3,No,19,No,23,No,22,No,22,Yes,19,Yes,13,No,15,No,6,No,,9
408,Cyber Security,https://www.fortinet.com/resources/cyberglossary/colocation-data-center,Colocation Data Center,3600,44,2,Yes,3,No,2,No,1,Yes,1,Yes,1,Yes,1,Yes,1,Yes,1,No,1,No,1,Yes,1,Yes,1,Yes,1,Yes,1,Yes,1,Yes,1,Yes,1,Yes,1,Yes,1,Yes,1,Yes,1,Yes,1,No,1,No,1,No,1,No,1,No,1,No,1,No,1,No,1,No,1,No,1,No,1,No,1,No,1,No,1,No,,0
409,Cyber Threats,https://www.fortinet.com/resources/cyberglossary/cyber-espionage,Cyber Espionage,880,40,6,No,6,No,6,No,7,No,3,No,8,No,8,No,5,No,3,No,5,No,6,No,2,No,5,No,6,No,5,No,6,No,7,No,8,No,8,No,8,No,8,No,9,No,9,No,9,No,9,No,9,No,9,No,10,No,10,No,10,No,11,Yes,12,No,10,No,7,No,13,No,16,No,9,No,,7
410,SecOps,https://www.fortinet.com/resources/cyberglossary/what-is-deception-technology,Deception Technology,390,25,2,No,3,No,3,No,3,No,3,No,4,No,3,No,4,No,4,No,4,No,3,No,4,No,2,No,2,No,2,No,2,No,2,No,2,No,2,No,1,No,1,No,1,No,1,No,1,Yes,1,Yes,1,Yes,1,Yes,1,Yes,1,No,1,No,1,No,1,No,1,Yes,1,Yes,1,Yes,1,Yes,1,Yes,,0
411,Network Security,https://www.fortinet.com/resources/cyberglossary/dpi-deep-packet-inspection,Deep Packet Inspection,1600,50,6,Yes,5,Yes,5,Yes,4,Yes,4,Yes,6,Yes,3,Yes,3,Yes,3,Yes,2,Yes,3,Yes,4,Yes,3,Yes,2,Yes,2,Yes,2,Yes,2,Yes,3,Yes,3,Yes,3,Yes,2,Yes,2,Yes,2,Yes,2,Yes,2,Yes,2,Yes,1,Yes,1,Yes,1,Yes,1,No,1,No,1,Yes,1,Yes,1,Yes,1,Yes,1,Yes,1,Yes,,0
412,Network Security,https://www.fortinet.com/resources/cyberglossary/network-automation,Network Automation,1900,41,6,Yes,9,Yes,8,Yes,7,No,5,No,5,No,5,No,5,No,2,No,5,No,6,No,5,No,4,No,4,No,5,No,5,Yes,5,No,5,No,5,Yes,5,Yes,7,Yes,12,No,12,No,11,No,9,Yes,10,Yes,10,No,11,No,9,No,2,No,2,No,3,No,3,No,3,No,2,No,2,No,8,No,,-6
413,Cyber Threats,https://www.fortinet.com/resources/cyberglossary/dns-leak,DNS Leak,8100,69,5,No,5,No,5,No,6,No,6,No,6,No,6,No,5,No,5,No,5,No,4,No,6,No,7,No,6,No,7,No,6,No,6,No,6,No,7,No,6,No,6,No,6,No,6,Yes,6,No,7,No,6,No,7,No,7,No,6,Yes,2,Yes,2,Yes,3,Yes,5,No,6,No,5,Yes,6,Yes,8,No,,-2
414,Cyber Threats,https://www.fortinet.com/resources/cyberglossary/swatting,Swatting,18100,62,9,No,9,No,8,No,9,No,6,No,8,No,8,No,8,No,8,No,9,No,3,No,4,No,6,Yes,8,No,4,No,6,No,11,No,9,No,9,Yes,9,No,10,No,10,No,10,No,10,No,11,No,10,No,11,No,9,Yes,9,No,8,No,9,No,8,No,10,No,11,Yes,7,No,8,No,10,No,,-2
415,Cyber Security,https://www.fortinet.com/resources/cyberglossary/what-is-honeypot,What Is A Honeypot,3600,57,5,Yes,5,No,6,No,7,No,9,No,7,No,7,No,8,No,8,No,9,No,6,Yes,3,No,3,Yes,2,No,2,No,7,No,10,No,8,Yes,8,No,9,No,11,No,10,No,10,No,11,No,9,No,8,No,10,No,10,No,10,No,9,No,11,No,11,No,11,No,12,No,11,No,9,No,7,Yes,,2
416,Data Security,https://www.fortinet.com/resources/cyberglossary/data-breach,What Is A Data Breach,6600,52,7,No,4,No,4,Yes,5,Yes,6,Yes,5,Yes,4,Yes,4,No,3,Yes,4,Yes,3,No,3,Yes,6,No,3,Yes,5,Yes,4,Yes,3,Yes,5,No,4,Yes,3,Yes,3,Yes,3,Yes,3,Yes,3,Yes,3,No,3,Yes,5,Yes,4,Yes,3,Yes,3,Yes,4,Yes,4,Yes,4,No,4,Yes,3,No,4,No,6,No,,-2
417,Access Control,https://www.fortinet.com/resources/cyberglossary/remote-access,What Is Remote Access,210,35,1,No,1,No,1,No,1,No,1,No,1,No,1,No,1,Yes,1,Yes,1,Yes,1,Yes,1,Yes,1,Yes,1,Yes,1,Yes,1,Yes,1,Yes,1,Yes,1,Yes,1,Yes,1,Yes,1,Yes,1,Yes,1,Yes,1,Yes,1,Yes,1,Yes,1,Yes,1,Yes,1,No,1,Yes,1,No,1,Yes,1,Yes,1,Yes,1,Yes,1,Yes,,0
418,SecOps,https://www.fortinet.com/resources/cyberglossary/incident-response,Incident Response,590,45,2,No,2,No,1,No,2,No,2,No,3,No,12,No,4,No,6,No,10,No,8,No,7,No,15,No,12,No,5,No,4,No,2,No,5,No,4,No,5,No,5,No,9,No,9,No,10,No,8,Yes,10,No,9,Yes,8,No,8,Yes,10,No,10,No,11,No,10,No,11,No,9,No,10,Yes,7,No,,3
419,Cyber Threats,https://www.fortinet.com/resources/cyberglossary/most-notorious-attacks-in-the-history-of-cyber-warfare,Cyber Warfare,2400,54,2,No,2,No,1,No,1,No,1,No,1,No,1,No,1,No,1,No,1,No,1,No,1,No,4,No,2,No,3,No,4,No,2,No,4,No,5,No,5,No,5,No,4,No,3,No,1,No,-,No,31,No,34,No,40,No,20,No,9,Yes,9,No,10,No,9,No,10,No,9,No,8,No,74,No,,-66
420,Cyber Threats,https://www.fortinet.com/resources/cyberglossary/work-from-home-cybersecurity-risks,Remote Work Cyber Security Risks,40,40,5,No,7,No,2,No,7,No,8,No,8,No,8,No,8,No,3,No,3,No,3,No,5,No,5,No,4,No,5,No,4,No,4,No,4,No,4,No,4,No,-,No,-,No,-,No,-,No,1,Yes,1,Yes,1,Yes,1,Yes,1,No,1,No,1,No,1,No,1,No,1,No,1,No,1,No,1,No,,0
421,Cyber Threats,https://www.fortinet.com/resources/cyberglossary/deepfake,What Is Deepfake,2400,72,3,No,3,No,1,Yes,2,Yes,3,No,4,No,3,No,3,No,2,Yes,6,No,3,No,5,No,4,No,3,No,5,Yes,4,Yes,6,Yes,4,No,5,No,5,No,6,Yes,7,No,6,Yes,4,Yes,4,Yes,5,Yes,6,No,9,Yes,8,No,29,No,33,No,44,No,43,No,46,No,29,Yes,21,No,10,No,,11
422,OT Security,https://www.fortinet.com/resources/cyberglossary/critical-infrastructure-protection,Critical Infrastructure Protection,4400,46,1,Yes,1,Yes,1,Yes,6,Yes,6,Yes,6,Yes,6,Yes,6,Yes,5,No,6,Yes,2,Yes,2,Yes,2,Yes,3,No,5,No,3,Yes,2,Yes,3,Yes,2,Yes,2,Yes,2,Yes,3,Yes,2,Yes,3,Yes,3,Yes,3,Yes,3,Yes,4,Yes,4,No,6,No,10,Yes,9,Yes,6,Yes,9,Yes,8,Yes,9,Yes,3,Yes,,6
423,Cyber Threats,https://www.fortinet.com/resources/cyberglossary/watering-hole-attack,Watering Hole Attack,1900,49,3,Yes,2,Yes,2,Yes,2,No,2,No,2,No,3,No,3,No,3,No,3,No,3,No,3,Yes,2,Yes,2,No,3,No,2,Yes,3,No,3,No,3,No,2,Yes,2,Yes,2,Yes,2,Yes,2,Yes,2,Yes,2,Yes,2,Yes,2,Yes,2,No,8,No,2,No,2,No,10,Yes,3,No,3,Yes,2,Yes,2,Yes,,0
424,Cyber Threats,https://www.fortinet.com/resources/cyberglossary/rootkit,Rootkit,5400,51,2,Yes,2,No,4,No,4,No,3,No,3,No,2,No,3,Yes,3,No,2,Yes,3,No,2,No,2,Yes,2,Yes,2,No,2,Yes,3,Yes,3,Yes,3,No,2,Yes,3,No,3,No,2,Yes,2,Yes,2,Yes,2,No,3,No,2,Yes,2,No,12,No,13,No,14,No,13,No,12,No,14,No,11,Yes,3,No,,8
425,Access Control,https://www.fortinet.com/resources/cyberglossary/oidc,OIDC,9900,55,7,No,3,No,4,No,5,Yes,3,Yes,4,No,3,No,4,No,5,No,6,No,7,No,5,No,6,No,8,No,4,No,7,No,10,No,10,No,3,No,7,No,9,No,15,No,12,No,8,No,6,No,14,No,11,No,16,No,16,No,9,No,6,No,9,No,9,No,68,No,68,No,68,No,18,No,,50
426,Network Security,https://www.fortinet.com/resources/cyberglossary/intrusion-detection-system,Intrusion Detection System,5400,57,4,Yes,11,No,12,No,13,No,14,No,14,No,11,No,10,No,8,No,6,No,8,No,7,No,10,No,6,Yes,3,No,6,No,5,No,8,Yes,11,Yes,16,No,8,No,9,No,10,No,12,No,11,No,11,No,13,No,15,No,13,No,8,Yes,8,No,8,Yes,9,No,9,No,8,No,9,No,11,No,,-2
427,Cyber Security,https://www.fortinet.com/resources/cyberglossary/heuristic-analysis,Heuristic Analysis,720,44,8,No,3,No,8,No,2,No,6,Yes,3,Yes,1,Yes,3,Yes,9,Yes,6,Yes,6,Yes,3,Yes,6,Yes,2,No,8,No,6,No,3,No,6,No,6,No,4,No,7,No,6,No,5,No,6,No,6,No,6,No,8,No,7,No,5,No,2,No,6,No,7,No,5,No,3,No,7,No,7,No,7,No,,0
428,Cloud Security,https://www.fortinet.com/resources/cyberglossary/serverless-computing,Serverless Computing,4400,71,10,No,11,No,12,No,13,No,13,No,12,No,11,No,11,No,10,No,13,No,9,No,12,No,12,No,9,No,3,No,12,No,13,No,13,No,13,No,12,No,3,No,14,No,13,No,16,No,14,No,15,No,19,No,27,No,23,No,8,No,9,No,8,No,9,No,9,No,10,No,7,No,30,No,,-23
429,Cyber Threats,https://www.fortinet.com/resources/cyberglossary/what-is-hacktivism,Hacktivism,1900,49,2,No,3,Yes,2,No,3,No,4,No,4,No,3,No,2,No,3,No,3,Yes,3,Yes,3,Yes,3,Yes,2,Yes,6,Yes,2,Yes,2,Yes,3,Yes,2,Yes,3,Yes,2,Yes,5,Yes,3,Yes,5,Yes,5,Yes,4,Yes,4,No,5,No,3,No,5,No,12,No,14,No,15,No,11,No,11,Yes,15,Yes,2,Yes,,13
430,Cyber Threats,https://www.fortinet.com/resources/cyberglossary/types-of-phishing-attacks,Types Of Phishing Attacks,1000,44,1,No,1,No,1,No,1,No,1,Yes,1,Yes,1,Yes,1,Yes,1,Yes,1,Yes,1,Yes,1,Yes,1,Yes,1,Yes,1,Yes,1,Yes,2,Yes,1,Yes,1,Yes,1,Yes,1,Yes,1,No,1,No,1,No,1,No,1,No,1,No,1,No,1,Yes,1,No,,No,3,Yes,4,No,3,No,3,No,2,No,2,Yes,,0
431,Cyber Threats,https://www.fortinet.com/resources/cyberglossary/election-security,Election Security,880,57,7,No,6,No,7,No,7,No,9,No,8,No,9,No,9,No,9,No,8,No,7,No,9,No,7,No,9,No,9,No,8,No,3,No,6,No,6,No,6,No,8,No,7,No,8,No,7,No,8,No,8,No,9,No,9,No,9,No,10,No,9,No,9,Yes,11,No,12,No,8,No,10,No,9,No,,1
432,Cyber Threats,https://www.fortinet.com/resources/cyberglossary/what-is-arp,ARP,90500,63,6,No,6,No,6,No,6,No,5,No,4,Yes,5,Yes,5,Yes,5,No,5,No,4,Yes,4,No,6,Yes,5,No,4,No,6,No,6,No,6,No,5,No,5,No,6,Yes,5,No,6,No,6,Yes,7,Yes,6,Yes,6,Yes,6,No,6,Yes,3,No,3,Yes,2,Yes,4,No,4,Yes,4,No,4,No,6,No,,-2
433,Cyber Threats,https://www.fortinet.com/resources/cyberglossary/supply-chain-attacks,Supply Chain Attacks,720,52,9,No,10,No,11,No,11,No,11,No,11,No,11,No,8,No,6,No,9,No,8,No,8,No,9,No,11,No,10,No,11,No,13,No,13,No,13,No,20,No,15,No,19,No,18,No,23,No,19,No,19,No,20,No,21,No,21,Yes,4,Yes,5,No,5,No,5,No,6,No,4,No,4,No,16,No,,-12
434,Email Security,https://www.fortinet.com/resources/cyberglossary/email-security-best-practices,Emailsecurity Best Practices,590,15,10,No,9,No,6,No,9,Yes,10,Yes,10,Yes,2,Yes,3,Yes,3,Yes,2,Yes,2,Yes,2,Yes,3,Yes,2,Yes,4,Yes,1,Yes,1,Yes,1,Yes,1,Yes,1,Yes,1,Yes,1,Yes,1,Yes,1,Yes,1,No,1,No,1,No,1,No,1,No,1,No,1,No,1,No,1,No,1,No,1,No,1,No,1,No,,0
435,Cyber Security,https://www.fortinet.com/resources/cyberglossary/whitehat-security,White Hat Hacking,4400,48,2,No,4,No,5,No,6,Yes,2,Yes,2,Yes,2,Yes,2,Yes,4,No,5,No,5,Yes,4,No,2,Yes,4,No,2,No,2,Yes,2,Yes,5,No,5,No,4,No,5,No,4,Yes,4,No,3,Yes,3,No,5,No,3,No,4,No,3,No,5,No,3,No,10,No,10,No,10,No,10,No,10,No,3,No,,7
436,Cyber Threats,https://www.fortinet.com/resources/cyberglossary/ddos-attack,What Is DDOS Attack,2900,73,8,No,8,No,6,No,9,No,9,No,8,No,5,No,8,No,2,Yes,2,No,6,No,3,No,2,Yes,3,Yes,2,Yes,4,Yes,4,Yes,6,Yes,11,No,8,Yes,6,No,5,Yes,7,Yes,7,No,5,Yes,6,No,12,No,26,No,11,No,12,No,9,No,23,No,22,Yes,14,Yes,12,No,17,Yes,6,No,,11
437,Cyber Security,https://www.fortinet.com/resources/cyberglossary/recent-cyber-attacks,Recent Cyber Attacks,3600,61,8,Yes,8,Yes,4,No,6,No,3,No,4,No,3,No,2,No,3,No,3,No,3,No,3,Yes,2,No,2,No,2,Yes,1,No,1,Yes,1,Yes,1,Yes,1,No,1,No,1,No,1,No,1,No,1,No,1,No,1,No,1,No,1,No,1,No,1,Yes,2,No,29,No,28,No,31,No,27,No,2,No,,25
438,VPN,https://www.fortinet.com/resources/cyberglossary/remote-access-vpn,Remote Access VPN,5400,60,4,Yes,2,Yes,6,Yes,7,Yes,9,No,6,No,2,Yes,3,Yes,3,Yes,2,Yes,2,Yes,4,No,16,No,3,No,2,No,2,Yes,2,No,2,Yes,3,No,3,No,2,Yes,2,Yes,3,No,3,Yes,2,Yes,2,Yes,2,Yes,3,Yes,3,No,7,Yes,12,Yes,4,No,12,Yes,11,Yes,9,Yes,7,Yes,7,Yes,,0
439,Cyber Compliance,https://www.fortinet.com/resources/cyberglossary/fisma-and-fisma-compliance,Fisma,6600,57,3,Yes,5,Yes,2,Yes,2,Yes,2,Yes,5,Yes,3,Yes,4,Yes,6,No,7,No,6,Yes,6,No,3,No,9,No,8,No,6,No,8,No,7,No,7,No,8,No,8,No,8,No,8,No,8,No,8,No,8,No,8,No,6,No,3,No,8,No,9,No,8,No,8,No,1,No,1,No,1,Yes,8,No,,-7
440,Cyber Threats,https://www.fortinet.com/resources/cyberglossary/how-to-detect-keylogger-on-phone,How To Detect Keylogger,320,39,11,No,10,No,9,No,7,No,11,No,9,No,9,No,9,No,9,No,5,No,4,No,9,No,10,No,6,No,3,No,7,No,12,No,10,No,11,No,11,No,7,No,7,No,2,No,9,No,11,No,7,No,7,No,11,No,10,No,19,No,22,No,23,No,28,No,23,No,25,No,29,No,12,No,,17
441,Network Security,https://www.fortinet.com/resources/cyberglossary/network-segmentation,Network Segmentation,2900,45,10,No,11,Yes,9,Yes,10,Yes,14,No,13,No,8,No,7,No,8,No,3,Yes,4,No,6,Yes,8,No,7,No,2,No,5,No,6,Yes,3,Yes,3,No,3,Yes,5,Yes,6,Yes,7,No,8,Yes,7,Yes,3,Yes,6,No,5,Yes,5,Yes,2,Yes,2,No,2,Yes,2,Yes,3,Yes,3,No,2,No,6,No,,-4
442,Network Security,https://www.fortinet.com/resources/cyberglossary/what-is-an-ips,Intrusion Prevention System,9900,65,15,No,15,No,14,No,17,Yes,18,No,11,No,8,No,6,Yes,7,No,6,No,6,No,6,No,8,Yes,9,No,7,Yes,7,Yes,7,Yes,7,Yes,8,Yes,6,Yes,6,No,8,Yes,7,Yes,10,Yes,11,Yes,11,Yes,12,No,11,Yes,9,Yes,3,Yes,4,No,6,No,2,No,3,No,4,No,2,No,10,No,,-8
443,SecOps,https://www.fortinet.com/resources/cyberglossary/what-is-siem,SIEM,2900,58,16,No,13,No,15,No,15,No,14,No,19,No,13,No,5,No,9,No,5,Yes,6,No,9,No,8,No,10,No,8,No,8,No,10,No,10,No,10,No,11,No,11,No,11,No,11,No,16,No,30,No,37,No,16,No,40,No,36,Yes,10,Yes,10,No,6,No,7,No,10,No,9,No,9,No,19,No,,-10
444,Endpoint Security,https://www.fortinet.com/resources/cyberglossary/what-is-XDR,XDR,6600,58,9,No,9,No,5,Yes,9,No,11,No,15,No,13,No,15,No,9,No,6,No,7,No,6,Yes,12,No,5,No,5,Yes,7,No,7,No,5,No,6,No,7,Yes,8,No,8,No,7,No,5,No,6,No,11,No,11,No,13,Yes,12,No,11,No,11,No,11,No,9,Yes,9,No,11,Yes,5,Yes,7,Yes,,-2
445,VPN,https://www.fortinet.com/resources/cyberglossary/vpn-routers,VPN Routers,480,36,7,No,8,No,2,No,5,No,5,No,4,No,2,No,4,No,3,No,3,No,7,No,7,No,8,No,8,No,7,No,5,No,5,No,5,No,5,No,7,No,3,No,4,No,3,No,7,No,5,No,6,No,7,No,7,No,7,No,7,No,8,No,8,No,10,Yes,9,Yes,8,Yes,9,Yes,4,Yes,,5
446,Cyber Threats,https://www.fortinet.com/resources/cyberglossary/clickjacking,Clickjacking,1600,48,9,No,11,No,11,No,10,No,10,No,11,No,9,No,9,No,10,No,8,No,8,No,10,No,6,Yes,9,No,5,No,8,No,10,No,10,No,11,No,12,No,11,No,11,No,12,No,11,No,11,No,11,No,12,No,13,No,12,No,11,Yes,12,No,13,No,11,No,15,No,13,No,12,No,12,No,,0
447,Cyber Security,https://www.fortinet.com/resources/cyberglossary/byod,Bring Your Own Device,2400,59,5,Yes,10,No,7,No,7,No,8,No,11,No,9,No,6,No,7,No,8,No,7,No,8,Yes,8,No,7,No,9,No,8,No,9,No,11,No,10,No,13,No,24,No,23,No,30,No,17,No,48,No,10,No,5,Yes,21,No,13,No,28,No,27,No,28,No,28,No,26,No,25,No,26,No,68,No,,-42
448,Cyber Threats,https://www.fortinet.com/resources/cyberglossary/cross-site-scripting,Cross Site Scripting,5400,71,6,No,6,No,5,No,6,No,6,No,7,No,6,No,4,No,3,No,6,No,3,Yes,7,No,7,No,5,No,9,Yes,7,No,6,No,6,No,6,No,6,No,5,Yes,6,No,6,No,6,No,7,No,6,No,6,Yes,6,No,6,No,10,No,20,No,14,Yes,9,Yes,27,Yes,17,No,21,No,9,No,,12
449,Cyber Threats,https://www.fortinet.com/resources/cyberglossary/fast-flux-networks,Fast Flux Networks,20,50,2,No,2,No,1,No,2,No,2,No,2,No,2,No,2,No,3,No,2,No,1,No,2,No,2,No,2,No,5,No,2,No,2,No,2,No,2,No,2,No,2,No,2,No,2,No,2,No,2,No,3,No,3,No,3,No,2,No,12,No,12,No,12,No,12,No,12,No,12,No,12,No,3,No,,9
450,Cyber Threats,https://www.fortinet.com/resources/cyberglossary/phishing,Phishing,49500,98,7,No,8,No,15,No,9,No,12,No,17,No,9,No,14,No,10,No,11,Yes,10,No,7,No,7,No,11,No,8,No,8,No,10,No,10,No,9,No,5,No,11,No,9,No,9,No,9,No,7,No,9,No,8,Yes,9,No,8,No,22,No,19,No,15,No,32,No,35,No,29,No,30,No,8,No,,22
451,Cyber Threats,https://www.fortinet.com/resources/cyberglossary/malware,Malware,40500,84,8,No,8,No,8,No,9,No,10,No,9,No,9,No,6,No,6,No,8,No,6,No,8,No,9,No,9,No,17,No,7,No,5,No,9,No,11,No,9,No,4,No,7,No,12,No,9,No,10,No,12,No,9,No,9,No,6,No,7,No,9,No,8,No,9,No,10,No,10,No,11,No,19,No,,-8
452,Endpoint Security,https://www.fortinet.com/resources/cyberglossary/unified-endpoint-management-uem,Unified Endpoint Management,1300,43,9,No,13,No,12,No,11,No,14,No,13,No,9,No,5,No,5,No,5,No,6,No,6,No,5,No,4,No,5,No,4,No,3,No,4,No,4,No,4,No,3,No,6,No,4,No,4,No,3,No,2,No,3,No,3,Yes,3,No,5,No,8,No,4,No,5,Yes,3,Yes,4,Yes,2,Yes,2,Yes,,0
453,Cyber Threats,https://www.fortinet.com/resources/cyberglossary/man-in-the-middle-attack,Man In The Middle Attack,5400,71,11,No,10,No,11,No,12,No,12,No,13,No,9,No,6,No,6,No,6,No,6,No,5,No,4,No,6,No,8,No,8,No,6,Yes,6,No,8,No,8,No,7,No,9,No,9,No,12,No,11,No,11,No,11,No,11,No,9,No,24,No,23,No,26,No,27,No,25,No,26,Yes,29,No,8,Yes,,21
454,Cyber Security,https://www.fortinet.com/resources/cyberglossary/cyber-insurance,Cyber Insurance,9900,61,4,Yes,4,No,3,No,2,Yes,3,Yes,3,No,3,Yes,3,No,3,No,4,No,3,Yes,3,Yes,2,Yes,2,Yes,6,Yes,2,No,2,Yes,3,No,2,No,2,Yes,3,Yes,2,No,2,Yes,3,Yes,2,Yes,2,Yes,2,Yes,3,Yes,3,No,4,No,7,No,2,No,2,No,2,Yes,2,No,2,No,4,Yes,,-2
455,Cyber Threats,https://www.fortinet.com/resources/cyberglossary/bloatware,Bloatware,4400,51,2,Yes,2,Yes,1,Yes,2,Yes,2,Yes,1,Yes,1,Yes,2,Yes,3,No,3,No,2,No,2,Yes,2,No,2,No,3,Yes,3,Yes,2,Yes,4,Yes,3,No,3,Yes,3,Yes,5,Yes,4,No,3,Yes,4,No,4,No,3,Yes,3,Yes,3,No,29,No,30,No,32,No,29,Yes,30,Yes,30,Yes,29,Yes,5,Yes,,24
456,Access Control,https://www.fortinet.com/resources/cyberglossary/two-factor-authentication,What Is Two Factor Authentication,6600,72,10,No,9,No,9,No,12,No,11,No,9,No,10,No,10,No,9,No,10,No,10,No,10,No,8,No,9,No,9,No,11,No,10,No,10,No,11,No,10,No,9,No,10,No,11,No,10,No,10,No,10,No,10,No,11,No,8,Yes,4,Yes,4,Yes,3,No,4,No,4,No,5,No,7,No,11,No,,-4
457,Cyber Threats,https://www.fortinet.com/resources/cyberglossary/black-hat-security,Black Hat Security,110,52,7,No,6,No,8,No,8,No,8,No,8,No,4,No,5,No,5,No,5,No,5,No,5,No,4,No,7,No,5,No,7,No,7,No,6,No,6,No,11,No,15,No,15,No,15,No,15,No,5,No,11,No,11,No,11,No,11,Yes,11,Yes,6,Yes,9,No,9,No,9,No,9,No,10,No,12,No,,-2
458,Network Security,https://www.fortinet.com/resources/cyberglossary/dynamic-host-configuration-protocol-dhcp,DHCP,8100,47,6,No,7,No,8,No,8,No,8,No,9,No,8,No,5,No,6,No,3,No,4,No,4,No,5,No,5,Yes,2,Yes,6,Yes,4,Yes,5,Yes,5,Yes,6,No,4,No,5,No,5,Yes,4,Yes,8,No,9,No,5,No,11,No,9,Yes,12,Yes,11,Yes,8,Yes,11,No,9,No,9,No,16,No,7,No,,9
459,Cyber Security,https://www.fortinet.com/resources/cyberglossary/what-is-machine-learning,Machine Learning,60500,93,6,No,2,No,1,No,1,No,1,No,1,No,1,No,1,No,5,No,10,No,1,No,1,No,2,No,7,No,3,No,1,No,1,No,1,No,1,No,1,No,1,No,1,No,1,No,-,No,-,No,-,No,-,No,-,No,-,No,-,No,-,No,-,No,1,No,1,No,1,No,1,No,1,No,,0
460,Cyber Threats,https://www.fortinet.com/resources/cyberglossary/cyber-threat-intelligence,Cyber Threat Intelligence,3600,52,15,No,18,No,15,No,19,No,19,No,20,No,19,No,13,No,13,No,10,No,7,No,8,No,11,No,12,No,7,No,19,No,16,No,20,No,19,No,14,No,8,No,13,No,18,No,19,No,23,No,26,No,28,No,25,No,24,No,3,No,3,No,4,Yes,3,No,3,No,2,No,3,No,26,No,,-23
461,Cyber Security,https://www.fortinet.com/resources/cyberglossary/what-is-a-qr-code,What Is A Qr Code,5400,48,2,No,2,No,2,No,2,Yes,2,Yes,2,Yes,2,Yes,2,Yes,2,Yes,3,Yes,4,No,3,No,3,No,3,Yes,2,Yes,4,No,3,No,2,Yes,2,Yes,2,Yes,2,Yes,2,No,2,Yes,2,Yes,2,Yes,2,Yes,2,Yes,2,No,2,Yes,3,Yes,3,Yes,2,Yes,2,Yes,3,Yes,2,Yes,2,Yes,3,Yes,,-1
462,Network Security,https://www.fortinet.com/resources/cyberglossary/simple-network-management-protocol,Simple Network Management Protocol,4400,38,5,Yes,6,No,6,No,6,No,4,No,5,No,6,No,4,No,4,Yes,3,No,4,No,3,No,3,No,3,No,2,Yes,2,No,2,No,3,No,4,No,3,No,4,No,4,No,4,No,4,No,4,No,4,No,4,No,4,No,3,No,3,No,4,No,6,No,2,Yes,3,No,4,No,2,Yes,3,Yes,,-1
463,Access Control,https://www.fortinet.com/resources/cyberglossary/federated-identity,Federated Identity,880,49,13,No,10,No,6,No,8,No,9,No,7,Yes,8,Yes,9,Yes,7,Yes,8,Yes,6,Yes,4,Yes,5,Yes,7,Yes,5,No,9,No,8,No,9,No,7,No,5,No,8,No,7,No,3,Yes,7,Yes,10,Yes,9,Yes,10,Yes,10,Yes,10,Yes,13,Yes,14,No,19,No,15,No,14,No,15,No,12,No,8,No,,4
464,Cyber Threats,https://www.fortinet.com/resources/cyberglossary/ransomware,Ransomware,33100,84,6,No,6,No,7,No,5,No,4,No,6,No,6,No,6,No,7,No,6,No,5,No,5,No,5,No,6,Yes,5,No,4,Yes,2,Yes,3,Yes,6,Yes,6,No,7,No,8,No,6,No,8,No,8,No,7,No,8,No,8,No,8,No,9,No,7,No,11,No,11,No,10,Yes,16,No,13,No,8,No,,5
465,SecOps,https://www.fortinet.com/resources/cyberglossary/what-is-soc,SOC,40500,73,8,No,11,No,7,No,5,No,6,No,11,No,8,No,6,No,10,No,10,No,7,No,7,No,7,No,4,Yes,6,Yes,4,No,7,No,17,No,10,No,16,No,16,Yes,17,No,6,No,8,No,14,No,8,No,6,No,16,No,13,No,3,Yes,2,Yes,5,No,4,Yes,4,No,2,No,3,No,18,No,,-15
466,Cyber Threats,https://www.fortinet.com/resources/cyberglossary/wannacry-ransomware-attack,Wannacry,4400,68,7,No,7,No,7,No,8,No,9,No,8,No,8,No,8,No,9,No,9,No,6,No,7,No,8,No,7,No,12,No,12,No,11,No,12,No,11,No,8,No,12,No,11,No,12,No,15,No,14,No,11,No,12,No,12,No,11,No,6,No,5,No,6,No,5,No,6,No,6,No,5,No,13,No,,-8
467,Cyber Security,https://www.fortinet.com/resources/cyberglossary/ci-cd-pipeline,CI/CD Pipelines,3600,57,19,No,19,No,19,No,20,No,17,No,16,No,15,No,9,No,6,No,4,No,3,No,5,No,3,Yes,3,No,3,No,3,No,3,No,23,No,11,No,14,No,2,No,10,No,5,No,2,No,2,No,2,No,2,No,14,No,13,No,12,No,12,No,11,No,11,No,12,No,12,No,12,No,23,No,,-11
468,Network Security,https://www.fortinet.com/resources/cyberglossary/how-to-pick-a-work-from-home-wi-fi-router,How To Pick A Wifi Router,90,38,9,No,11,No,1,No,10,No,5,No,5,No,5,No,5,No,5,No,9,No,11,No,6,No,6,No,8,No,9,No,7,No,10,No,11,No,8,No,7,No,10,No,8,No,8,No,8,No,8,No,8,No,8,No,8,No,8,No,10,No,14,No,7,No,7,No,15,No,10,No,7,No,7,No,,0
469,Network Security,https://www.fortinet.com/resources/cyberglossary/mitre-attck,Mitre ATT&CK,5400,56,10,No,9,No,10,No,10,No,9,No,14,No,11,No,12,No,10,No,13,No,15,No,8,No,7,No,7,No,6,No,11,No,13,No,16,No,15,No,16,No,15,No,22,No,24,No,21,No,27,No,26,No,21,No,21,No,21,No,20,No,20,No,25,No,26,No,25,No,26,No,29,No,31,No,,-2
470,Network Security,https://www.fortinet.com/resources/cyberglossary/what-is-5g,What Is 5G?,135000,68,9,No,9,No,9,No,11,No,10,No,7,No,4,No,3,No,2,No,2,No,5,No,7,No,7,No,6,No,7,No,3,No,1,No,1,No,2,No,4,No,2,No,5,No,8,No,6,No,6,No,8,No,8,No,7,No,6,No,16,No,17,No,17,No,15,No,15,No,15,No,18,No,10,No,,8
471,Cyber Security,https://www.fortinet.com/resources/cyberglossary/virtual-desktop-infrastructure-vdi,Virtual Desktop Infrastructure,1900,40,6,Yes,7,Yes,17,No,20,No,10,No,19,No,15,No,15,No,23,No,19,No,16,No,19,No,15,No,9,No,9,No,19,No,21,No,27,No,28,No,22,No,22,Yes,25,No,24,No,20,No,27,No,31,No,29,No,31,No,24,No,7,No,7,No,6,No,5,No,2,No,18,No,15,No,29,No,,-14
472,VPN,https://www.fortinet.com/resources/cyberglossary/what-is-a-vpn,What Is A VPN,165000,81,12,No,11,No,11,No,9,No,10,No,8,Yes,8,No,7,No,9,No,9,No,6,No,8,No,7,No,7,No,7,No,6,No,6,No,6,No,6,Yes,4,Yes,3,No,3,Yes,4,No,3,Yes,2,Yes,2,Yes,4,Yes,4,No,4,No,20,No,23,No,24,No,26,Yes,26,No,27,Yes,29,Yes,7,No,,22
473,Cyber Security,https://www.fortinet.com/resources/cyberglossary/fabric-of-security,Fabric Of Security,40,31,1,No,1,No,1,No,2,No,2,No,2,No,2,No,2,No,2,No,2,No,2,No,2,No,2,No,2,No,2,No,3,No,3,No,1,No,1,No,1,No,1,No,1,No,1,No,1,Yes,1,Yes,1,Yes,1,Yes,1,Yes,1,Yes,1,Yes,1,Yes,1,Yes,1,No,1,No,1,No,1,No,1,No,,0
474,SecOps,https://www.fortinet.com/resources/cyberglossary/what-is-ndr,Network Detection And Response,1300,33,14,No,14,No,17,No,15,Yes,13,Yes,9,Yes,9,Yes,4,Yes,4,Yes,3,Yes,2,Yes,4,No,2,No,4,No,4,No,2,No,2,No,3,No,3,No,3,Yes,2,Yes,2,Yes,3,Yes,2,Yes,10,Yes,9,Yes,2,Yes,15,Yes,11,Yes,5,Yes,7,Yes,6,Yes,6,Yes,5,Yes,4,Yes,5,Yes,13,No,,-8
475,OT Security,https://www.fortinet.com/resources/cyberglossary/cyber-physical-systems,Cyber Physical Systems,1300,50,3,No,3,No,4,No,5,No,2,No,4,No,4,No,4,No,5,No,2,No,4,No,4,No,3,No,3,No,4,No,4,No,5,No,3,No,6,No,5,No,4,No,4,No,7,No,7,No,4,No,6,No,6,No,5,No,3,Yes,3,Yes,2,Yes,5,No,6,Yes,5,Yes,4,Yes,3,Yes,3,Yes,,0
476,OT Security,https://www.fortinet.com/resources/cyberglossary/purdue-model,Purdue Model,70,34,5,No,2,No,3,No,3,No,3,No,3,No,3,No,3,No,2,No,2,No,2,No,2,No,3,No,2,No,2,No,2,No,2,Yes,3,Yes,2,Yes,2,Yes,3,Yes,3,Yes,2,Yes,2,Yes,2,Yes,3,Yes,2,Yes,3,Yes,2,No,21,Yes,25,No,33,No,33,No,30,No,31,No,30,No,2,No,,28
477,AI Security,https://www.fortinet.com/resources/cyberglossary/what-is-air-gap,What Is Air Gap,210,50,11,No,11,No,3,No,8,No,8,No,8,No,8,No,8,No,7,No,7,Yes,7,Yes,7,Yes,7,Yes,11,Yes,9,Yes,11,Yes,7,Yes,8,No,9,No,9,No,9,No,9,No,6,No,4,No,14,No,13,No,13,No,13,No,13,Yes,13,No,15,No,16,No,13,No,16,No,11,No,4,No,11,No,,-7
478,Cyber Threats,https://www.fortinet.com/resources/cyberglossary/malware-protection,Malware Protection,1830000,62,18,No,16,No,21,No,29,No,21,No,16,No,15,No,11,No,11,No,9,No,7,No,5,No,9,No,11,No,9,No,10,No,10,No,10,No,9,No,9,No,9,No,10,No,11,Yes,10,No,10,Yes,11,No,17,No,14,Yes,12,No,10,No,8,No,13,No,12,No,13,No,12,No,11,Yes,12,Yes,,-1
479,Endpoint Security,https://www.fortinet.com/resources/cyberglossary/browser-security,Browser Security,1000,50,11,No,11,No,14,No,16,No,8,No,10,No,7,No,8,No,8,No,9,No,5,No,4,No,6,No,4,No,6,No,3,No,5,No,6,No,5,No,8,No,7,No,6,No,3,No,6,No,6,No,6,No,12,No,9,No,7,No,9,No,7,No,11,No,11,No,8,No,16,No,14,No,14,No,,0
480,Cyber Threats,https://www.fortinet.com/resources/cyberglossary/types-of-malware,Types Of Malware,2900,43,3,No,6,No,7,No,8,No,9,No,2,No,4,No,2,Yes,2,Yes,3,No,4,Yes,2,Yes,2,Yes,2,Yes,2,Yes,3,No,2,Yes,2,Yes,2,Yes,4,Yes,4,No,2,Yes,3,Yes,3,No,2,Yes,2,Yes,4,No,4,No,3,No,11,Yes,11,No,13,No,8,No,16,No,28,No,28,Yes,3,Yes,,25
481,Endpoint Security,https://www.fortinet.com/resources/cyberglossary/identity-as-a-service,Identity As A Service,880,26,15,Yes,9,Yes,15,Yes,13,Yes,13,Yes,13,Yes,13,Yes,11,Yes,9,No,10,No,4,No,8,No,11,No,12,No,10,No,8,No,13,No,13,No,14,No,14,No,16,No,17,No,15,No,14,No,13,No,15,No,13,No,12,No,12,Yes,2,Yes,2,No,1,No,11,No,8,No,5,No,4,No,13,No,,-9
482,Network Security,https://www.fortinet.com/resources/cyberglossary/dfir,DFIR,2900,41,9,No,11,No,14,No,16,No,25,No,17,No,18,No,2,No,2,No,3,No,3,No,3,Yes,2,No,4,No,14,No,5,No,4,No,5,No,9,No,13,No,10,No,13,No,5,No,5,No,7,No,6,No,6,No,14,No,11,No,11,No,13,No,10,No,14,Yes,12,No,11,No,12,No,6,No,,6
483,Network Security,https://www.fortinet.com/resources/cyberglossary/application-performance-monitoring,Application Performance Monitoring,6600,54,19,No,24,No,19,No,11,Yes,21,No,16,No,16,No,13,No,11,No,10,No,6,Yes,9,No,10,No,8,No,3,No,14,No,12,No,13,No,13,No,13,No,15,No,9,No,11,No,14,No,12,No,15,No,17,No,17,No,17,Yes,6,Yes,6,No,7,No,7,No,8,No,5,No,5,No,24,No,,-19
484,Cyber Security,https://www.fortinet.com/resources/cyberglossary/soc1-compliance,Soc 1 Compliance,590,21,1,Yes,1,Yes,1,Yes,1,Yes,1,Yes,1,Yes,1,Yes,1,Yes,1,Yes,1,Yes,1,Yes,1,Yes,1,Yes,1,Yes,1,Yes,1,Yes,1,Yes,1,Yes,1,Yes,1,Yes,1,Yes,1,Yes,1,Yes,1,Yes,1,Yes,1,Yes,1,Yes,1,Yes,1,Yes,1,Yes,1,Yes,1,Yes,1,Yes,1,Yes,1,Yes,1,Yes,1,Yes,,0
485,Cyber Compliance,https://www.fortinet.com/resources/cyberglossary/security-audit,Security Audit,1300,36,2,No,2,No,12,Yes,12,Yes,12,Yes,11,Yes,9,No,5,No,3,No,3,No,5,No,3,No,8,No,6,No,5,No,4,Yes,3,Yes,4,Yes,3,Yes,5,Yes,4,Yes,6,Yes,5,Yes,6,Yes,5,Yes,6,Yes,9,Yes,7,Yes,7,No,40,No,46,No,53,No,60,Yes,60,Yes,60,Yes,63,Yes,4,Yes,,59
486,SecOps,https://www.fortinet.com/resources/cyberglossary/web-application-security,Web Application Security,1900,35,14,No,19,No,35,No,18,No,16,No,16,No,16,No,12,No,9,No,3,Yes,5,Yes,8,No,4,No,6,Yes,2,Yes,7,No,8,No,10,No,21,No,14,No,20,No,8,Yes,10,Yes,5,Yes,5,Yes,5,Yes,26,Yes,27,No,26,Yes,6,Yes,2,Yes,6,Yes,5,No,9,No,7,No,11,No,25,No,,-14
487,Network Security,https://www.fortinet.com/resources/cyberglossary/server-virtualization,Server Virtualization,1600,37,6,Yes,4,Yes,7,Yes,2,Yes,4,No,10,No,6,No,4,Yes,7,No,5,No,5,No,1,Yes,2,Yes,2,Yes,4,Yes,8,No,8,No,9,No,10,No,9,No,8,No,10,No,5,No,8,No,12,No,17,No,15,Yes,14,No,6,No,2,No,5,No,3,No,7,No,2,No,8,Yes,4,Yes,8,No,,-4
488,Cyber Threats,https://www.fortinet.com/resources/cyberglossary/vulnerability-assessment-tools,Vulnerability Assessment Tools,1300,42,12,No,13,No,12,No,16,No,18,No,14,No,9,No,3,No,9,Yes,12,Yes,7,Yes,8,Yes,11,Yes,10,Yes,9,Yes,9,Yes,12,No,13,No,12,No,12,No,12,No,9,No,13,No,8,No,10,No,8,No,10,No,12,No,11,Yes,4,No,7,No,7,No,7,No,10,No,8,No,3,No,10,No,,-7
489,Data Security,https://www.fortinet.com/resources/cyberglossary/neural-network,Neural Networks,9900,91,-,No,-,No,-,No,-,No,-,No,-,No,-,No,-,No,-,No,-,No,-,No,2,No,2,No,2,No,3,No,3,No,1,No,3,No,3,No,2,Yes,3,No,3,No,3,No,1,No,2,No,1,No,1,No,1,No,-,No,-,No,-,No,-,No,-,No,88,No,2,No,2,No,-,No,,#VALUE!
490,Cyber Security,https://www.fortinet.com/resources/cyberglossary/shors-grovers-algorithms,Shor's Algorithm,3600,67,1,No,1,No,1,No,1,No,1,No,1,No,1,No,1,No,1,No,1,No,1,No,1,No,1,No,1,No,1,No,1,No,1,No,1,No,1,No,1,No,1,No,1,No,1,No,1,No,2,No,6,No,6,Yes,8,No,6,Yes,10,Yes,8,Yes,9,Yes,6,No,2,No,2,No,3,No,5,No,,-2
491,Cyber Threats,https://www.fortinet.com/resources/cyberglossary/dark-vs-deep-web,Dark Web Vs Deep Web,1000,33,2,Yes,2,Yes,3,Yes,2,Yes,2,Yes,3,No,2,No,3,No,2,No,4,No,5,No,2,No,7,No,4,No,9,No,6,No,6,No,7,No,9,No,8,No,8,No,11,No,10,No,11,No,10,No,10,No,9,No,11,No,11,No,5,No,5,No,5,No,5,No,5,No,5,No,5,No,18,No,,-13
492,Cyber Threats,https://www.fortinet.com/resources/cyberglossary/signs-of-malware,Signs Of Malware,260,41,3,No,2,No,5,No,3,No,3,No,6,No,6,No,2,No,4,No,3,No,1,No,1,No,1,No,1,No,1,No,1,No,1,Yes,1,Yes,1,Yes,1,Yes,1,Yes,1,Yes,1,Yes,1,Yes,1,Yes,1,Yes,1,Yes,1,Yes,1,Yes,1,Yes,1,Yes,1,Yes,1,No,1,No,1,No,1,No,5,No,,-4
493,Cyber Security,https://www.fortinet.com/resources/cyberglossary/vulnerability-management,Vulnerability Management,5400,48,93,No,93,No,48,No,48,No,48,No,57,No,57,No,57,No,57,No,45,No,44,No,40,No,40,No,45,No,33,No,20,No,19,No,20,No,22,No,22,No,24,No,28,No,24,No,30,No,32,No,37,No,44,No,51,No,47,No,41,No,49,No,53,No,9,No,9,No,9,No,9,No,67,No,,-58
494,Cyber Security,https://www.fortinet.com/resources/cyberglossary/vulnerability-disclosure,Vulnerability Disclosure,140,28,1,No,1,No,1,No,4,No,5,No,4,No,5,No,5,No,4,No,6,No,3,No,1,Yes,1,Yes,1,Yes,7,Yes,2,Yes,2,Yes,3,Yes,2,Yes,3,No,3,No,5,No,4,No,3,No,7,No,7,No,4,No,3,Yes,2,No,1,No,4,No,8,No,10,Yes,8,Yes,6,Yes,7,Yes,5,Yes,,2
495,OT Security,https://www.fortinet.com/resources/cyberglossary/virtual-patching,Virtual Patching,260,31,5,Yes,7,Yes,7,Yes,7,Yes,8,Yes,8,Yes,8,Yes,2,Yes,2,Yes,2,Yes,5,Yes,8,Yes,6,Yes,1,Yes,7,Yes,2,Yes,2,No,11,No,8,No,9,No,4,No,1,No,4,No,6,No,2,No,4,No,5,No,3,No,3,No,3,No,3,No,3,No,5,Yes,6,Yes,5,Yes,2,Yes,3,Yes,,-1
496,OT Security,https://www.fortinet.com/resources/cyberglossary/nerc-cip,NERC CIP,5400,27,2,Yes,3,No,2,Yes,2,Yes,4,Yes,9,No,3,No,6,No,4,No,4,Yes,6,Yes,7,No,4,Yes,7,No,4,No,4,Yes,9,Yes,8,Yes,5,Yes,8,No,5,Yes,5,No,6,Yes,5,No,5,Yes,3,No,5,Yes,5,No,3,No,29,No,29,No,7,No,7,No,9,Yes,8,No,3,Yes,6,No,,-3
497,Cyber Security,https://www.fortinet.com/resources/cyberglossary/cyber-security-platform,Cyber Security Platform,1000,57,6,No,3,No,5,No,4,No,4,No,3,No,3,No,4,No,2,No,2,No,2,No,2,No,2,No,2,No,2,No,2,Yes,2,Yes,2,Yes,1,Yes,2,Yes,2,Yes,1,Yes,1,Yes,1,Yes,1,Yes,1,Yes,1,Yes,1,Yes,1,No,3,No,3,No,5,No,2,Yes,3,Yes,2,Yes,2,Yes,2,Yes,,0
498,OT Security,https://www.fortinet.com/resources/cyberglossary/compensating-controls,Compensating Controls,720,22,2,No,3,No,2,No,3,No,4,No,5,No,4,No,3,No,1,No,3,No,2,No,2,No,2,Yes,3,Yes,4,Yes,2,Yes,2,Yes,2,Yes,1,Yes,1,Yes,1,No,1,No,1,No,1,No,1,No,1,No,1,No,1,No,1,No,1,No,2,No,2,No,4,Yes,5,Yes,4,Yes,5,Yes,2,Yes,,3
499,Cyber Security,https://www.fortinet.com/resources/cyberglossary/darkside-ransomware,Darkside Ransomware,260,35,7,No,5,No,5,No,5,No,3,No,4,No,4,No,4,No,5,No,3,No,4,No,3,No,3,No,3,No,2,No,2,No,2,No,4,No,4,No,5,No,4,No,4,No,4,No,4,No,4,No,4,No,5,No,5,No,5,No,16,No,18,No,18,No,17,No,16,No,15,No,14,No,5,No,,9
500,OT Security,https://www.fortinet.com/resources/cyberglossary/rugged-hardware,Rugged Hardware,50,24,5,Yes,7,Yes,9,Yes,9,Yes,9,Yes,9,Yes,9,Yes,9,Yes,4,Yes,6,Yes,7,Yes,7,Yes,7,Yes,7,Yes,4,Yes,9,Yes,9,Yes,9,Yes,9,Yes,3,Yes,4,Yes,1,Yes,1,Yes,4,Yes,4,Yes,3,Yes,3,Yes,3,No,3,No,13,No,16,No,12,No,17,No,17,No,16,No,6,No,9,No,,-3
501,Cyber Security,https://www.fortinet.com/resources/cyberglossary/identity-based-attacks,Identity Based Attacks,110,25,11,No,12,No,11,No,11,No,11,No,7,No,7,No,10,No,10,Yes,10,Yes,10,Yes,12,Yes,11,Yes,11,Yes,5,Yes,5,Yes,5,No,5,No,5,No,4,No,4,No,6,No,7,No,7,No,9,No,10,No,9,No,9,No,9,No,5,No,5,No,5,No,5,No,5,No,5,No,3,No,7,No,,-4
502,VPN,https://www.fortinet.com/resources/cyberglossary/enterprise-vpn-solutions,Enterprise VPN Solutions,390,50,8,No,5,No,4,No,4,No,3,No,3,No,3,No,3,Yes,1,Yes,1,Yes,1,Yes,1,Yes,1,Yes,1,Yes,1,Yes,1,Yes,1,No,1,Yes,1,Yes,1,Yes,1,Yes,1,Yes,1,Yes,1,No,1,No,2,No,4,No,4,No,3,No,20,No,25,No,29,No,23,No,10,No,6,No,8,No,4,No,,4
503,NGFW,https://www.fortinet.com/resources/cyberglossary/owasp-web-application-firewall,Waf Owasp Top 10,110,58,-,No,-,No,-,No,-,No,-,No,-,No,-,No,-,No,-,No,-,No,-,No,-,No,-,No,-,No,-,No,-,No,-,No,-,No,-,No,-,No,-,No,-,No,-,No,-,No,-,No,23,No,25,No,29,No,29,No,11,No,11,No,11,No,11,No,12,No,12,No,11,No,7,No,,4
504,Cloud Security,https://www.fortinet.com/resources/cyberglossary/virtual-machines,Virtual Machine,40500,69,-,No,-,No,32,No,37,No,37,No,32,No,36,No,16,No,14,No,7,No,4,No,5,No,6,No,4,No,7,No,19,No,10,No,20,No,20,No,24,No,3,No,9,No,7,No,4,No,14,No,1,No,2,No,5,No,3,No,48,No,47,No,45,No,45,No,47,No,48,No,55,No,30,No,,25
505,Cloud Security,https://www.fortinet.com/resources/cyberglossary/agent-vs-agentless-security,Agent Vs Agentless Security,90,8,-,,,,,,3,No,3,No,4,No,4,No,6,No,6,No,6,No,6,No,1,No,1,No,1,No,1,No,5,No,1,No,1,No,2,No,4,No,3,No,4,No,4,No,3,No,3,No,3,No,4,No,3,No,3,No,9,No,10,No,11,No,11,No,11,No,12,No,12,No,5,No,,7
506,Data Security,https://www.fortinet.com/resources/cyberglossary/behavioral-analytics,Behavioral Analytics,1000,41,-,,,,,,7,No,7,No,10,No,8,No,5,No,5,No,5,No,5,No,6,No,7,No,9,No,12,No,15,No,15,No,17,No,12,No,9,No,11,No,15,No,16,No,16,No,13,No,17,No,18,No,19,No,18,No,13,No,12,Yes,13,Yes,10,No,11,No,13,No,14,No,14,No,,0
507,Cyber Security,https://www.fortinet.com/resources/cyberglossary/ci-cd,CI/CD,9900,63,-,,,,,,11,No,15,No,24,No,16,No,8,Yes,5,No,4,No,5,Yes,4,No,8,No,4,No,4,No,6,No,10,No,17,No,11,No,9,No,8,No,9,No,12,No,13,No,9,No,9,Yes,18,No,15,No,13,No,13,No,13,No,11,No,14,No,13,No,12,No,7,No,13,No,,-6
508,Data Security,https://www.fortinet.com/resources/cyberglossary/cspm-vs-dspm,CSPM Vs DSPM,320,14,-,,,,,,15,No,14,No,14,No,10,No,13,No,5,No,3,No,8,No,6,No,9,No,5,No,4,No,3,No,13,No,5,No,3,No,4,No,2,No,6,No,4,No,4,No,8,No,1,No,2,No,10,No,10,No,4,No,5,No,5,No,5,No,5,No,4,No,5,No,5,No,,0
509,Data Security,https://www.fortinet.com/resources/cyberglossary/ctem,CTEM,1600,29,-,,,,,,5,Yes,4,Yes,9,Yes,5,Yes,6,Yes,6,Yes,11,No,16,No,6,No,5,Yes,11,No,9,Yes,10,No,8,No,13,No,15,No,19,No,16,No,14,No,19,No,17,No,23,No,21,Yes,22,Yes,26,No,24,No,35,No,33,No,31,No,20,No,18,No,21,No,18,No,17,No,,1
510,Data Security,https://www.fortinet.com/resources/cyberglossary/data-discovery,Data Discovery,1900,30,-,,,,,,53,No,54,No,51,No,52,No,54,No,67,No,45,No,59,No,52,No,54,No,53,No,54,No,53,No,87,No,81,No,76,No,78,No,78,No,57,No,58,No,58,No,58,No,58,No,48,No,48,No,48,No,79,No,2,No,2,No,72,No,2,No,78,No,51,No,23,No,,28
511,Data Security,https://www.fortinet.com/resources/cyberglossary/data-matching,Data Matching,1300,15,-,,,,,,11,No,11,No,12,No,9,No,9,No,11,No,10,No,6,No,8,No,9,No,5,No,6,No,11,No,8,No,8,No,7,No,7,No,7,No,7,No,8,No,7,No,9,No,10,No,9,No,8,No,8,No,3,No,4,No,4,No,4,No,2,No,4,No,3,No,10,No,,-7
512,Data Security,https://www.fortinet.com/resources/cyberglossary/data-protection,Data Protection,6600,50,-,,,,,,1,No,1,No,1,No,1,No,1,No,1,No,1,No,1,No,2,Yes,4,No,4,No,4,No,8,No,9,No,20,No,19,No,15,No,9,No,12,No,12,No,12,No,13,No,14,No,11,Yes,11,No,10,Yes,10,Yes,12,Yes,3,Yes,3,No,3,No,2,No,2,No,14,No,,-12
513,Data Security,https://www.fortinet.com/resources/cyberglossary/dcap,DCAP,3600,41,-,,,,,,-,No,-,No,-,No,-,No,-,No,-,No,-,No,-,No,2,No,2,No,2,No,2,No,2,No,5,No,6,No,6,No,8,No,8,No,4,No,4,No,8,No,7,No,7,No,3,No,-,No,-,No,-,No,-,No,-,No,20,No,20,No,2,No,2,No,22,No,,-20
514,Data Security,https://www.fortinet.com/resources/cyberglossary/device-control,Device Control,720,30,-,,,,,,2,Yes,6,Yes,6,No,4,No,5,No,6,No,3,No,3,No,4,No,2,No,3,No,1,No,1,No,2,No,4,No,4,No,4,No,4,No,4,No,3,No,4,No,5,No,5,No,4,No,5,No,5,No,42,No,38,No,44,No,43,No,44,No,43,No,45,No,5,No,,40
515,Cyber Compliance,https://www.fortinet.com/resources/cyberglossary/digital-operational-resilience-act-dora,Digital Operational Resilience Act,140,51,-,,,,,,-,No,-,No,17,No,21,No,8,No,20,No,23,No,19,No,18,No,20,No,19,No,16,Yes,16,No,16,No,16,No,27,No,15,No,16,No,19,No,18,No,21,No,19,No,36,No,30,No,43,No,31,No,14,No,17,No,16,No,15,No,17,No,21,No,16,No,17,No,,-1
516,Data Security,https://www.fortinet.com/resources/cyberglossary/dlp-monitoring,DLP Monitoring,110,27,-,,,,,,2,Yes,2,Yes,3,Yes,2,Yes,2,Yes,1,Yes,1,Yes,1,Yes,1,Yes,1,Yes,1,Yes,1,Yes,1,Yes,1,Yes,1,Yes,1,Yes,1,Yes,1,Yes,1,Yes,1,Yes,1,Yes,1,Yes,1,Yes,1,No,1,No,1,No,1,No,1,No,1,No,1,No,1,No,1,Yes,1,Yes,1,Yes,,0
517,Data Security,https://www.fortinet.com/resources/cyberglossary/dlp-policy,DLP Policy,720,21,-,,,,,,7,No,7,No,7,No,7,No,8,No,8,No,7,No,6,No,8,No,2,No,6,No,8,No,6,No,2,No,6,No,5,No,5,No,6,No,5,No,5,No,3,No,5,No,4,No,3,No,2,No,2,No,16,No,14,Yes,16,No,12,No,7,No,9,No,9,No,3,No,,6
518,Data Security,https://www.fortinet.com/resources/cyberglossary/dlpaas-and-dlp-as-a-managed-service,DLP As A Service,50,39,-,,,,,,1,No,1,No,1,No,1,No,1,No,1,No,1,No,1,No,1,No,1,No,1,No,1,No,1,No,1,No,1,No,1,No,1,No,1,No,1,No,1,No,1,No,2,Yes,2,Yes,1,Yes,1,Yes,1,No,1,No,1,No,1,No,1,No,1,No,1,No,1,No,1,No,,0
519,Data Security,https://www.fortinet.com/resources/cyberglossary/file-sharing-security,File Sharing Security,40,25,-,,,,,,2,No,1,No,1,No,1,No,1,No,1,No,1,No,1,No,1,No,1,No,1,No,1,No,1,No,1,No,1,No,1,No,1,No,1,No,1,No,1,No,1,No,1,No,1,No,1,No,1,No,1,No,1,No,1,No,1,No,1,No,1,No,1,No,1,No,1,No,,0
520,Cyber Compliance,https://www.fortinet.com/resources/cyberglossary/gdpr,GDPR,49500,100,-,,,,,,1,No,1,No,13,No,13,No,13,No,13,No,48,No,39,No,39,No,39,No,39,No,39,No,57,No,79,No,79,No,79,No,78,No,1,No,1,No,42,No,42,No,40,No,41,No,40,No,42,No,41,Yes,71,Yes,68,Yes,44,Yes,2,No,2,No,48,No,1,No,44,No,,-43
521,Cyber Compliance,https://www.fortinet.com/resources/cyberglossary/hipaa-compliance,Hipaa Compliance,22200,76,-,,,,,,14,No,16,No,18,No,17,No,17,No,5,Yes,2,Yes,13,No,14,No,9,No,10,No,10,No,16,No,12,No,15,No,21,No,19,No,18,No,17,No,18,No,18,No,22,No,20,No,19,No,19,No,17,No,16,No,15,No,14,No,14,No,15,No,16,No,13,No,17,No,,-4
522,Access Control,https://www.fortinet.com/resources/cyberglossary/identity-risk-prioritization,Identity Risk,170,16,-,,,,,,5,Yes,3,Yes,6,Yes,4,Yes,5,Yes,5,Yes,4,Yes,3,Yes,3,No,3,No,1,No,1,No,1,No,1,No,1,No,1,No,2,No,7,No,5,No,5,No,9,No,9,No,8,No,11,No,14,No,10,No,12,No,13,No,19,No,9,No,10,No,16,No,16,No,22,No,,-6
523,Cyber Threats,https://www.fortinet.com/resources/cyberglossary/living-off-the-land-lotl,Living Off The Land Attack,320,37,-,,,,,,4,No,8,No,8,No,8,No,8,No,2,No,4,No,4,No,4,No,2,No,3,No,7,No,3,No,3,No,2,No,2,No,2,No,2,No,2,No,2,No,2,No,3,No,4,No,2,No,4,No,3,No,25,No,29,No,28,No,27,No,24,No,28,No,27,No,4,No,,23
524,Cyber Security,https://www.fortinet.com/resources/cyberglossary/national-vulnerability-database-nvd,National Vulnerability Database,590,25,-,,,,,,3,No,4,No,4,No,4,No,4,No,7,No,3,No,4,No,4,No,4,No,4,No,6,No,8,No,8,No,4,No,5,No,5,No,5,No,5,No,5,No,3,No,4,No,5,No,3,No,6,No,5,No,5,No,5,No,5,No,5,No,5,No,5,No,5,No,5,No,,0
525,Data Security,https://www.fortinet.com/resources/cyberglossary/network-dlp,Network DLP,320,23,-,,,,,,1,Yes,1,Yes,1,Yes,1,Yes,1,Yes,1,Yes,1,Yes,1,Yes,1,Yes,1,Yes,1,Yes,1,Yes,1,Yes,1,Yes,1,Yes,1,Yes,1,Yes,1,Yes,1,Yes,1,Yes,1,Yes,1,Yes,1,Yes,1,Yes,1,Yes,1,Yes,1,No,1,No,1,No,1,Yes,1,Yes,1,Yes,1,Yes,1,Yes,,0
526,OT Security,https://www.fortinet.com/resources/cyberglossary/private-5g-warehousing,Private 5G Warehousing,0,6,-,,,,,,3,No,3,No,3,No,2,No,2,No,1,No,3,No,2,No,1,No,1,No,2,No,3,No,1,No,2,No,1,No,1,No,1,No,1,No,1,No,1,No,1,No,1,No,1,No,1,No,1,No,1,No,1,No,1,No,1,No,1,No,1,No,1,No,1,No,1,No,,0
527,Cloud Security,https://www.fortinet.com/resources/cyberglossary/saas-security,SAAS Security,1600,40,-,,,,,,22,Yes,18,Yes,30,Yes,17,Yes,14,Yes,13,No,10,No,9,No,11,No,10,No,10,No,9,No,10,No,11,No,14,No,11,No,10,No,10,No,10,No,10,No,10,No,11,No,11,No,10,Yes,10,No,9,No,10,No,11,No,10,No,3,No,4,No,3,No,3,No,11,No,,-8
528,Data Security,https://www.fortinet.com/resources/cyberglossary/secret-management,Secret Management,590,39,-,,,,,,42,No,42,No,42,No,8,No,16,No,16,No,16,No,16,No,28,No,28,No,23,No,20,No,25,No,23,No,17,No,17,No,17,No,17,No,17,No,21,No,21,No,24,No,27,No,24,No,14,No,11,No,18,No,27,No,27,No,25,No,27,No,25,No,23,No,24,No,,-1
529,Cyber Threats,https://www.fortinet.com/resources/cyberglossary/security-misconfiguration,Security Misconfiguration,720,30,-,,,,,,5,No,4,Yes,2,Yes,2,Yes,3,Yes,6,Yes,3,Yes,2,Yes,2,Yes,3,Yes,6,No,8,No,5,No,4,No,4,No,5,No,5,No,6,No,5,No,8,No,9,No,10,No,9,No,10,No,9,No,8,Yes,4,Yes,8,Yes,10,Yes,9,Yes,8,Yes,7,Yes,7,Yes,6,No,,1
530,Access Control,https://www.fortinet.com/resources/cyberglossary/what-is-a-software-defined-perimeter,Software Defined Perimeter,590,27,-,,,,,,7,No,7,No,6,No,6,No,2,No,3,No,4,No,2,Yes,5,Yes,4,Yes,3,Yes,3,Yes,3,Yes,3,Yes,3,Yes,4,No,6,No,5,No,5,No,4,No,4,No,3,No,2,No,6,No,6,No,5,No,5,No,5,No,5,No,6,No,6,No,5,Yes,7,Yes,7,Yes,,0
531,SecOps,https://www.fortinet.com/resources/cyberglossary/threat-detection-and-response,Threat Detection And Response,1300,31,-,,,,,,3,No,7,No,6,No,6,No,3,No,7,No,6,No,5,No,3,No,6,No,7,No,7,No,8,No,9,No,8,No,9,No,9,No,6,Yes,8,Yes,9,Yes,9,Yes,9,Yes,10,Yes,10,Yes,10,Yes,10,No,9,No,10,No,10,No,12,No,13,No,12,No,12,No,12,No,,0
532,Cyber Threats,https://www.fortinet.com/resources/cyberglossary/remote-code-execution,Remote Code Execution,4400,84,-,,,,,,,,,,,,,,,,,,,,,,6,No,6,No,6,No,6,No,6,No,11,No,8,No,7,No,7,No,7,No,7,No,8,No,8,No,22,No,8,No,7,Yes,11,No,11,No,7,Yes,7,Yes,3,Yes,3,Yes,2,Yes,5,Yes,4,Yes,6,No,,-2
533,Cyber Threats,https://www.fortinet.com/resources/cyberglossary/data-poisoning,Data Poisoning,590,39,-,,,,,,,,,,,,,,,,,,,,,,5,No,5,No,4,No,6,No,5,No,5,No,5,No,10,No,19,No,18,No,14,No,18,No,30,No,31,No,29,No,23,No,28,No,28,No,24,No,27,No,27,No,27,No,30,No,24,No,26,No,26,No,,0
534,Data Security,https://www.fortinet.com/resources/cyberglossary/data-privacy,Data Privacy,6600,88,-,,,,,,,,,,,,,,,,,,,,,,-,No,-,No,-,No,-,No,-,No,-,No,-,No,-,No,-,No,-,No,-,No,-,No,-,No,-,No,-,No,-,No,-,No,-,No,-,No,-,No,-,No,-,No,-,No,-,No,-,No,-,No,#N/A,#VALUE!
535,Cloud Security,https://www.fortinet.com/resources/cyberglossary/cloud-migration,Cloud Migration,480,40,-,,,,,,,,,,,,,,,,,,,,,,,,,,,,-,No,-,No,-,No,-,No,-,No,-,No,-,No,-,No,-,No,-,No,-,No,-,No,-,No,-,No,-,No,-,No,-,No,-,No,-,No,69,No,68,No,81,No,-,No,,#VALUE!
536,Cloud Security,https://www.fortinet.com/resources/cyberglossary/cloud-workload-security,Cloud Workload Security,480,23,-,,,,,,,,,,,,,,,,,,,,,,,,,,,,-,No,-,No,7,No,7,No,8,No,6,No,10,No,14,No,12,No,18,No,10,No,5,No,7,No,8,No,8,No,8,No,8,No,9,No,9,No,10,No,10,No,9,No,10,No,,-1
537,Data Security,https://www.fortinet.com/resources/cyberglossary/rise-of-cybersecurity-mesh,Rise Of Cybersecurity Mesh,170,27,-,,,,,,,,,,,,,,,,,,,,,,,,,,,,-,No,-,No,27,No,29,No,29,No,24,No,20,No,19,No,56,No,56,No,1,No,1,No,1,No,1,No,1,No,1,No,1,No,1,No,1,No,1,No,1,No,1,No,1,No,,0
538,Access Control,https://www.fortinet.com/resources/cyberglossary/saml,SAML,18100,66,-,,,,,,,,,,,,,,,,,,,,,,,,,,,,-,No,-,No,9,No,15,No,14,No,14,No,13,No,16,No,15,No,16,No,16,No,15,No,16,No,21,No,17,No,17,No,17,No,17,No,21,No,21,No,21,No,14,No,16,No,,-2
539,NGFW,https://www.fortinet.com/resources/cyberglossary/ngfw-vs-utm,NGFW Vs UTM,170,7,-,,,,,,,,,,,,,,,,,,,,,,,,,,,,-,No,-,No,1,No,1,Yes,2,Yes,1,Yes,1,Yes,1,Yes,1,Yes,1,Yes,1,Yes,1,Yes,1,Yes,1,Yes,1,Yes,1,Yes,1,Yes,1,Yes,1,Yes,1,Yes,1,Yes,1,Yes,1,Yes,,0
540,Cyber Security,https://www.fortinet.com/resources/cyberglossary/cybersecurity-trends-2026,Cybersecurity Trends,1300,58,-,,,,,,,,,,,,,,,,,,,,,,,,,,,,,,,,,,,,,,,,-,No,-,No,-,No,-,No,-,,-,No,-,No,2,No,2,No,3,No,5,No,2,No,2,Yes,2,Yes,1,Yes,1,Yes,1,Yes,,0
541,Cyber Security,https://www.fortinet.com/resources/cyberglossary/cybersecurity-best-practices,Cybersecurity Best Practices,40500,67,-,,,,,,,,,,,,,,,,,,,,,,,,,,,,,,,,,,,,,,,,,,,,,,,,,,,,,,,,,,4,No,18,No,7,No,10,No,12,No,4,No,6,No,6,No,,0
542,SecOps,https://www.fortinet.com/resources/cyberglossary/what-is-mlsecops,Mlsecops,100,9,-,,,,,,,,,,,,,,,,,,,,,,,,,,,,,,,,,,,,,,,,,,,,,,,,,,,,,,,,,,-,No,-,No,-,No,-,No,-,No,-,No,-,No,-,No,#N/A,#VALUE!
543,Quantum Security,https://www.fortinet.com/resources/cyberglossary/quantum-cryptanalysis,Quantum Cryptanalysis,20,30,-,,,,,,,,,,,,,,,,,,,,,,,,,,,,,,,,,,,,,,,,,,,,,,,,,,,,,,,,,,3,No,3,No,4,No,4,No,4,No,4,No,4,No,1,No,,3
544,Cyber Security,https://www.fortinet.com/resources/cyberglossary/cybersecurity-risk,Cybersecurity Risks,590,54,-,,,,,,,,,,,,,,,,,,,,,,,,,,,,,,,,,,,,,,,,,,,,,,,,,,,,,,,,,,-,No,-,No,-,No,-,No,18,No,18,No,16,No,19,No,,-3
545,Quantum Security,https://www.fortinet.com/resources/cyberglossary/quantum-cryptography,Quantum Cryptography,18100,70,-,,,,,,,,,,,,,,,,,,,,,,,,,,,,,,,,,,,,,,,,,,,,,,,,,,,,,,,,,,65,No,42,No,-,No,-,No,13,No,4,No,28,No,9,No,,19
546,SecOps,https://www.fortinet.com/resources/cyberglossary/red-teaming,Red Teaming,6600,60,-,,,,,,,,,,,,,,,,,,,,,,,,,,,,,,,,,,,,,,,,,,,,,,,,,,,,,,,,,,,,,,,,19,No,17,No,24,No,16,No,16,No,,0
547,Data Security,https://www.fortinet.com/resources/cyberglossary/prompt-injection,Prompt Injection Attack,1000,75,-,,,,,,,,,,,,,,,,,,,,,,,,,,,,,,,,,,,,,,,,,,,,,,,,,,,,,,,,,,,,,,,,17,No,24,No,15,No,18,No,17,No,,1
548,Cyber Threats,https://www.fortinet.com/resources/cyberglossary/ai-risk-management,AI Risk Management,2800,59,-,,,,,,,,,,,,,,,,,,,,,,,,,,,,,,,,,,,,,,,,,,,,,,,,,,,,,,,,,,,,,,,,-,No,-,No,-,No,-,No,-,No,#N/A,#VALUE!
549,SASE,https://www.fortinet.com/resources/cyberglossary/sase,SASE Firewall,40,65,-,,,,,,,,,,,,,,,,,,,,,,,,,,,,,,,,,,,,,,,,,,,,,,,,,,,,,,,,,,,,,,,,,,15,No,1,Yes,1,Yes,2,Yes,,-1