,,,,,,,,,,,,,,,,,,,,,,,,,,,,,,,,,,,,,,,,,,,,,,,,,,,,,,,,,,,,,,,,,,,,,,,,,,,,,,,,
,,,,,,,,,,,,,,,,,,,,,,,,,,,,,,,,,,,,,,,,,,,,,,,,,,,,,,,,,,,,,,,,,,,,,,,,,,,,,,,,
,,,,,,,,,,,,,,,,,,,,,,,,,,,,,,,,,,,,,,,,,,,,,,,,,,,,,,,,,,,,,,,,,,,,,,,,,,,,,,,,
,,,,,,2026 Wk1,AIO,2026 Wk2,AIO,2026 Wk3,AIO,2026 Wk4,AIO,2026 Wk5,AIO,2026 Wk6,AIO,2026 Wk7,AIO,2026 Wk8,AIO,2026 Wk9,AIO,2026 Wk10,AIO,2026 Wk11,AIO,2026 Wk12,AIO,2026 Wk13,AIO,2026 Wk14,AIO,2026 Wk15,AIO,2026 Wk16,AIO,2026 Wk17,AIO,2026 Wk18,AIO,2026 Wk19,AIO,2026 Wk20,AIO,2026 Wk21,AIO,2026 Wk22,AIO,2026 Wk23,AIO,2026 Wk24,AIO,2026 Wk25,AIO,2026 Wk26,AIO,2026 Wk27,AIO,2026 Wk28,AIO,2026 Wk29,AIO,2026 Wk30,AIO,2026 Wk31,AIO,2026 Wk32,AIO,2026 Wk33,AIO,2026 Wk34,AIO,2026 Wk35,AIO,2026 Wk36,AIO,Trendline,Key Metrics,
,,,# of keywords on position 1,,,91,,90,,127,,102,,102,,110,,112,,103,,107,,105,,104,,113,,106,,115,,115,,118,,120,,119,,123,,126,,130,,125,,123,,127,,112,,117,,113,,120,,113,,115,,116,,112,,110,,111,,114,,112,,,# of keywords on page 1,
,,,# of keywords on position 2 & 3,,,102,,110,,78,,105,,101,,85,,103,,128,,111,,122,,133,,132,,133,,140,,157,,139,,146,,118,,133,,123,,119,,108,,106,,98,,109,,105,,98,,102,,111,,123,,117,,119,,111,,110,,103,,116,,,# of keywords on page 2,
,,,# of keywords on position 4 to 10,,,181,,160,,157,,177,,194,,191,,202,,204,,223,,215,,215,,210,,204,,197,,188,,179,,164,,185,,161,,161,,169,,177,,170,,176,,171,,182,,183,,169,,169,,162,,158,,167,,176,,186,,193,,171,,,# of keywords on page 3,
,,,# of keywords on page 1,,,374,,360,,362,,384,,397,,386,,417,,435,,441,,442,,452,,455,,443,,452,,460,,436,,430,,422,,417,,410,,418,,410,,399,,401,,392,,404,,394,,391,,393,,400,,391,,398,,397,,407,,410,,399,,,# of keywords on > page 3,
,,,# of keywords on page 2 & 3,,,65,,78,,75,,94,,82,,93,,62,,49,,43,,39,,30,,32,,42,,35,,26,,50,,62,,68,,74,,82,,75,,83,,91,,88,,90,,83,,92,,93,,91,,84,,92,,86,,94,,87,,83,,100,,,# of keywords on position 1,
,,,# of keywords on page 4 & 10,,,5,,6,,8,,7,,6,,7,,7,,2,,2,,5,,4,,3,,6,,4,,5,,5,,3,,5,,4,,3,,2,,2,,5,,5,,10,,8,,9,,10,,10,,15,,15,,14,,11,,13,,14,,8,,,# of keywords on page 4 & 10,
,,,# of keywords wihtout ranking,,,7,,7,,6,,7,,7,,6,,6,,6,,6,,6,,6,,5,,4,,4,,9,,9,,5,,5,,5,,5,,6,,6,,6,,7,,9,,6,,6,,7,,7,,7,,7,,8,,7,,3,,3,,3,,,# of keywords wihtout ranking,
,,,# of AIO keywords ranking,,,110,,101,,120,,133,,145,,134,,136,,144,,127,,139,,131,,139,,137,,159,,176,,186,,195,,202,,199,,211,,201,,187,,196,,190,,209,,206,,203,,198,,181,,162,,162,,162,,170,,174,,168,,173,,,# of AIO keywords ranking,
,,,Total # of keywords,,,451,,451,,451,,492,,492,,492,,492,,492,,492,,492,,492,,495,,495,,495,,500,,500,,500,,500,,500,,500,,501,,501,,501,,501,,501,,501,,501,,501,,501,,506,,505,,506,,509,,510,,510,,510,,,Total # of keywords,
,,,,,,,,,,,,,,,,,,,,,,,,,,,,,,,,,,,,,,,,,,,,,,,,,,,,,,,,,,,,,,,,,,,,,,,,,,,,,,,,
,,,,,,,,,,,,,,,,,,,,,,,,,,,,,,,,,,,,,,,,,,,,,,,,,,,,,,,,,,,,,,,,,,,,,,,,,,,,,,,,
,,,,,,,,,,,,,,,,,,,,,,,,,,,,,,,,,,,,,,,,,,,,,,,,,,,,,,,,,,,,,,,,,,,,,,,,,,,,,,,,
S.No,URLs,Categories,Keywords,SV,KD,2026 Wk1,AIO,2026 Wk2,AIO,2026 Wk3,AIO,2026 Wk4,AIO,2026 Wk5,AIO,2026 Wk6,AIO,2026 Wk7,AIO,2026 Wk8,AIO,2026 Wk9,AIO,2026 Wk10,AIO,2026 Wk11,AIO,2026 Wk12,AIO,2026 Wk13,AIO,2026 Wk14,AIO,2026 Wk15,AIO,2026 Wk16,AIO,2026 Wk17,AIO,2026 Wk18,AIO,2026 Wk19,AIO,2026 Wk20,AIO,2026 Wk21,AIO,2026 Wk22,AIO,2026 Wk23,AIO,2026 Wk24,AIO,2026 Wk25,AIO,2026 Wk26,AIO,2026 Wk27,AIO,2026 Wk28,AIO,2026 Wk29,AIO,2026 Wk30,AIO,2026 Wk31,AIO,2026 Wk32,AIO,2026 Wk33,AIO,2026 Wk34,AIO,2026 Wk35,AIO,2026 Wk36,AIO,Trendline,Current vs Previous week,Baseline vs Current Week
1,https://www.fortinet.com/resources/cyberglossary/aiops-future-of-it-operations,AI Security,AIOPS,1300,69,16,No,16,No,17,No,17,No,18,No,13,No,14,No,16,No,23,No,13,No,8,No,16,No,15,No,17,No,17,No,19,No,16,No,23,No,27,No,21,No,19,No,25,No,24,No,21,No,17,No,18,No,13,No,17,No,24,No,20,No,23,No,25,No,26,No,24,No,12,No,28,No,,-16,#REF!
2,https://www.fortinet.com/resources/cyberglossary/ai-data-centers,AI Security,AI Data Center,2900,36,65,No,65,No,70,No,72,No,58,No,58,No,58,No,58,No,58,No,52,No,61,No,61,No,61,No,19,No,6,No,22,No,23,No,20,No,23,No,21,No,14,No,12,No,11,No,28,No,20,No,13,No,13,No,15,No,24,No,2,Yes,2,Yes,2,Yes,2,No,2,No,2,No,2,No,,0,#REF!
3,https://www.fortinet.com/resources/cyberglossary/aws-compliance,Cloud Security,AWS Compliance,590,69,15,No,12,No,11,No,11,No,23,No,19,No,23,No,13,No,8,No,7,No,10,No,11,No,13,No,10,No,9,No,6,No,5,No,5,No,5,No,6,No,8,No,5,No,5,No,5,No,5,No,7,No,8,No,6,No,8,No,2,No,3,Yes,4,Yes,3,No,3,No,2,No,2,No,,0,#REF!
4,https://www.fortinet.com/resources/cyberglossary/virtual-cloud-network,Cloud Security,Virtual Cloud Network,70,49,2,No,6,No,2,No,4,No,4,No,4,No,4,No,2,No,2,No,4,No,4,No,4,No,4,No,3,No,3,No,2,No,3,Yes,3,Yes,3,Yes,2,Yes,1,Yes,1,Yes,1,Yes,1,Yes,2,Yes,2,Yes,4,Yes,2,Yes,4,No,10,No,11,No,12,No,10,No,12,No,10,No,13,No,,-3,#REF!
5,https://www.fortinet.com/resources/cyberglossary/cloud-infrastructure,Cloud Security,Cloud Infrastructure,3600,57,2,Yes,6,No,6,No,7,No,7,No,7,No,7,No,8,No,5,No,7,No,7,No,7,No,5,No,8,No,4,No,8,No,9,Yes,11,No,12,No,14,No,11,No,13,No,14,No,17,No,16,No,16,No,17,No,15,No,23,No,17,No,17,No,13,No,7,No,18,No,17,No,20,No,,-3,#REF!
6,https://www.fortinet.com/resources/cyberglossary/what-is-hybrid-cloud,Cloud Security,Hybrid Cloud,4400,62,13,No,20,No,21,No,18,No,18,No,16,No,14,No,11,No,11,No,13,No,13,No,11,No,16,No,13,No,9,No,12,No,15,No,14,No,13,Yes,13,No,13,No,17,No,12,No,14,No,16,No,18,No,18,No,18,No,20,No,17,No,22,No,24,No,23,No,22,No,21,No,28,No,,-7,#REF!
7,https://www.fortinet.com/resources/cyberglossary/hybrid-cloud-security,Cloud Security,Hybrid Cloud Security,1300,31,4,No,3,No,1,No,2,No,6,No,4,No,4,No,5,No,5,No,5,No,8,No,7,No,10,No,8,No,2,No,4,No,6,No,3,No,2,No,3,No,10,No,10,No,5,Yes,5,No,4,Yes,2,No,6,No,4,No,6,No,11,No,10,No,10,No,10,No,10,No,10,No,10,No,,0,#REF!
8,https://www.fortinet.com/resources/cyberglossary/cloud-security-posture-management,Cloud Security,CSPM,5400,26,15,No,11,No,20,No,28,No,29,Yes,16,No,11,No,6,No,3,No,4,No,5,No,4,No,6,No,6,Yes,4,No,11,No,18,No,22,No,14,No,7,No,7,No,10,No,6,No,5,No,23,No,26,No,19,No,12,No,13,Yes,5,Yes,7,Yes,8,Yes,7,No,6,No,6,No,7,No,,-1,#REF!
9,https://www.fortinet.com/resources/cyberglossary/what-is-cloud-native,Cloud Security,Cloud NATive,2900,81,41,No,34,No,35,No,46,No,42,No,27,No,32,No,14,No,5,Yes,3,No,22,No,9,No,33,No,28,No,32,No,16,No,26,No,35,No,35,No,30,No,30,No,38,No,41,No,44,No,36,No,38,No,42,No,40,No,43,No,8,No,10,No,9,No,6,No,7,No,8,No,12,No,,-4,#REF!
10,https://www.fortinet.com/resources/cyberglossary/secure-web-gateways,Cloud Security,Secure Web Gateway,4400,60,5,Yes,7,No,9,No,6,No,5,No,10,No,4,No,7,No,6,No,10,No,7,No,5,No,2,Yes,6,Yes,7,No,8,No,10,No,7,No,8,No,7,Yes,8,No,8,No,8,No,8,No,8,No,7,Yes,7,No,6,Yes,9,Yes,4,Yes,4,Yes,4,Yes,5,No,6,No,6,No,4,No,,2,#REF!
11,https://www.fortinet.com/resources/cyberglossary/cloud-security-tools,Cloud Security,Cloud Security Tools,2900,23,5,No,7,Yes,2,Yes,4,Yes,3,Yes,5,No,4,Yes,3,Yes,2,No,6,Yes,5,Yes,4,No,3,Yes,1,Yes,3,Yes,4,Yes,3,Yes,4,Yes,2,Yes,4,Yes,3,Yes,4,No,4,No,4,No,3,Yes,4,No,5,Yes,3,Yes,4,No,6,No,6,No,6,No,5,Yes,6,Yes,6,Yes,7,No,,-1,#REF!
12,https://www.fortinet.com/resources/cyberglossary/cloud-security-architecture,Cloud Security,Cloud Security Architecture,2400,33,7,No,6,No,6,No,6,No,9,Yes,11,No,8,No,9,No,8,No,6,No,5,Yes,6,No,7,No,5,No,6,No,8,No,8,No,9,No,9,No,10,Yes,9,No,10,No,14,No,15,No,11,No,10,No,16,No,11,Yes,12,Yes,6,Yes,5,No,5,Yes,7,No,7,No,8,No,8,No,,0,#REF!
13,https://www.fortinet.com/resources/cyberglossary/cloud-security-best-practices,Cloud Security,Cloud Security Best Practices,3600,50,6,No,8,No,8,No,12,No,17,No,14,No,14,No,8,No,4,Yes,3,Yes,4,Yes,10,No,4,Yes,4,Yes,8,Yes,4,Yes,6,Yes,20,No,18,No,18,No,18,No,21,No,20,No,13,No,8,Yes,5,Yes,22,Yes,10,No,18,No,17,No,17,No,14,No,16,No,19,No,18,No,21,No,,-3,#REF!
14,https://www.fortinet.com/resources/cyberglossary/multi-cloud-security,Cloud Security,Multi Cloud Security,320,27,9,No,6,No,11,No,11,No,9,No,8,No,9,No,8,No,4,No,5,Yes,4,Yes,3,Yes,2,Yes,5,Yes,5,Yes,4,Yes,9,Yes,10,No,12,No,9,No,10,No,9,No,10,No,11,No,3,No,3,No,2,No,4,No,5,No,18,No,18,No,17,No,17,No,18,No,16,No,16,No,,0,#REF!
15,https://www.fortinet.com/resources/cyberglossary/cloud-native-firewalls,NGFW/firewall,Cloud Native Firewall,50,38,1,Yes,1,Yes,1,Yes,41,Yes,41,Yes,41,Yes,41,Yes,28,Yes,28,No,28,No,28,No,41,No,43,No,43,No,14,No,43,No,77,No,61,No,69,No,69,No,69,No,69,No,51,No,52,No,60,No,40,No,45,No,5,No,7,Yes,20,Yes,17,Yes,23,No,17,No,22,No,18,No,18,No,,0,#REF!
16,https://www.fortinet.com/resources/cyberglossary/cloud-application-security,Cloud Security,Cloud Application Security,1000,20,,,,,,,1,No,1,No,1,No,1,No,1,No,2,No,3,No,3,No,2,No,3,No,3,No,3,No,2,No,2,No,2,No,2,No,2,No,3,No,2,No,3,No,3,No,3,No,5,No,6,No,5,No,7,Yes,8,No,6,No,10,No,6,Yes,8,Yes,4,Yes,4,Yes,,0,#REF!
17,https://www.fortinet.com/resources/cyberglossary/public-vs-private-cloud,Cloud Security,Private Cloud Vs Public Cloud,3600,28,,,,,,,,,,,,,,,,,,,,,,,,,,,-,No,-,No,-,No,-,No,-,No,-,No,-,No,-,No,-,No,-,No,-,No,38,No,32,No,33,No,22,No,24,No,21,No,18,No,9,No,23,No,20,No,11,No,15,No,,-4,#REF!
18,https://www.fortinet.com/resources/cyberglossary/distributed-firewall,NGFW/firewall,Distributed Firewall,50,22,2,No,2,No,1,No,2,No,2,Yes,2,Yes,2,Yes,2,Yes,2,Yes,2,Yes,2,Yes,2,No,2,No,2,No,3,No,3,No,3,No,1,No,2,No,3,No,2,No,2,No,2,No,2,No,2,No,2,No,4,No,3,No,6,No,22,No,23,No,27,No,26,No,27,No,24,No,26,No,,-2,#REF!
19,https://www.fortinet.com/resources/cyberglossary/stateful-firewall,NGFW/firewall,Stateful Firewall,1600,31,2,Yes,2,Yes,1,Yes,1,Yes,1,Yes,2,No,2,No,4,No,5,No,4,No,4,No,3,No,4,No,6,Yes,3,Yes,3,Yes,3,Yes,2,Yes,3,Yes,4,Yes,3,Yes,3,Yes,3,Yes,3,Yes,5,Yes,5,Yes,7,Yes,4,Yes,6,No,34,No,38,No,42,No,44,No,45,No,41,No,37,No,,4,#REF!
20,https://www.fortinet.com/resources/cyberglossary/dns-firewall,NGFW/firewall,DNS Firewall,320,30,4,No,3,No,14,No,4,No,3,No,3,No,5,No,3,No,2,No,16,No,3,No,15,No,18,Yes,18,Yes,5,Yes,20,Yes,20,Yes,1,Yes,3,Yes,13,Yes,10,Yes,5,Yes,10,Yes,6,Yes,3,Yes,6,Yes,10,Yes,9,Yes,10,No,10,Yes,7,No,9,No,7,Yes,6,Yes,6,Yes,6,Yes,,0,#REF!
21,https://www.fortinet.com/resources/cyberglossary/firewall-design-principles,NGFW/firewall,Firewall Design Principles,20,21,2,No,2,No,2,No,2,No,2,No,2,No,2,No,2,No,2,No,2,No,2,No,2,No,2,No,2,No,2,No,4,No,7,No,5,No,3,No,8,No,5,No,7,No,6,No,3,No,6,No,2,No,2,No,2,No,19,Yes,9,Yes,9,Yes,15,Yes,12,No,12,No,11,No,9,No,,2,#REF!
22,https://www.fortinet.com/resources/cyberglossary/ot-security-best-practices,OT Security,OT Security Best Practices,140,19,7,Yes,7,Yes,8,Yes,1,Yes,1,Yes,1,Yes,1,Yes,2,Yes,2,Yes,2,Yes,5,Yes,1,Yes,2,Yes,2,Yes,2,Yes,2,Yes,1,Yes,2,Yes,1,Yes,1,Yes,1,Yes,1,Yes,1,Yes,1,Yes,1,Yes,1,Yes,2,Yes,8,Yes,19,Yes,3,Yes,3,No,2,Yes,2,Yes,3,No,3,No,4,No,,-1,#REF!
23,https://www.fortinet.com/resources/cyberglossary/ot-network-segmentation-and-microsegmentation,Cyber Compliance,OT Network Segmentation,140,6,1,No,1,No,1,No,13,No,6,No,6,No,3,No,3,No,4,No,4,No,3,No,3,No,3,No,2,No,2,No,2,No,2,No,2,No,2,No,2,No,3,No,25,No,2,No,2,No,2,No,2,No,2,No,2,No,3,No,8,Yes,14,No,10,Yes,13,No,11,No,10,No,4,No,,6,#REF!
24,https://www.fortinet.com/resources/cyberglossary/ics-scada,OT Security,ICS SCADA,90,14,4,Yes,5,Yes,1,Yes,1,Yes,1,Yes,1,Yes,1,Yes,1,Yes,1,Yes,1,Yes,1,Yes,1,Yes,2,No,7,No,7,No,7,No,3,No,5,No,4,No,2,No,4,No,4,No,4,No,5,No,3,Yes,3,Yes,3,Yes,3,Yes,5,No,9,Yes,19,Yes,21,Yes,25,No,24,No,25,No,23,No,,2,#REF!
25,https://www.fortinet.com/resources/cyberglossary/sase-benefits,SASE,SASE Benefits,720,17,6,No,5,No,8,No,8,No,6,No,2,No,3,No,3,No,2,No,1,No,1,No,1,No,1,No,2,No,3,No,4,No,11,No,3,No,2,No,2,No,2,No,2,No,2,No,2,No,2,No,2,No,8,No,5,No,7,No,1,No,1,No,1,No,1,No,1,No,1,No,1,No,,0,#REF!
26,https://www.fortinet.com/resources/cyberglossary/sd-wan-architecture,SASE,SD WAN Architecture,320,19,7,No,6,No,1,No,2,No,2,No,2,No,2,No,5,No,10,No,4,No,2,No,2,No,5,No,6,No,1,No,1,No,1,No,2,No,2,Yes,1,Yes,1,Yes,1,Yes,1,Yes,1,Yes,4,Yes,4,Yes,2,Yes,4,Yes,5,No,6,No,6,No,24,No,11,No,6,No,11,No,5,No,,6,#REF!
27,https://www.fortinet.com/resources/cyberglossary/sd-wan-costs,SASE,SD WAN Cost,110,9,3,Yes,3,Yes,1,Yes,1,Yes,1,Yes,1,Yes,1,Yes,2,No,3,No,5,No,7,No,8,No,8,No,8,No,7,No,4,No,4,Yes,5,Yes,4,Yes,3,Yes,3,Yes,4,Yes,14,Yes,14,No,6,No,1,No,4,No,3,No,7,No,5,No,7,No,7,No,4,No,7,No,7,No,11,Yes,,-4,#REF!
28,https://www.fortinet.com/resources/cyberglossary/zero-trust-architecture,ZTNA,Zero Trust Architecture,6600,78,42,No,45,No,45,No,39,No,34,No,24,No,32,No,4,No,19,No,17,Yes,14,No,15,No,13,No,8,Yes,9,No,13,No,14,No,35,No,46,No,24,No,22,No,32,No,36,No,51,No,53,No,55,No,53,No,42,Yes,50,No,6,Yes,6,Yes,6,Yes,4,Yes,4,Yes,3,No,3,No,,0,#REF!
29,https://www.fortinet.com/resources/cyberglossary/zero-trust-for-the-cloud,ZTNA,Zero Trust Cloud,390,48,,,,,,,11,Yes,9,Yes,10,Yes,10,Yes,14,Yes,15,No,2,No,8,No,6,No,6,No,6,No,3,No,10,No,11,No,9,No,9,No,7,No,6,No,17,No,11,No,22,No,21,No,19,No,36,No,26,No,36,No,5,No,3,No,4,No,6,No,4,No,5,No,11,No,,-6,#REF!
30,https://www.fortinet.com/resources/cyberglossary/vpn-wifi,VPN,Public Wifi,1000,52,6,Yes,12,Yes,9,Yes,9,Yes,7,Yes,9,No,6,No,3,No,5,No,3,No,5,No,4,No,4,No,4,Yes,5,Yes,5,Yes,6,Yes,7,Yes,5,Yes,3,Yes,4,Yes,3,Yes,4,Yes,4,Yes,6,Yes,7,Yes,7,Yes,7,Yes,9,Yes,6,Yes,3,Yes,4,Yes,7,No,10,No,9,No,11,No,,-2,#REF!
31,https://www.fortinet.com/resources/cyberglossary/threat-hunting,Cyber Threats,Threat Hunting,4400,40,19,No,22,No,23,No,26,No,25,No,17,No,20,No,18,No,20,No,21,No,20,No,19,No,18,No,19,No,14,No,8,No,7,No,7,No,12,No,19,No,24,No,13,No,9,No,12,No,11,No,15,No,12,No,14,No,17,No,4,No,4,No,20,No,19,No,16,No,17,No,20,No,,-3,#REF!
32,https://www.fortinet.com/resources/cyberglossary/information-security,Cyber Security,Information Security,1000,52,10,No,12,No,17,No,13,No,9,No,12,No,13,No,17,No,19,No,10,No,11,No,11,No,10,No,10,No,10,No,15,No,19,No,14,No,23,No,26,No,21,No,25,No,21,No,32,No,29,No,25,No,31,No,27,No,30,No,25,No,25,No,28,No,27,No,13,No,7,No,18,No,,-11,#REF!
33,https://www.fortinet.com/resources/cyberglossary/oauth,Access Control,OAUTH,12100,71,6,No,5,No,4,No,7,No,4,No,5,No,3,No,4,Yes,5,No,5,No,7,No,8,No,5,No,6,No,5,Yes,5,No,7,No,8,No,6,No,8,No,3,No,7,No,3,No,4,No,4,Yes,4,No,5,No,6,No,22,No,2,No,13,No,2,Yes,2,Yes,2,No,2,No,17,No,,-15,#REF!
34,https://www.fortinet.com/resources/cyberglossary/credential-stuffing,Cyber Security,Credential Stuffing,3600,55,5,No,8,No,5,No,8,No,7,Yes,4,Yes,6,Yes,3,Yes,5,No,5,Yes,2,No,3,Yes,5,No,2,Yes,4,No,5,No,4,Yes,5,Yes,7,No,9,No,5,No,6,No,4,Yes,6,No,4,Yes,5,Yes,5,Yes,4,Yes,6,Yes,4,Yes,3,Yes,4,Yes,4,Yes,2,No,4,No,4,No,,0,#REF!
35,https://www.fortinet.com/resources/cyberglossary/malvertising,Cyber Threats,Malvertising,1900,53,11,No,11,No,10,Yes,11,No,15,No,9,No,4,Yes,5,Yes,5,No,2,No,5,No,3,No,4,No,2,No,2,Yes,2,No,3,No,2,Yes,1,Yes,2,Yes,4,Yes,6,No,7,Yes,9,No,10,No,9,No,11,No,9,No,10,Yes,2,Yes,6,Yes,5,Yes,5,No,5,No,5,No,5,No,,0,#REF!
36,https://www.fortinet.com/resources/cyberglossary/edge-computing,OT Security,EDGE Computing,3600,67,22,No,20,No,16,No,19,No,21,No,20,No,20,No,12,No,11,No,11,No,8,No,8,No,9,No,9,No,12,No,15,No,18,No,21,No,22,No,19,No,11,No,21,No,19,No,7,No,20,No,23,No,16,No,23,No,28,Yes,29,Yes,30,Yes,19,Yes,25,No,2,No,28,No,28,No,,0,#REF!
37,https://www.fortinet.com/resources/cyberglossary/wannacry-ransomware-attack,Cyber Threats,Wannacry Ransomware Attack,2900,65,6,No,8,No,8,No,8,No,8,No,8,No,7,No,7,No,8,No,6,No,6,No,6,No,8,No,8,No,8,No,9,No,9,No,10,No,9,No,9,No,9,No,10,No,9,No,10,No,10,No,10,No,10,No,8,No,9,Yes,12,Yes,7,Yes,8,Yes,2,No,1,No,1,No,1,No,,0,#REF!
38,https://www.fortinet.com/resources/cyberglossary/authentication-vs-authorization,Access Control,Authentication Vs Authorization,3600,47,7,No,4,No,10,No,10,No,6,No,4,No,3,No,5,No,4,No,6,No,3,No,3,No,2,No,2,Yes,4,Yes,3,No,4,Yes,5,No,5,No,3,No,7,No,10,No,7,No,5,No,8,No,7,Yes,5,Yes,7,No,9,Yes,15,Yes,6,Yes,3,Yes,3,No,2,No,3,No,3,No,,0,#REF!
39,https://www.fortinet.com/resources/cyberglossary/email-spoofing,Email Security,Email Spoofing,2400,56,10,Yes,10,Yes,12,No,8,No,7,Yes,9,Yes,7,Yes,6,No,5,No,5,No,5,No,5,No,2,No,2,No,4,No,5,No,3,No,5,Yes,5,Yes,5,Yes,7,Yes,7,No,7,Yes,7,Yes,6,Yes,8,Yes,5,No,6,Yes,7,Yes,2,Yes,2,Yes,2,Yes,1,No,2,No,2,No,2,No,,0,#REF!
40,https://www.fortinet.com/resources/cyberglossary/cybersecurity-analytics,Data Security,Cybersecurity Analytics,480,28,16,Yes,20,Yes,21,Yes,20,Yes,10,Yes,8,Yes,17,Yes,10,Yes,10,Yes,4,Yes,3,Yes,6,Yes,2,Yes,4,Yes,2,Yes,2,Yes,2,Yes,3,Yes,4,No,5,No,2,No,5,No,5,No,7,No,8,No,14,No,11,No,4,No,6,No,2,No,2,No,2,No,1,No,1,No,1,Yes,1,Yes,,0,#REF!
41,https://www.fortinet.com/resources/cyberglossary/worm-virus,Cyber Threats,Worm Virus,1300,38,3,No,3,No,1,No,1,No,1,Yes,2,Yes,1,Yes,2,Yes,2,Yes,2,Yes,3,Yes,2,Yes,3,Yes,3,Yes,2,Yes,2,Yes,2,Yes,2,Yes,2,Yes,2,Yes,2,Yes,2,Yes,2,Yes,3,Yes,2,Yes,2,Yes,2,Yes,2,Yes,3,Yes,3,No,3,No,3,No,3,No,6,No,4,No,3,No,,1,#REF!
42,https://www.fortinet.com/resources/cyberglossary/computer-virus,Cyber Threats,Computer Viruses,2400,49,4,No,4,No,3,No,4,Yes,5,Yes,3,Yes,3,Yes,2,Yes,5,No,4,Yes,4,No,3,No,5,No,5,No,2,No,2,Yes,2,Yes,3,Yes,3,Yes,3,Yes,3,No,3,Yes,4,Yes,4,No,5,Yes,4,Yes,4,Yes,3,Yes,5,Yes,6,Yes,31,Yes,12,Yes,6,No,3,No,6,Yes,7,Yes,,-1,#REF!
43,https://www.fortinet.com/resources/cyberglossary/vpn-blocker,VPN,VPN Blocker,2900,68,2,Yes,4,Yes,5,No,5,No,5,No,4,No,3,Yes,3,No,5,No,7,No,4,No,2,Yes,2,Yes,3,No,4,Yes,3,Yes,2,Yes,4,Yes,2,Yes,2,Yes,3,Yes,3,Yes,3,Yes,3,Yes,3,Yes,4,Yes,5,Yes,4,Yes,5,Yes,6,No,5,No,4,No,3,Yes,3,Yes,2,Yes,3,No,,-1,#REF!
44,https://www.fortinet.com/resources/cyberglossary/dns-poisoning,Cyber Threats,DNS Poisioning,20,42,2,No,3,No,2,No,3,No,2,No,2,No,1,No,2,No,3,No,2,No,3,No,2,No,2,No,2,No,2,No,2,No,2,No,2,No,2,No,3,No,3,No,3,No,3,No,3,No,2,No,2,No,2,No,2,No,4,No,2,No,2,No,2,No,4,No,4,No,4,No,5,No,,-1,#REF!
45,https://www.fortinet.com/resources/cyberglossary/cyber-warfare,Cyber Threats,Cyberwarfare,1600,55,5,No,7,No,5,No,4,No,6,No,6,No,5,No,6,No,7,No,5,No,4,No,6,No,4,No,5,No,4,No,3,No,3,Yes,3,Yes,3,Yes,2,Yes,2,Yes,2,Yes,3,Yes,4,No,6,Yes,5,No,6,Yes,4,Yes,5,No,2,No,2,No,2,No,2,Yes,4,Yes,4,No,3,No,,1,#REF!
46,https://www.fortinet.com/resources/cyberglossary/indicators-of-compromise,Cyber Threats,Indicators Of Compromise,4400,51,2,Yes,1,Yes,1,No,2,Yes,2,Yes,3,No,2,Yes,2,Yes,3,No,3,No,2,No,2,No,2,No,2,Yes,2,Yes,2,Yes,2,Yes,2,Yes,2,Yes,2,Yes,2,Yes,2,No,3,No,3,No,2,No,1,Yes,1,Yes,1,No,2,No,1,No,2,No,2,No,2,No,3,No,2,No,2,Yes,,0,#REF!
47,https://www.fortinet.com/resources/cyberglossary/file-transfer-protocol-ftp-meaning,Cyber Security,File Transfer Protocol,1600,49,3,No,3,No,3,No,3,No,2,No,2,No,2,No,2,No,3,No,3,No,3,No,3,No,3,No,3,No,2,No,2,No,2,No,2,No,2,No,2,No,3,No,3,No,4,No,3,No,3,No,4,No,4,No,3,No,4,No,2,No,2,No,2,No,5,No,5,No,5,No,5,No,,0,#REF!
48,https://www.fortinet.com/resources/cyberglossary/kerberos-authentication,Network Security,Kerberos Authentication,1900,43,2,Yes,2,Yes,3,Yes,2,No,2,Yes,1,No,1,Yes,1,Yes,1,No,2,No,2,No,3,No,2,No,1,Yes,1,No,1,Yes,2,No,3,Yes,1,No,1,Yes,3,No,4,No,3,No,1,No,2,No,1,No,1,No,1,No,2,Yes,14,Yes,5,Yes,14,Yes,14,Yes,10,Yes,7,Yes,13,Yes,,-6,#REF!
49,https://www.fortinet.com/resources/cyberglossary/network-address-translation,Cyber Security,What Is NAT,4400,48,2,Yes,2,Yes,6,No,6,No,5,No,5,Yes,4,Yes,2,Yes,6,Yes,2,Yes,3,No,2,Yes,2,Yes,3,Yes,2,Yes,5,No,6,Yes,7,No,4,Yes,6,Yes,6,No,7,No,6,No,5,No,4,Yes,5,Yes,4,Yes,5,No,6,No,2,Yes,4,Yes,2,Yes,2,No,3,No,2,No,2,No,,0,#REF!
50,https://www.fortinet.com/resources/cyberglossary/what-is-an-ips,Network Security,What Is An IPS,720,38,2,Yes,13,Yes,11,Yes,14,Yes,15,Yes,12,Yes,15,Yes,12,Yes,6,Yes,2,Yes,2,Yes,2,Yes,1,Yes,1,Yes,1,Yes,1,Yes,1,Yes,1,Yes,1,Yes,1,Yes,1,Yes,1,Yes,1,Yes,1,Yes,2,Yes,4,Yes,14,No,6,No,7,Yes,3,Yes,3,Yes,5,Yes,5,No,8,No,4,Yes,4,Yes,,0,#REF!
51,https://www.fortinet.com/resources/cyberglossary/hardware-security-module,Network Security,What Is HSM,14800,71,9,No,7,Yes,7,Yes,10,No,11,No,8,Yes,6,No,8,No,6,No,13,No,13,No,12,No,11,No,10,No,9,No,11,No,11,No,15,No,14,No,15,No,1,No,6,No,15,No,5,No,1,Yes,2,Yes,6,Yes,2,Yes,3,No,2,No,2,No,2,No,3,No,2,No,2,No,2,No,,0,#REF!
52,https://www.fortinet.com/resources/cyberglossary/what-is-ethernet-switching,Network Security,Ethernet Switching,260,33,6,No,5,No,3,No,6,No,9,No,6,No,5,No,3,No,5,Yes,4,Yes,4,Yes,5,Yes,7,Yes,7,Yes,3,No,1,No,1,No,1,No,1,No,1,No,3,No,4,No,5,No,7,No,6,No,3,No,9,Yes,9,Yes,14,No,19,No,19,No,19,No,9,No,7,No,6,No,6,No,,0,#REF!
53,https://www.fortinet.com/resources/cyberglossary/buffer-overflow,Cyber Threats,Buffer Overflow,2900,56,2,Yes,3,Yes,2,Yes,2,No,2,No,2,No,3,No,2,No,3,Yes,3,No,3,No,4,No,3,No,3,No,3,No,2,Yes,3,No,3,No,3,Yes,2,Yes,2,Yes,2,No,2,Yes,2,Yes,2,Yes,1,Yes,1,Yes,1,Yes,2,Yes,2,Yes,2,Yes,2,Yes,2,No,3,Yes,2,No,2,No,,0,#REF!
54,https://www.fortinet.com/resources/cyberglossary/internet-control-message-protocol-icmp,Cyber Security,ICMP,12100,75,3,No,4,Yes,4,Yes,4,No,5,Yes,2,Yes,2,Yes,3,Yes,5,No,4,No,4,No,2,Yes,3,Yes,3,Yes,4,Yes,2,Yes,2,Yes,4,Yes,4,Yes,5,Yes,2,Yes,2,Yes,3,No,4,No,2,Yes,2,Yes,3,Yes,5,No,6,No,6,No,6,No,6,No,6,No,5,No,6,No,5,Yes,,1,#REF!
55,https://www.fortinet.com/resources/cyberglossary/fault-tolerance,Cyber Security,Fault Tolerance,2400,44,3,Yes,2,Yes,1,Yes,2,No,2,No,2,No,2,No,3,Yes,6,No,4,No,3,No,4,No,3,No,4,No,3,Yes,3,Yes,3,Yes,3,Yes,3,Yes,3,Yes,3,Yes,3,Yes,2,Yes,2,Yes,2,Yes,2,Yes,2,Yes,3,No,4,No,2,No,2,No,2,No,4,No,3,No,2,No,2,No,,0,#REF!
56,https://www.fortinet.com/resources/cyberglossary/dns-protection,Network Security,DNS Protection,590,47,1,Yes,1,Yes,1,Yes,1,Yes,1,Yes,1,Yes,1,Yes,1,No,1,No,1,No,1,No,1,No,1,No,1,No,1,No,1,Yes,1,Yes,1,Yes,1,Yes,4,Yes,2,Yes,2,Yes,2,Yes,5,Yes,11,Yes,10,Yes,10,Yes,9,Yes,12,No,4,No,4,No,4,No,7,No,9,No,7,No,13,No,,-6,#REF!
57,https://www.fortinet.com/resources/cyberglossary/data-leak,Data Security,Data Leak,4400,65,6,No,5,No,9,No,6,No,7,No,7,No,7,Yes,8,Yes,8,No,8,No,7,No,6,No,6,No,7,No,8,No,5,No,4,Yes,6,No,6,Yes,7,No,7,No,5,Yes,6,No,7,No,8,Yes,8,Yes,6,Yes,6,Yes,7,No,4,No,8,No,4,No,4,Yes,4,No,4,Yes,7,No,,-3,#REF!
58,https://www.fortinet.com/resources/cyberglossary/latency,Network Security,Latency,33100,67,5,No,5,No,6,No,6,No,9,No,7,No,5,No,5,No,5,No,5,No,4,No,4,No,5,Yes,4,No,2,Yes,5,Yes,4,Yes,3,Yes,3,Yes,5,Yes,3,Yes,5,Yes,5,Yes,5,No,4,No,5,No,5,Yes,4,Yes,5,No,4,No,3,No,4,No,45,Yes,13,Yes,12,No,14,Yes,,-2,#REF!
59,https://www.fortinet.com/resources/cyberglossary/catfishing,Cyber Threats,What Is Catfishing,8100,48,2,Yes,3,No,4,No,3,No,3,No,2,Yes,3,Yes,2,Yes,2,No,2,Yes,2,No,2,No,1,Yes,1,No,1,Yes,1,Yes,1,Yes,2,Yes,2,Yes,2,Yes,2,Yes,2,No,2,No,2,Yes,2,Yes,2,No,2,Yes,2,Yes,3,No,3,No,3,No,2,No,2,Yes,2,Yes,2,No,3,No,,-1,#REF!
60,https://www.fortinet.com/resources/cyberglossary/smb-cyberattacks,Cyber Threats,Cyber Attacks On Small Business,0,51,1,No,1,No,1,No,1,No,1,No,1,No,1,No,1,No,1,No,1,No,1,No,1,No,1,No,1,No,1,No,1,No,1,No,1,No,1,No,1,No,1,No,1,No,1,No,1,No,6,No,7,No,3,No,3,No,4,No,25,No,27,No,19,No,17,No,28,No,40,No,22,No,,18,#REF!
61,https://www.fortinet.com/resources/cyberglossary/ping-of-death,Cyber Threats,Ping Of Death,880,30,3,No,5,No,3,No,3,No,5,Yes,5,Yes,4,Yes,4,Yes,5,Yes,3,Yes,4,Yes,4,Yes,3,Yes,4,Yes,2,Yes,4,Yes,5,Yes,5,Yes,2,Yes,3,Yes,3,Yes,3,No,5,No,6,No,5,No,5,No,4,No,5,No,6,Yes,4,Yes,4,Yes,4,Yes,4,No,1,No,1,No,1,No,,0,#REF!
62,https://www.fortinet.com/resources/cyberglossary/security-service-edge-sse,SASE,What Is SSE,1300,20,13,No,12,No,13,No,14,No,16,No,16,No,15,No,9,No,9,No,10,No,8,No,5,Yes,6,Yes,8,Yes,9,Yes,6,Yes,4,Yes,4,Yes,3,Yes,3,Yes,5,Yes,7,Yes,8,No,6,No,3,No,6,No,5,Yes,3,No,7,Yes,14,No,16,No,20,No,14,Yes,11,No,9,Yes,12,Yes,,-3,#REF!
63,https://www.fortinet.com/resources/cyberglossary/mobile-app-security,Cyber Security,Mobile App Security,1600,20,1,No,1,No,1,No,1,Yes,1,No,1,No,1,No,1,No,1,No,1,Yes,1,Yes,1,Yes,2,Yes,1,No,2,Yes,2,Yes,2,Yes,2,Yes,3,Yes,3,Yes,4,No,4,No,4,No,5,No,5,No,3,Yes,5,No,4,No,5,Yes,2,Yes,2,Yes,2,Yes,3,No,3,No,2,No,2,No,,0,#REF!
64,https://www.fortinet.com/resources/cyberglossary/peer-to-peer-p2p-vpn,Cyber Threats,P2P VPN,3600,43,1,No,1,No,1,Yes,1,No,1,Yes,1,No,1,No,1,No,1,Yes,2,Yes,4,Yes,6,Yes,7,No,4,Yes,4,Yes,5,Yes,3,Yes,3,Yes,3,Yes,4,Yes,4,No,3,No,3,No,3,Yes,3,Yes,5,Yes,5,Yes,4,Yes,11,Yes,2,Yes,1,Yes,1,Yes,1,Yes,1,No,1,No,1,Yes,,0,#REF!
65,https://www.fortinet.com/resources/cyberglossary/runtime-application-self-protection-rasp,Cyber Security,Runtime Application Self-Protection,320,32,6,Yes,5,Yes,3,No,6,Yes,6,Yes,6,Yes,6,Yes,5,Yes,6,Yes,3,Yes,5,Yes,1,Yes,1,Yes,4,Yes,5,Yes,5,No,5,No,4,No,4,No,6,No,8,No,9,No,7,No,8,No,9,No,9,No,8,No,8,No,9,No,3,No,7,No,8,No,8,No,8,No,8,No,7,No,,1,#REF!
66,https://www.fortinet.com/resources/cyberglossary/enterprise-security,Cyber Security,Enterprise Security,2400,43,3,No,3,No,3,Yes,3,No,3,No,3,Yes,2,Yes,2,Yes,3,No,3,Yes,2,No,2,No,3,No,3,Yes,4,Yes,3,Yes,3,Yes,2,No,3,Yes,3,No,3,Yes,3,Yes,3,No,3,No,4,Yes,4,Yes,4,No,3,Yes,4,Yes,2,Yes,2,Yes,2,Yes,2,Yes,2,No,2,No,2,Yes,,0,#REF!
67,https://www.fortinet.com/resources/cyberglossary/cryptojacking,Cyber Threats,Cryptojacking,1600,56,3,No,2,No,5,No,5,No,5,No,8,No,6,No,6,No,5,No,6,No,6,No,2,Yes,5,No,4,No,5,Yes,3,Yes,2,Yes,3,Yes,6,Yes,8,No,6,No,7,No,8,No,9,No,8,No,7,No,8,No,7,No,8,Yes,5,Yes,10,Yes,7,Yes,6,No,6,No,9,Yes,15,No,,-6,#REF!
68,https://www.fortinet.com/resources/cyberglossary/smishing,Cyber Threats,Smishing,18100,52,4,Yes,8,No,7,No,5,Yes,6,Yes,5,No,5,No,5,No,7,No,5,No,6,No,4,No,4,No,4,No,3,No,5,No,5,Yes,8,No,8,No,10,No,11,No,11,No,11,No,11,No,11,No,9,No,8,No,8,Yes,9,Yes,5,Yes,5,No,7,No,3,No,3,No,3,No,3,No,,0,#REF!
69,https://www.fortinet.com/resources/cyberglossary/shadow-it,Cyber Threats,Shadow It,3600,50,8,No,11,No,11,No,12,No,6,No,13,No,10,No,8,No,12,No,11,No,7,No,8,No,7,No,10,No,5,No,13,No,10,No,12,No,12,No,8,No,13,No,19,No,22,No,17,No,23,No,21,No,15,No,19,No,23,No,21,No,22,No,17,No,18,No,14,No,5,Yes,7,Yes,,-2,#REF!
70,https://www.fortinet.com/resources/cyberglossary/data-center,Cyber Security,What Is Data Center,590,52,11,No,8,No,6,No,5,No,8,No,4,No,4,No,4,No,5,No,5,No,3,No,4,No,2,No,2,Yes,3,Yes,4,Yes,7,Yes,5,Yes,6,Yes,7,Yes,7,Yes,7,No,8,No,8,No,8,No,8,No,5,No,5,No,6,No,3,No,2,No,3,No,12,No,4,No,2,No,15,No,,-13,#REF!
71,https://www.fortinet.com/resources/cyberglossary/data-integrity,Network Security,Data Integrity,5400,55,3,Yes,7,No,6,No,6,No,4,Yes,6,No,7,No,4,Yes,8,No,7,No,5,No,7,No,8,No,6,No,3,No,8,Yes,4,No,2,Yes,3,No,5,No,5,No,5,No,5,No,6,No,3,No,4,No,4,No,2,Yes,4,No,5,No,5,No,7,No,8,No,6,No,7,No,7,No,,0,#REF!
72,https://www.fortinet.com/resources/cyberglossary/wardriving,Cyber Threats,Wardriving,1900,44,4,No,3,No,1,No,1,No,1,No,1,No,1,Yes,2,Yes,4,Yes,3,Yes,2,Yes,3,Yes,2,Yes,2,Yes,4,No,4,No,2,No,3,No,3,No,3,No,4,No,4,No,4,Yes,5,Yes,4,Yes,4,Yes,3,Yes,3,Yes,4,Yes,4,Yes,3,Yes,3,Yes,3,No,4,No,3,Yes,3,No,,0,#REF!
73,https://www.fortinet.com/resources/cyberglossary/ssl-vpn,VPN,SSL VPN,4400,55,1,No,1,Yes,1,Yes,1,No,1,No,1,No,1,No,1,Yes,1,No,2,Yes,5,Yes,4,Yes,3,Yes,3,No,3,Yes,3,Yes,3,No,4,Yes,3,Yes,3,Yes,2,Yes,2,No,2,Yes,1,Yes,1,Yes,1,No,1,No,4,Yes,5,Yes,4,Yes,6,Yes,5,Yes,5,Yes,4,Yes,4,Yes,4,Yes,,0,#REF!
74,https://www.fortinet.com/resources/cyberglossary/snort,Network Security,Snort,6600,66,9,No,9,No,9,No,9,No,8,No,9,No,9,No,7,No,8,No,8,No,6,No,5,No,5,No,6,Yes,7,No,5,No,7,Yes,9,No,9,No,9,No,9,No,9,No,9,No,8,No,6,No,6,No,7,No,5,No,8,No,10,No,13,Yes,7,No,13,No,14,No,12,No,9,No,,3,#REF!
75,https://www.fortinet.com/resources/cyberglossary/zero-day-attack,Cyber Threats,Zero-Day Attack,1000,50,11,No,14,No,13,No,17,No,9,No,12,No,12,No,12,No,10,No,12,No,3,No,5,No,17,No,2,No,2,No,6,No,11,No,6,No,2,No,3,No,4,No,2,No,3,Yes,2,Yes,2,Yes,2,Yes,2,Yes,1,Yes,3,No,3,No,3,No,2,No,3,Yes,2,Yes,2,Yes,2,Yes,,0,#REF!
76,https://www.fortinet.com/resources/cyberglossary/vulnerability-scanning-compare,Cyber Security,Vulnerability Scanning Vs Penetration Testing,390,25,4,Yes,3,No,3,No,3,No,3,No,3,No,3,No,3,No,3,No,5,No,2,No,3,No,3,No,2,No,5,No,2,No,1,No,1,No,1,No,1,No,1,No,1,No,1,No,2,No,2,No,1,No,1,No,1,No,2,No,1,No,1,No,1,No,1,No,1,No,1,No,1,No,,0,#REF!
77,https://www.fortinet.com/resources/cyberglossary/api-security,Cloud Security,API Security,3600,55,6,No,5,No,6,No,9,No,6,No,6,No,6,No,4,No,8,No,5,No,6,No,5,No,2,No,3,No,2,No,3,No,3,No,4,No,2,Yes,2,Yes,5,Yes,5,No,4,Yes,6,Yes,5,Yes,3,Yes,5,Yes,5,Yes,6,No,6,No,4,No,6,No,6,No,6,No,6,No,6,No,,0,#REF!
78,https://www.fortinet.com/resources/cyberglossary/what-is-cryptography,Cyber Security,Cryptography,22200,77,3,No,4,Yes,2,Yes,3,No,3,Yes,2,Yes,2,Yes,2,No,6,No,5,No,4,No,4,No,3,No,3,No,3,Yes,3,No,3,Yes,3,Yes,2,Yes,3,No,3,Yes,3,Yes,4,Yes,4,Yes,5,No,5,Yes,5,No,3,No,4,Yes,2,Yes,2,Yes,2,Yes,4,No,5,No,4,Yes,4,Yes,,0,#REF!
79,https://www.fortinet.com/resources/cyberglossary/doxing,Cyber Threats,Doxing,27100,56,10,No,10,No,9,No,9,No,10,No,8,No,9,No,9,No,8,No,3,No,7,No,5,No,10,No,6,No,6,No,6,No,10,No,12,No,9,No,10,No,10,No,12,No,7,Yes,11,No,12,No,11,No,12,No,8,No,10,Yes,2,Yes,2,Yes,2,Yes,2,No,2,No,10,No,10,No,,0,#REF!
80,https://www.fortinet.com/resources/cyberglossary/access-control,Access Control,Access Control,1000,66,3,No,2,No,1,No,1,No,3,No,5,No,2,No,3,No,4,No,4,No,4,No,2,No,2,No,3,No,4,No,2,No,3,No,3,No,4,No,3,No,3,No,3,No,2,No,3,No,3,Yes,3,Yes,4,Yes,3,Yes,4,Yes,3,Yes,2,Yes,2,Yes,2,No,2,Yes,2,Yes,2,No,,0,#REF!
81,https://www.fortinet.com/resources/cyberglossary/dkim-record,Email Security,DKIM Record,1300,64,37,No,25,No,17,No,12,No,10,No,9,No,9,No,4,No,3,Yes,2,Yes,5,Yes,6,Yes,5,Yes,6,Yes,3,Yes,4,Yes,4,No,7,No,7,No,9,No,7,No,7,No,5,No,5,No,6,No,6,No,7,No,9,No,10,No,3,No,3,No,4,No,2,No,5,No,4,No,3,No,,1,#REF!
82,https://www.fortinet.com/resources/cyberglossary/saml-vs-oauth,Access Control,SAML Vs OAUTH Vs Open Id,20,18,14,No,19,No,4,No,15,No,15,No,15,No,15,No,13,No,14,No,15,No,20,No,17,No,13,No,15,No,12,No,15,No,15,No,14,No,20,No,21,No,24,No,21,No,14,No,12,No,8,No,8,No,21,No,23,No,24,No,10,No,12,No,13,No,8,No,10,No,7,No,4,No,,3,#REF!
83,https://www.fortinet.com/resources/cyberglossary/csrf,Cyber Threats,CSRF Attack,1300,65,6,No,7,No,2,No,5,No,5,No,8,No,5,No,6,No,9,No,8,No,8,No,6,No,8,No,6,No,3,No,10,No,10,No,13,No,12,No,11,No,12,No,12,No,11,No,14,No,14,No,11,No,13,No,12,No,13,Yes,3,Yes,3,Yes,11,Yes,13,No,13,No,5,No,9,No,,-4,#REF!
84,https://www.fortinet.com/resources/cyberglossary/captcha,Cyber Security,What Is Captcha?,33100,81,5,No,9,No,12,No,6,No,10,No,14,No,10,No,8,No,7,No,7,Yes,7,No,5,No,7,No,8,No,2,No,6,No,9,Yes,9,No,11,No,11,No,3,No,9,No,13,No,15,No,7,No,10,No,13,No,9,No,10,No,8,No,5,Yes,5,Yes,3,No,3,No,4,No,6,No,,-2,#REF!
85,https://www.fortinet.com/resources/cyberglossary/cve,Cyber Security,Common Vulnerabilities And Exposures,6600,91,18,No,19,No,8,No,22,No,25,No,22,Yes,18,No,12,No,15,No,19,No,10,No,9,Yes,19,No,14,No,9,No,10,No,13,No,20,No,18,No,19,No,13,No,14,No,26,No,21,No,18,No,19,Yes,18,No,20,No,22,Yes,21,Yes,20,Yes,21,Yes,2,No,2,No,19,No,19,No,,0,#REF!
86,https://www.fortinet.com/resources/cyberglossary/reverse-proxy,Cyber Security,Reverse Proxy,6600,69,3,Yes,4,Yes,7,No,8,No,9,No,6,No,7,No,2,No,11,Yes,6,No,6,Yes,5,No,7,No,10,No,3,No,8,No,11,No,13,No,9,No,11,No,9,No,10,No,9,No,6,No,6,No,3,No,11,Yes,7,No,15,Yes,5,Yes,7,No,7,No,7,No,8,Yes,5,No,4,No,,1,#REF!
87,https://www.fortinet.com/resources/cyberglossary/scada-and-scada-systems,OT Security,What Is Scada,3600,40,4,No,3,No,2,No,3,No,3,No,4,No,3,No,2,No,2,No,2,No,3,No,3,No,3,No,2,No,8,No,2,No,3,No,2,No,2,No,4,No,4,No,4,No,4,No,4,No,6,No,5,No,5,Yes,2,Yes,3,No,2,No,2,No,4,Yes,6,No,6,No,5,No,5,No,,0,#REF!
88,https://www.fortinet.com/resources/cyberglossary/identity-and-access-management,Access Control,Identity And Access Management,5400,65,11,No,11,No,14,No,17,No,14,No,12,No,15,No,14,No,8,No,11,No,9,No,9,No,8,No,9,No,13,No,8,Yes,9,Yes,9,No,7,No,8,Yes,13,No,9,Yes,10,No,9,Yes,7,No,7,No,25,No,10,No,24,No,2,No,4,No,4,No,4,No,4,No,4,No,2,No,,2,#REF!
89,https://www.fortinet.com/resources/cyberglossary/soc-2-compliance,Cyber Compliance,What Is Soc 2 Compliance,1000,45,5,No,5,No,7,No,4,Yes,3,Yes,2,Yes,3,Yes,2,Yes,2,Yes,3,Yes,3,Yes,3,Yes,3,Yes,2,Yes,5,Yes,3,Yes,3,Yes,3,Yes,2,Yes,2,Yes,4,No,4,No,4,No,3,Yes,5,No,3,No,5,No,4,Yes,6,Yes,2,No,3,No,3,No,3,No,2,No,2,No,2,No,,0,#REF!
90,https://www.fortinet.com/resources/cyberglossary/what-is-cobit,Cyber Compliance,Cobit,3600,41,3,No,5,No,5,No,3,No,3,Yes,3,No,2,No,3,No,4,No,4,No,5,No,5,No,5,No,3,No,3,No,3,Yes,3,Yes,2,Yes,3,No,2,Yes,2,Yes,2,Yes,2,Yes,3,Yes,2,No,2,Yes,2,No,2,Yes,3,No,6,No,7,No,7,No,3,Yes,5,Yes,5,Yes,6,Yes,,-1,#REF!
91,https://www.fortinet.com/resources/cyberglossary/iot,OT security,What Is IOT?,9900,75,11,No,8,No,9,No,3,No,2,No,3,No,3,No,2,No,3,No,3,No,3,No,5,No,4,No,2,No,3,No,9,No,6,No,7,No,7,No,4,No,1,No,3,No,4,No,7,No,7,No,6,No,8,No,6,No,9,No,13,No,12,No,21,No,15,No,14,No,6,No,6,No,,0,#REF!
92,https://www.fortinet.com/resources/cyberglossary/enterprise-architecture,Cyber Security,Enterprise Architecture,3600,46,19,No,26,No,19,No,19,No,21,No,18,No,17,No,14,No,16,No,7,No,15,No,13,No,13,No,11,No,7,No,32,No,15,No,12,No,13,No,9,No,10,No,11,Yes,14,No,12,No,15,No,23,No,12,No,24,No,30,Yes,3,Yes,4,Yes,3,Yes,3,No,4,No,3,No,3,No,,0,#REF!
93,https://www.fortinet.com/resources/cyberglossary/disaster-recovery,Cyber Security,Disaster Recovery,8100,74,15,No,15,No,15,No,15,No,16,No,14,No,11,No,12,No,14,No,12,No,7,No,9,No,11,No,13,No,7,No,14,No,20,No,15,No,12,No,15,No,11,No,14,No,15,No,13,No,16,No,14,No,15,No,12,No,28,No,9,No,11,No,11,No,6,No,4,No,5,No,6,No,,-1,#REF!
94,https://www.fortinet.com/resources/cyberglossary/pii,Cyber Compliance,Personally Identifiable Information,12100,64,23,No,13,No,30,No,9,No,11,No,24,No,13,No,13,No,10,No,5,No,6,No,6,No,13,No,12,Yes,7,No,18,No,16,No,26,No,26,No,23,No,21,No,25,No,25,No,28,No,29,No,25,No,23,No,24,No,26,No,8,No,6,No,6,Yes,6,No,6,No,4,No,3,No,,1,#REF!
95,https://www.fortinet.com/resources/cyberglossary/osi-model,Network Security,OSI Model,33100,59,15,No,13,No,13,No,11,No,11,No,17,No,13,No,8,Yes,10,No,6,No,8,No,3,No,16,No,4,No,4,No,3,No,8,No,20,No,2,No,17,No,13,No,11,No,16,No,14,No,7,No,13,No,11,No,10,No,17,No,2,No,2,No,2,No,22,No,26,No,24,No,23,No,,1,#REF!
96,https://www.fortinet.com/resources/cyberglossary/owasp,Cyber Compliance,Owasp,14800,72,8,No,8,No,8,No,9,No,8,No,10,No,9,No,8,No,9,No,8,No,8,No,7,No,7,Yes,7,No,6,No,14,No,17,No,15,No,11,No,10,No,9,No,10,No,10,No,9,No,12,No,12,No,11,No,13,No,14,No,15,Yes,20,Yes,11,Yes,3,No,3,No,16,No,16,No,,0,#REF!
97,https://www.fortinet.com/resources/cyberglossary/role-based-access-control,Cyber Security,RBAC,9900,79,11,No,19,No,18,No,21,No,21,No,14,No,13,No,7,Yes,13,No,12,No,11,No,12,No,13,No,9,No,9,No,10,No,8,No,8,No,9,No,15,No,4,No,7,No,12,No,8,No,14,No,12,No,24,No,8,No,14,Yes,34,Yes,34,Yes,21,Yes,32,No,20,Yes,18,Yes,11,No,,7,#REF!
98,https://www.fortinet.com/resources/cyberglossary/what-is-cyber-attack,Cyber Threats,What Is A Cyber Attack,2900,61,8,No,9,No,4,No,11,No,11,Yes,10,No,7,No,7,Yes,2,Yes,2,Yes,2,Yes,3,Yes,4,Yes,6,No,7,Yes,2,Yes,2,Yes,2,No,2,Yes,2,Yes,3,Yes,4,Yes,4,No,4,Yes,5,No,3,No,3,No,3,No,5,Yes,11,No,8,No,21,No,11,Yes,14,Yes,9,Yes,8,No,,1,#REF!
99,https://www.fortinet.com/resources/cyberglossary/vishing-attack,Cyber Threats,Vishing Attack,1600,35,5,Yes,5,Yes,7,Yes,8,Yes,9,Yes,7,Yes,5,Yes,8,Yes,6,No,5,No,5,No,5,No,5,No,6,No,13,No,2,No,3,Yes,3,Yes,2,Yes,4,Yes,5,Yes,4,Yes,5,Yes,5,Yes,7,No,6,No,8,No,4,No,8,No,4,No,4,No,4,No,6,No,5,No,4,No,5,No,,-1,#REF!
100,https://www.fortinet.com/resources/cyberglossary/endpoint-protection-platform,Endpoint Security,Endpoint Protection Platform,1300,39,2,No,2,No,1,No,2,No,2,No,2,No,2,No,5,No,4,No,5,No,5,No,5,No,12,No,5,No,4,No,5,No,5,No,2,No,2,No,2,No,2,No,2,No,1,Yes,2,Yes,2,Yes,3,Yes,3,Yes,2,Yes,3,No,2,No,2,No,2,No,2,No,2,No,4,No,2,No,,2,#REF!
101,https://www.fortinet.com/resources/cyberglossary/wan,Network Security,What Is A WAN,1600,49,9,No,10,No,8,No,10,No,8,No,12,No,9,No,8,No,9,No,6,No,6,No,8,No,6,No,4,No,3,No,8,No,9,No,3,No,3,No,2,No,3,No,8,Yes,7,Yes,14,Yes,2,Yes,3,Yes,9,Yes,12,Yes,25,Yes,2,No,3,Yes,2,No,2,No,2,No,2,No,11,No,,-9,#REF!
102,https://www.fortinet.com/resources/cyberglossary/ransomware-statistics,Cyber Threats,Ransomware Statistics,590,44,1,Yes,1,Yes,1,Yes,14,No,6,No,7,No,4,No,6,No,4,No,4,No,10,No,5,No,8,No,8,No,9,No,16,No,18,No,5,No,9,No,11,No,15,No,10,No,9,No,21,No,20,No,18,No,6,No,9,No,20,No,41,Yes,46,No,39,No,18,Yes,13,Yes,20,Yes,29,No,,-9,#REF!
103,https://www.fortinet.com/resources/cyberglossary/ciem,Cloud Security,CIEM,1900,36,6,No,2,No,4,No,3,Yes,4,No,4,Yes,5,Yes,5,Yes,4,No,4,No,9,Yes,4,Yes,9,No,10,Yes,7,Yes,8,No,9,No,8,No,9,No,10,No,13,No,16,No,15,No,17,Yes,17,No,18,No,16,Yes,20,No,21,No,16,No,12,No,19,No,19,No,11,No,15,No,17,No,,-2,#REF!
104,https://www.fortinet.com/resources/cyberglossary/command-and-control-attacks,Cyber Threats,Command And Control Attack,70,19,2,No,2,No,2,Yes,3,Yes,2,Yes,3,Yes,1,Yes,2,Yes,2,Yes,2,Yes,3,Yes,2,Yes,3,Yes,3,Yes,3,Yes,3,Yes,1,Yes,2,Yes,2,Yes,2,Yes,2,Yes,2,Yes,2,Yes,2,Yes,2,No,2,No,1,No,1,No,2,No,61,No,57,No,58,No,70,Yes,75,Yes,70,Yes,75,Yes,,-5,#REF!
105,https://www.fortinet.com/resources/cyberglossary/iot-security,OT Security,IOT Security,3600,52,5,No,5,No,5,No,5,No,5,No,6,No,4,No,3,Yes,4,Yes,3,Yes,4,No,3,Yes,6,Yes,5,No,2,Yes,4,Yes,4,Yes,2,Yes,2,Yes,3,No,5,Yes,5,Yes,7,Yes,4,Yes,2,Yes,2,Yes,4,Yes,3,Yes,5,No,29,No,32,No,29,No,29,Yes,18,Yes,9,Yes,10,Yes,,-1,#REF!
106,https://www.fortinet.com/resources/cyberglossary/what-is-packet-loss,Cyber Security,Packet Loss,3600,54,5,No,6,No,4,Yes,4,No,6,No,6,No,5,No,3,No,5,No,4,No,4,No,4,No,5,No,3,No,2,Yes,2,Yes,3,Yes,4,Yes,4,No,3,Yes,2,Yes,3,No,6,No,4,No,5,Yes,4,Yes,5,No,3,Yes,5,Yes,7,No,4,No,5,No,4,Yes,5,Yes,7,Yes,7,Yes,,0,#REF!
107,https://www.fortinet.com/resources/cyberglossary/dynamic-application-security-testing,Cyber Security,Dynamic Application Security Testing,1300,32,17,No,14,No,16,No,12,No,21,No,9,No,7,No,5,Yes,2,Yes,2,Yes,3,Yes,8,Yes,4,Yes,8,Yes,3,No,11,No,14,No,10,No,10,No,11,No,11,No,15,No,14,No,18,No,13,No,10,No,12,No,18,No,19,No,18,No,25,No,26,No,23,No,20,Yes,18,No,23,No,,-5,#REF!
108,https://www.fortinet.com/resources/cyberglossary/what-is-bluekeep,Cyber Security,Bluekeep,320,22,3,No,3,No,4,No,4,No,4,No,4,No,4,No,3,No,3,No,3,No,3,No,3,No,2,No,3,No,3,No,2,No,3,No,2,No,3,No,2,No,1,No,1,No,1,No,1,No,2,No,1,No,1,Yes,1,Yes,2,Yes,11,No,17,No,13,No,10,Yes,9,Yes,11,Yes,11,Yes,,0,#REF!
109,https://www.fortinet.com/resources/cyberglossary/it-operations,Security Operations (SecOps),It Operations,2400,32,10,No,10,No,9,No,14,No,10,Yes,14,Yes,11,No,9,No,8,No,8,No,8,No,6,No,7,No,5,No,7,No,5,No,7,No,6,No,6,No,6,No,8,No,7,No,8,No,8,No,7,No,7,No,8,No,8,No,9,No,8,No,8,No,8,No,8,No,9,No,8,No,7,No,,1,#REF!
110,https://www.fortinet.com/resources/cyberglossary/advanced-persistent-threat,Cyber Threats,Advanced Persistent Threat,2900,72,13,No,15,No,15,No,16,No,16,No,17,No,13,No,14,No,14,No,13,No,13,No,13,No,19,No,14,Yes,15,No,16,No,19,No,18,No,19,No,17,No,14,No,16,No,21,No,22,No,18,No,20,No,19,No,18,No,20,Yes,16,No,27,No,26,No,20,No,21,No,15,No,16,No,,-1,#REF!
111,https://www.fortinet.com/resources/cyberglossary/cnapp,Cloud Security,CNapp,5400,44,21,No,31,No,38,No,30,No,20,No,27,No,27,No,12,No,10,No,13,No,13,No,11,No,20,No,18,Yes,11,No,12,No,14,No,28,No,16,No,12,No,15,No,27,No,14,No,12,No,13,No,21,No,12,No,10,No,18,No,25,No,29,No,29,No,28,No,33,No,29,No,29,No,,0,#REF!
112,https://www.fortinet.com/resources/cyberglossary/social-engineering,Cyber Threats,Social Engineering,14800,74,9,No,10,No,10,No,9,No,12,No,10,No,10,No,10,No,10,No,10,No,10,No,9,No,8,No,7,No,6,No,8,No,16,No,24,No,23,No,21,No,24,No,24,No,21,No,23,No,23,No,25,No,24,No,22,No,24,No,16,No,20,No,26,No,3,No,9,No,20,No,12,No,,8,#REF!
113,https://www.fortinet.com/resources/cyberglossary/software-as-a-service,Security Operations (SecOps),SAAS,90500,92,12,No,12,No,12,No,12,No,7,No,5,No,5,No,4,No,6,Yes,5,No,3,No,2,No,2,No,3,No,2,No,3,No,7,No,10,Yes,13,No,18,No,7,No,7,No,13,No,6,No,5,No,10,No,10,No,10,No,11,Yes,3,No,3,No,3,Yes,3,No,3,No,2,No,4,No,,-2,#REF!
114,https://www.fortinet.com/resources/cyberglossary/infrastructure-as-a-service,Cloud Security,LAAS,9900,65,6,No,9,No,9,No,3,Yes,13,No,13,Yes,7,Yes,9,Yes,12,No,12,No,11,No,8,No,8,No,8,No,11,No,19,No,22,No,24,No,26,No,17,No,16,No,17,No,23,No,28,No,28,No,26,No,26,No,27,No,29,No,6,No,6,Yes,6,No,6,No,6,No,6,No,6,No,,0,#REF!
115,https://www.fortinet.com/resources/cyberglossary/data-governance,Data Security,Data Governance,12100,65,22,No,21,No,25,No,24,No,24,No,23,No,24,No,20,No,19,No,19,No,17,No,15,No,12,No,14,No,9,No,16,No,24,No,25,No,26,No,18,No,17,No,23,No,23,No,22,No,24,No,27,No,29,No,28,No,35,Yes,5,Yes,6,Yes,5,Yes,4,No,6,No,5,No,5,No,,0,#REF!
116,https://www.fortinet.com/resources/cyberglossary/iec-62443,OT Security,IEC 62443,1600,37,3,No,3,No,3,No,3,No,3,No,3,No,3,No,3,No,5,No,4,No,4,No,5,Yes,5,No,4,No,2,No,2,No,3,No,3,Yes,2,No,2,Yes,3,No,2,No,3,Yes,3,Yes,3,Yes,3,No,2,Yes,2,Yes,3,No,25,No,23,No,24,No,26,Yes,22,No,23,No,20,Yes,,3,#REF!
117,https://www.fortinet.com/resources/cyberglossary/digital-experience-monitoring,Network Security,Digital Experience Monitoring,1000,19,29,No,41,No,20,No,24,No,17,No,14,No,15,No,10,No,12,No,6,No,7,No,6,No,11,No,8,No,6,No,6,No,6,No,7,No,9,No,14,No,8,No,8,No,8,No,8,No,9,No,6,No,6,Yes,5,No,8,Yes,2,Yes,3,Yes,2,Yes,3,Yes,4,Yes,4,Yes,3,No,,1,#REF!
118,https://www.fortinet.com/resources/cyberglossary/active-directory,Network Security,Active Directory Cybersecurity,30,20,12,No,12,No,2,No,5,No,5,No,4,No,5,No,3,No,3,No,3,No,3,No,5,No,5,No,2,No,2,No,3,No,2,No,2,No,2,No,3,No,3,No,3,No,3,No,3,No,5,No,5,No,5,No,3,No,4,No,10,No,8,No,10,No,11,No,10,No,11,No,10,No,,1,#REF!
119,https://www.fortinet.com/resources/cyberglossary/what-is-scim,Endpoint Security,SCIM Authentication,110,32,9,No,4,No,6,No,6,No,6,No,6,No,6,No,6,No,6,No,5,No,2,No,1,No,1,No,1,No,1,No,6,No,8,No,8,No,8,No,6,No,6,No,6,No,8,No,8,No,7,No,8,No,5,No,4,No,6,No,18,No,24,No,21,No,21,No,17,No,16,No,8,No,,8,#REF!
120,https://www.fortinet.com/resources/cyberglossary/cyber-safety,Cyber Threats,Cyber Safety,1000,52,8,Yes,7,Yes,5,Yes,4,Yes,6,Yes,5,Yes,2,Yes,3,Yes,4,Yes,6,Yes,6,Yes,4,Yes,4,Yes,3,Yes,3,Yes,3,Yes,2,Yes,4,Yes,3,Yes,2,Yes,1,Yes,1,Yes,1,Yes,1,Yes,1,Yes,1,Yes,1,Yes,1,Yes,2,Yes,2,Yes,2,No,2,No,2,No,2,No,2,No,2,No,,0,#REF!
121,https://www.fortinet.com/resources/cyberglossary/cyber-resilience,Cyber Threats,Cyber Resilience,2400,48,17,No,16,No,15,Yes,19,No,24,No,19,No,16,No,19,No,17,No,11,No,17,No,5,No,9,No,4,No,4,Yes,5,Yes,6,Yes,5,No,8,No,9,No,4,No,5,No,4,No,5,Yes,5,Yes,6,No,8,Yes,9,No,13,No,5,No,3,Yes,6,Yes,5,No,6,Yes,5,No,4,No,,1,#REF!
122,https://www.fortinet.com/resources/cyberglossary/antivirus-protection,Cyber Security,Antivirus Protection,4400,88,16,No,16,No,6,No,12,No,6,No,12,No,9,No,9,No,12,No,17,No,8,No,6,No,10,Yes,10,No,6,No,6,Yes,9,Yes,9,Yes,7,Yes,7,Yes,6,Yes,6,No,7,No,6,No,6,Yes,6,Yes,5,Yes,6,No,7,No,9,No,10,No,10,No,10,No,10,Yes,8,Yes,7,Yes,,1,#REF!
123,https://www.fortinet.com/resources/cyberglossary/waf-architecture,NGFW/firewall,Web Application Firewall Architecture,170,45,4,No,2,No,4,No,4,No,4,No,3,No,3,No,7,No,4,No,2,No,2,No,1,No,1,Yes,1,Yes,2,Yes,2,Yes,2,Yes,2,Yes,1,Yes,1,Yes,1,No,2,No,2,No,2,No,2,No,1,No,1,No,1,No,2,No,7,No,8,No,9,Yes,8,Yes,7,Yes,9,Yes,9,Yes,,0,#REF!
124,https://www.fortinet.com/resources/cyberglossary/cybersecurity-awareness,Cyber Security,Cybersecurity Awareness,1220000,65,,,,,,,18,No,18,No,25,No,20,No,19,No,21,No,18,No,16,No,15,No,12,No,12,No,8,No,10,No,6,No,13,No,13,No,13,No,10,No,11,No,12,No,11,No,12,No,10,No,11,No,10,No,11,Yes,3,Yes,3,Yes,3,No,3,No,4,No,3,No,2,No,,1,#REF!
125,https://www.fortinet.com/resources/cyberglossary/it-security,Network Security,It Security,8100,43,,,,,,,13,No,14,No,17,No,14,No,9,No,8,Yes,11,No,7,Yes,7,No,6,Yes,7,No,12,Yes,11,No,11,No,20,No,13,No,16,No,12,No,12,No,27,No,25,No,18,No,14,No,30,No,21,Yes,23,No,5,Yes,4,Yes,5,No,5,No,5,Yes,3,Yes,3,Yes,,0,#REF!
126,https://www.fortinet.com/resources/cyberglossary/nist-800-53,Cyber Compliance,Nist 800 53,4400,44,,,,,,,7,No,8,No,9,No,8,Yes,7,Yes,7,Yes,6,Yes,5,Yes,7,No,6,Yes,7,No,6,No,6,Yes,8,No,9,No,12,Yes,11,No,12,No,15,No,12,No,15,No,12,No,14,No,16,No,12,No,14,Yes,4,No,5,Yes,5,Yes,5,No,5,Yes,3,No,4,No,,-1,#REF!
127,https://www.fortinet.com/resources/cyberglossary/nittf-cnssd-504,Cyber Compliance,Nittf Cnssd 504,0,14,,,,,,,2,No,2,No,2,No,2,No,2,No,2,No,1,No,1,No,1,No,2,No,2,No,2,No,2,No,2,No,2,No,2,No,2,No,2,No,2,No,2,No,2,No,2,No,2,No,1,No,1,No,2,No,10,No,5,No,5,No,8,No,10,No,7,No,6,No,,1,#REF!
128,https://www.fortinet.com/resources/cyberglossary/principle-of-least-privilege,Access Control,Principle Of Least Privilege,5400,63,,,,,,,13,No,11,No,14,No,13,No,4,No,3,No,5,Yes,6,No,4,No,5,No,4,No,8,Yes,18,No,14,No,19,No,20,No,13,Yes,20,No,18,No,23,No,25,No,25,No,19,Yes,24,No,23,No,24,No,2,No,3,No,4,No,3,No,4,No,5,No,5,No,,0,#REF!
129,https://www.fortinet.com/resources/cyberglossary/sbom,Cyber Security,SBOM,4400,46,,,,,,,18,No,24,No,25,No,11,No,20,No,23,No,12,No,16,No,7,No,8,No,12,No,21,No,25,No,26,No,24,No,23,No,16,No,15,No,22,No,27,No,18,No,22,No,22,No,23,No,30,No,33,No,8,No,8,No,9,No,9,No,8,No,7,No,9,No,,-2,#REF!
130,https://www.fortinet.com/resources/cyberglossary/secret-detection,Data Security,Secret Detection,50,24,,,,,,,2,No,2,No,2,No,2,No,2,No,2,No,2,No,2,No,2,No,2,No,2,No,2,No,2,No,2,No,2,No,2,No,2,Yes,2,Yes,2,Yes,2,Yes,2,Yes,2,Yes,2,Yes,2,No,2,No,4,Yes,7,No,6,No,8,No,9,No,10,No,9,No,7,No,,2,#REF!
131,https://www.fortinet.com/resources/cyberglossary/artificial-intelligence-in-cybersecurity,AI Security,AI In Cybersecurity,320,67,2,No,6,No,9,No,9,No,8,No,2,No,5,Yes,7,Yes,2,Yes,1,Yes,1,Yes,2,Yes,9,Yes,1,Yes,1,Yes,1,Yes,1,Yes,1,Yes,1,Yes,1,Yes,1,Yes,1,Yes,1,No,1,No,3,Yes,3,No,2,Yes,2,Yes,2,No,2,No,2,No,2,No,5,Yes,6,Yes,5,Yes,5,Yes,,0,#REF!
132,https://www.fortinet.com/resources/cyberglossary/ai-adoption,AI Security,AI Adoption,1600,48,1,No,3,No,17,No,13,No,11,Yes,9,Yes,7,Yes,5,Yes,5,No,9,No,6,No,7,Yes,7,Yes,6,Yes,6,Yes,5,Yes,4,Yes,4,No,4,Yes,2,Yes,4,Yes,5,Yes,3,Yes,4,Yes,3,Yes,2,Yes,2,Yes,2,Yes,2,Yes,7,Yes,7,Yes,7,Yes,7,Yes,7,No,6,Yes,6,No,,0,#REF!
133,https://www.fortinet.com/resources/cyberglossary/deepfake-ai,AI Security,Deep Fake AI,3600,82,5,No,6,No,1,Yes,5,No,5,No,5,No,1,No,1,No,1,Yes,4,No,2,No,3,No,3,No,3,No,6,Yes,4,Yes,5,No,8,No,8,No,7,No,9,Yes,8,No,7,No,8,No,8,No,7,No,8,No,19,No,3,No,6,No,6,No,5,Yes,6,No,6,No,6,No,6,No,,0,#REF!
134,https://www.fortinet.com/resources/cyberglossary/vpc,Cloud Security,Virtual Private Cloud,1600,21,5,No,4,No,3,No,5,Yes,4,Yes,3,Yes,2,Yes,3,Yes,2,Yes,2,Yes,3,Yes,4,No,2,No,4,No,3,No,4,No,4,No,3,No,3,No,4,Yes,4,Yes,4,Yes,3,Yes,4,Yes,11,No,12,Yes,5,No,12,No,10,No,6,No,7,No,7,No,6,No,6,No,5,No,3,No,,2,#REF!
135,https://www.fortinet.com/resources/cyberglossary/casb,SASE,CASB,1600,50,4,No,3,No,3,No,3,No,3,No,3,No,2,No,2,No,5,No,3,No,5,No,7,No,6,No,3,No,3,No,3,Yes,2,Yes,5,Yes,5,Yes,7,Yes,5,Yes,5,Yes,4,Yes,3,Yes,5,Yes,5,No,5,Yes,5,Yes,4,Yes,2,Yes,1,Yes,1,Yes,3,Yes,3,Yes,2,No,2,Yes,,0,#REF!
136,https://www.fortinet.com/resources/cyberglossary/public-cloud-security-risks,Cloud Security,Public Cloud Security Risks,40,25,2,No,2,No,2,No,2,No,2,No,2,No,2,No,2,No,2,No,2,No,3,No,3,No,2,No,1,No,1,No,1,No,1,No,1,No,8,No,7,No,5,No,5,No,7,No,6,No,6,No,7,No,7,No,7,No,6,Yes,3,Yes,3,Yes,4,No,4,No,4,No,4,No,4,No,,0,#REF!
137,https://www.fortinet.com/resources/cyberglossary/cloud-vpn,VPN,Cloud VPN,4400,56,9,Yes,8,No,7,No,8,No,10,No,12,No,9,Yes,8,Yes,6,Yes,9,No,8,No,8,No,8,No,7,No,4,No,5,Yes,4,Yes,5,Yes,6,Yes,7,No,6,No,6,No,6,No,7,No,8,No,7,No,6,No,4,Yes,4,Yes,2,Yes,2,Yes,2,Yes,2,Yes,3,Yes,2,No,2,No,,0,#REF!
138,https://www.fortinet.com/resources/cyberglossary/cloud-encryption,Cloud Security,Cloud Encryption,720,37,19,No,21,Yes,16,Yes,14,Yes,9,Yes,13,Yes,11,Yes,3,Yes,8,Yes,8,Yes,5,Yes,11,Yes,23,Yes,5,Yes,6,Yes,8,Yes,8,Yes,8,Yes,8,No,6,No,8,No,8,No,11,No,9,No,12,No,14,No,14,Yes,11,Yes,9,Yes,2,Yes,2,Yes,2,Yes,1,Yes,1,Yes,1,Yes,1,Yes,,0,#REF!
139,https://www.fortinet.com/resources/cyberglossary/cloud-firewall,Cloud Security,Cloud Firewall,1300,38,2,No,2,No,1,No,2,No,5,No,5,No,5,No,2,No,2,No,2,No,4,No,3,No,2,No,3,No,3,No,2,No,3,Yes,2,Yes,2,Yes,2,Yes,2,Yes,2,Yes,2,Yes,2,Yes,2,Yes,2,Yes,2,Yes,2,Yes,2,No,8,No,9,No,9,No,9,Yes,10,Yes,10,Yes,7,Yes,,3,#REF!
140,https://www.fortinet.com/resources/cyberglossary/virtual-firewall-for-cloud,NGFW/firewall,Virtual Firewall,1000,36,4,No,17,No,2,No,14,No,14,No,14,No,14,No,15,No,9,No,9,No,9,No,9,No,17,No,31,No,33,No,33,No,33,No,33,No,14,No,4,No,4,No,4,No,4,No,7,No,46,No,22,No,41,No,8,No,4,Yes,2,Yes,2,Yes,2,Yes,2,No,2,No,2,No,2,No,,0,#REF!
141,https://www.fortinet.com/resources/cyberglossary/cloud-security-tips,Cloud Security,Cloud Security TIPS,2240000,34,-,No,-,No,-,No,-,No,-,No,-,No,-,No,-,No,-,No,-,No,-,No,-,No,-,No,-,No,-,No,-,No,-,No,-,No,-,No,-,No,-,No,-,No,-,No,-,No,-,No,-,No,-,No,-,No,-,No,3,No,2,No,3,No,3,No,2,No,5,No,2,No,,3,#REF!
142,https://www.fortinet.com/resources/cyberglossary/cloud-detection-and-response,Cloud Security,Cloud Detection And Response,720,19,,,,,,,6,Yes,5,Yes,3,Yes,5,Yes,4,Yes,5,Yes,7,Yes,6,No,3,No,7,No,6,No,5,No,5,No,5,No,6,No,10,No,7,No,10,No,10,No,6,No,4,No,4,No,6,No,5,No,5,No,2,Yes,2,Yes,2,Yes,2,Yes,3,No,2,Yes,3,Yes,2,Yes,,1,#REF!
143,https://www.fortinet.com/resources/cyberglossary/cwpp,Cloud Security,Cloud Workload Protection Platform,2900,37,,,,,,,10,No,13,No,12,No,11,No,10,No,10,No,9,No,9,No,9,No,9,No,11,No,14,No,10,No,10,No,10,No,14,No,11,No,11,No,12,No,11,No,11,No,16,Yes,7,Yes,16,Yes,5,Yes,4,No,8,No,8,No,8,No,6,No,6,No,4,No,5,No,,-1,#REF!
144,https://www.fortinet.com/resources/cyberglossary/dlp-for-cloud,Data Security,DLP For Cloud,70,26,,,,,,,3,No,4,No,4,No,4,No,4,No,3,No,3,No,1,No,1,No,1,No,1,No,1,No,1,No,4,No,5,No,4,No,3,No,5,No,2,No,2,No,2,No,2,No,2,No,2,No,4,No,4,Yes,6,No,6,No,7,No,7,No,8,No,8,No,7,No,,1,#REF!
145,https://www.fortinet.com/resources/cyberglossary/what-does-a-firewall-do,NGFW/firewall,What Does A Firewall Do,1600,59,8,No,8,No,6,No,6,No,7,No,6,No,7,No,5,No,3,No,3,No,3,No,2,No,3,Yes,2,Yes,1,Yes,1,Yes,1,Yes,1,Yes,1,Yes,1,Yes,1,Yes,1,Yes,1,Yes,1,Yes,1,Yes,1,Yes,1,Yes,1,Yes,1,No,1,No,1,Yes,1,Yes,1,No,1,Yes,1,No,1,Yes,,0,#REF!
146,https://www.fortinet.com/resources/cyberglossary/firewall-as-a-service-fwaas,NGFW/firewall,Firewall As A Service,1000,30,1,No,1,No,1,No,1,No,1,Yes,1,Yes,1,Yes,1,Yes,1,Yes,1,Yes,1,Yes,1,Yes,1,Yes,1,Yes,1,Yes,1,Yes,1,Yes,1,Yes,1,Yes,1,Yes,1,Yes,1,No,1,No,1,No,1,No,1,No,1,No,1,No,1,Yes,1,Yes,1,Yes,1,Yes,1,Yes,1,Yes,1,Yes,1,Yes,,0,#REF!
147,https://www.fortinet.com/resources/cyberglossary/waf-vs-firewall,NGFW/firewall,Waf Vs Firewall,320,20,1,Yes,1,Yes,1,Yes,1,Yes,1,Yes,1,Yes,1,Yes,1,No,1,No,1,No,1,No,1,No,1,No,1,No,1,No,1,No,1,No,1,No,1,No,1,No,1,No,1,No,1,No,1,Yes,1,Yes,1,Yes,1,Yes,1,Yes,1,No,1,Yes,1,Yes,1,Yes,1,Yes,1,Yes,1,Yes,1,Yes,,0,#REF!
148,https://www.fortinet.com/resources/cyberglossary/how-does-a-firewall-work,NGFW/firewall,How Does A Firewall Work,590,44,1,Yes,1,Yes,1,Yes,1,Yes,1,Yes,1,Yes,1,Yes,1,Yes,1,Yes,1,Yes,1,Yes,1,Yes,1,Yes,1,Yes,1,Yes,1,Yes,1,Yes,1,Yes,1,Yes,1,Yes,1,Yes,1,Yes,1,Yes,1,Yes,1,Yes,1,Yes,1,Yes,1,Yes,1,Yes,1,Yes,1,Yes,1,Yes,1,Yes,1,Yes,1,Yes,1,Yes,,0,#REF!
149,https://www.fortinet.com/resources/cyberglossary/perimeter-firewall,NGFW/firewall,Perimeter Firewall,170,13,1,No,1,No,1,No,1,Yes,1,Yes,1,Yes,2,Yes,3,Yes,2,Yes,1,Yes,1,Yes,1,No,1,No,1,No,1,No,1,No,1,No,1,No,1,No,1,Yes,1,Yes,1,Yes,1,Yes,1,Yes,1,Yes,1,Yes,1,Yes,1,Yes,1,No,1,No,1,No,1,No,1,Yes,1,Yes,1,No,1,No,,0,#REF!
150,https://www.fortinet.com/resources/cyberglossary/transparent-firewall,NGFW/firewall,Transparent Firewall,50,9,1,Yes,1,Yes,1,Yes,1,Yes,1,Yes,1,Yes,1,Yes,1,Yes,1,Yes,1,Yes,1,Yes,1,Yes,1,Yes,1,Yes,1,Yes,1,Yes,1,Yes,1,Yes,1,Yes,1,Yes,1,Yes,1,Yes,1,Yes,1,Yes,1,Yes,1,Yes,1,Yes,1,Yes,1,No,1,No,1,No,1,No,1,Yes,1,Yes,1,Yes,1,Yes,,0,#REF!
151,https://www.fortinet.com/resources/cyberglossary/firewall-configuration,NGFW/firewall,Firewall Configuration,5400,27,1,Yes,1,No,1,Yes,1,Yes,1,Yes,1,No,1,No,1,No,1,No,1,No,1,No,1,Yes,1,Yes,1,No,1,Yes,1,Yes,1,Yes,1,Yes,1,Yes,1,Yes,1,Yes,1,No,1,Yes,1,Yes,1,Yes,1,Yes,1,No,1,Yes,1,Yes,1,Yes,1,Yes,1,Yes,1,Yes,1,Yes,1,Yes,1,Yes,,0,#REF!
152,https://www.fortinet.com/resources/cyberglossary/hybrid-mesh-firewall,NGFW/firewall,Hybrid Mesh Firewall,170,24,4,Yes,2,Yes,2,Yes,2,Yes,2,Yes,2,Yes,1,Yes,1,Yes,1,Yes,1,Yes,1,Yes,1,Yes,2,Yes,1,Yes,1,Yes,2,Yes,5,Yes,1,Yes,2,Yes,6,Yes,4,Yes,3,Yes,11,Yes,2,Yes,2,Yes,5,Yes,4,Yes,8,Yes,8,No,5,Yes,5,Yes,7,No,5,Yes,7,Yes,5,Yes,5,Yes,,0,#REF!
153,https://www.fortinet.com/resources/cyberglossary/proxy-firewall,NGFW/firewall,Proxy Firewall,590,32,1,Yes,1,Yes,1,Yes,1,Yes,1,Yes,1,No,1,No,1,No,1,No,2,No,2,No,2,No,1,No,1,Yes,1,Yes,1,Yes,1,Yes,1,Yes,1,Yes,1,Yes,1,Yes,1,Yes,1,Yes,1,Yes,1,Yes,1,Yes,1,Yes,1,Yes,1,Yes,1,No,1,Yes,1,No,1,No,1,No,1,No,1,No,,0,#REF!
154,https://www.fortinet.com/resources/cyberglossary/does-a-firewall-affect-internet-speed,NGFW/firewall,Does Firewall Slow Down Internet Speed,20,11,1,No,1,No,1,No,1,No,1,No,1,No,1,No,1,No,1,No,1,No,1,No,1,No,1,No,1,No,1,No,1,No,1,No,1,No,1,No,1,No,1,No,1,No,1,No,1,No,1,No,1,No,1,No,1,No,1,No,1,No,1,No,1,Yes,1,No,1,No,1,No,1,No,,0,#REF!
155,https://www.fortinet.com/resources/cyberglossary/hybrid-firewall-advantages-disadvantages,NGFW/firewall,Hybrid Firewall,20,23,1,No,1,No,1,No,1,No,1,No,1,No,1,No,1,No,1,No,1,No,1,No,1,No,1,No,1,No,1,No,1,No,1,No,1,No,1,No,1,No,1,No,1,No,1,No,1,No,1,No,1,No,1,No,1,No,1,No,1,No,4,No,4,No,2,No,2,No,2,No,2,No,,0,#REF!
156,https://www.fortinet.com/resources/cyberglossary/stateful-vs-stateless-firewall,NGFW/firewall,Stateful Vs Stateless Firewall,1000,33,1,No,1,No,1,No,1,No,1,No,1,No,1,No,1,No,1,No,1,No,1,No,1,No,1,No,1,No,1,No,1,No,1,No,1,No,1,No,1,No,1,Yes,1,Yes,1,Yes,1,Yes,1,Yes,1,Yes,1,Yes,1,Yes,1,No,1,No,1,No,1,No,1,No,1,No,1,No,1,No,,0,#REF!
157,https://www.fortinet.com/resources/cyberglossary/proxy-server-vs-packet-filtering-firewall,NGFW/firewall,Proxy Server Vs Packet Filtering Firewall,10,25,1,No,1,No,1,No,1,No,1,No,1,No,1,No,1,No,1,No,1,No,1,No,1,No,1,No,1,No,1,No,1,No,1,No,1,No,1,No,1,No,1,No,1,No,1,No,1,No,1,No,1,No,1,No,1,No,1,No,1,Yes,1,Yes,1,Yes,1,No,1,No,1,No,1,No,,0,#REF!
158,https://www.fortinet.com/resources/cyberglossary/hardware-firewalls-better-than-software,NGFW/firewall,Hardware Firewall,4400,28,1,No,1,No,1,No,2,Yes,2,No,2,Yes,1,Yes,1,Yes,2,No,2,No,4,No,2,Yes,2,Yes,2,Yes,3,No,3,No,3,Yes,1,Yes,3,No,1,Yes,2,Yes,3,No,6,No,4,Yes,3,Yes,1,Yes,2,No,2,No,2,No,2,Yes,2,No,3,No,2,No,4,Yes,3,Yes,4,Yes,,-1,#REF!
159,https://www.fortinet.com/resources/cyberglossary/benefits-of-firewall,NGFW/firewall,Firewall Benefits,50,44,2,No,2,No,2,No,2,No,1,Yes,1,Yes,1,Yes,1,Yes,1,Yes,1,Yes,1,Yes,1,Yes,1,Yes,1,No,1,No,1,No,1,No,1,No,1,No,1,No,1,No,1,No,1,No,1,No,1,No,1,No,1,No,1,No,1,No,1,No,1,No,1,No,1,No,1,No,1,No,1,No,,0,#REF!
160,https://www.fortinet.com/resources/cyberglossary/firewall,NGFW/firewall,What Is A Firewall,135000,70,3,Yes,2,Yes,1,Yes,1,Yes,2,Yes,2,Yes,2,Yes,2,Yes,2,Yes,2,Yes,3,No,3,No,4,No,3,No,2,Yes,2,Yes,2,Yes,2,Yes,2,Yes,2,Yes,2,Yes,2,Yes,2,Yes,2,Yes,2,Yes,1,Yes,2,Yes,2,Yes,2,Yes,2,Yes,1,Yes,2,Yes,2,No,3,Yes,2,Yes,3,Yes,,-1,#REF!
161,https://www.fortinet.com/resources/cyberglossary/end-of-life-firewall,NGFW/firewall,End Of Life Firewall,2900,54,-,No,-,No,-,No,-,No,-,No,-,No,-,No,-,No,-,No,-,No,-,No,-,No,-,No,-,No,-,No,-,No,-,No,-,No,-,No,-,No,1,No,1,No,1,No,1,No,-,No,-,No,-,No,1,No,1,Yes,1,Yes,1,No,1,No,1,No,1,No,1,No,1,No,,0,#REF!
162,https://www.fortinet.com/resources/cyberglossary/human-firewall,NGFW/firewall,Human Firewall,1000,21,4,Yes,3,Yes,3,Yes,3,Yes,5,No,4,No,4,No,4,No,3,No,2,No,2,No,2,No,2,No,3,No,2,No,3,No,3,No,2,No,2,No,2,No,2,No,2,Yes,2,Yes,4,Yes,2,Yes,2,Yes,3,Yes,2,Yes,2,No,7,No,7,No,6,Yes,5,No,7,No,5,No,6,No,,-1,#REF!
163,https://www.fortinet.com/resources/cyberglossary/ruggedized-firewall,OT Security,Rugged Firewall,20,11,16,No,17,No,11,No,14,No,16,No,16,No,16,No,16,No,11,No,10,No,10,No,10,No,10,No,10,No,11,No,8,No,6,No,6,No,6,No,8,No,8,No,6,No,7,No,6,No,6,No,6,No,9,No,1,No,1,Yes,1,Yes,1,Yes,1,Yes,1,No,1,No,1,No,1,No,,0,#REF!
164,https://www.fortinet.com/resources/cyberglossary/business-web-application-firewall,NGFW/firewall,Web Application Firewall For Enterprise,0,69,2,No,2,No,1,No,2,No,2,No,2,No,1,No,1,No,1,No,1,No,1,No,2,No,3,No,2,No,4,No,1,No,2,No,2,No,1,No,1,No,1,No,2,No,3,No,3,No,39,No,1,No,1,No,1,No,1,Yes,1,Yes,3,Yes,6,Yes,3,No,6,No,7,No,5,No,,2,#REF!
165,https://www.fortinet.com/resources/cyberglossary/waf,NGFW/firewall,WAF,1300,58,6,No,6,No,4,No,7,No,8,Yes,6,Yes,3,Yes,6,Yes,6,Yes,6,Yes,3,Yes,2,Yes,3,Yes,5,Yes,2,Yes,7,Yes,6,Yes,4,Yes,3,Yes,9,Yes,5,No,4,No,4,No,3,No,14,No,6,No,3,No,15,No,8,Yes,3,Yes,4,Yes,3,No,5,No,5,No,4,No,4,No,,0,#REF!
166,https://www.fortinet.com/resources/cyberglossary/comparing-virtual-firewalls,NGFW/firewall,Best Virtual Firwall,590,39,-,No,-,No,-,No,9,No,9,No,9,No,5,No,9,No,9,No,74,No,1,No,4,No,3,No,12,No,6,No,4,No,4,No,8,No,10,No,16,No,9,No,15,No,12,No,8,No,-,No,4,No,8,No,-,No,-,No,46,No,4,No,3,No,4,No,5,No,5,No,5,No,,0,#REF!
167,https://www.fortinet.com/resources/cyberglossary/next-generation-firewall,NGFW/firewall,NGFW,4400,52,-,No,-,No,-,No,-,No,-,No,-,No,-,No,-,No,-,No,-,No,-,No,-,No,71,No,11,No,1,No,3,No,5,No,5,No,3,Yes,12,No,7,No,9,No,24,No,29,No,26,No,22,No,30,No,32,No,13,Yes,21,Yes,18,Yes,20,Yes,19,No,2,No,18,No,24,No,,-6,#REF!
168,https://www.fortinet.com/resources/cyberglossary/network-security-vulnerability,Network Security,Network Security Vulnerability,110,27,1,No,1,No,1,No,1,No,1,No,1,Yes,1,Yes,1,Yes,1,Yes,1,Yes,1,Yes,1,Yes,1,Yes,1,Yes,1,Yes,1,Yes,1,Yes,1,Yes,1,Yes,1,Yes,1,Yes,1,Yes,1,Yes,1,Yes,1,Yes,1,Yes,1,Yes,1,Yes,1,No,1,No,1,No,1,No,1,Yes,1,Yes,1,Yes,1,Yes,,0,#REF!
169,https://www.fortinet.com/resources/cyberglossary/network-security-threats,Network Security,Network Security Threats,720,50,5,No,1,Yes,1,Yes,1,Yes,1,Yes,1,Yes,1,Yes,1,Yes,1,Yes,1,Yes,1,No,1,No,1,No,1,No,1,No,1,No,1,No,1,No,1,Yes,1,Yes,1,Yes,1,Yes,1,Yes,1,Yes,1,Yes,1,Yes,1,Yes,1,Yes,1,No,1,No,1,Yes,1,Yes,1,Yes,1,Yes,1,Yes,1,Yes,,0,#REF!
170,https://www.fortinet.com/resources/cyberglossary/cloud-network-security,Network Security,Cloud Network Security,2900,32,13,No,15,No,20,No,24,No,27,No,30,No,31,No,30,No,11,No,13,No,19,No,21,No,11,No,12,No,7,No,12,No,11,No,13,No,15,No,13,No,12,No,12,No,14,No,14,No,14,No,9,Yes,4,Yes,3,Yes,2,No,2,Yes,3,Yes,5,Yes,3,Yes,4,Yes,4,Yes,2,Yes,,2,#REF!
171,https://www.fortinet.com/resources/cyberglossary/network-security-management,Network Security,Network Security Management,1300,31,8,No,8,No,8,No,9,No,10,No,10,No,9,No,6,No,8,No,7,No,7,No,9,No,6,Yes,4,Yes,4,Yes,2,Yes,4,Yes,8,Yes,9,Yes,10,Yes,8,No,8,No,6,No,6,No,6,No,6,No,7,No,6,No,5,Yes,3,No,2,No,3,No,3,No,2,No,3,No,2,No,,1,#REF!
172,https://www.fortinet.com/resources/cyberglossary/network-security-vs-cybersecurity,Network Security,Network Security Vs Cybersecurity,90,12,,,,,,,1,Yes,1,Yes,1,Yes,1,Yes,1,Yes,1,Yes,1,Yes,1,Yes,1,Yes,1,Yes,1,Yes,1,Yes,1,Yes,1,Yes,1,Yes,1,Yes,1,Yes,1,Yes,1,Yes,1,Yes,1,Yes,1,Yes,1,Yes,1,Yes,1,Yes,1,Yes,1,Yes,1,Yes,1,Yes,1,Yes,1,Yes,1,Yes,1,Yes,,0,#REF!
173,https://www.fortinet.com/resources/cyberglossary/it-vs-ot-cybersecurity,OT Security,IT Vs OT Security,70,42,1,No,1,Yes,1,Yes,1,Yes,1,Yes,1,Yes,1,Yes,1,Yes,1,Yes,1,Yes,1,No,1,No,1,No,1,No,1,No,1,No,1,No,1,No,1,Yes,1,Yes,1,Yes,1,Yes,1,Yes,1,Yes,1,Yes,1,Yes,1,Yes,1,Yes,1,Yes,1,Yes,1,Yes,1,No,2,No,5,No,3,No,3,No,,0,#REF!
174,https://www.fortinet.com/resources/cyberglossary/manufacturing-ot,OT Security,Manufacturing OT,40,10,9,No,9,No,9,No,9,Yes,9,Yes,9,Yes,9,Yes,4,Yes,7,Yes,8,Yes,9,Yes,16,Yes,10,Yes,1,Yes,9,Yes,8,Yes,8,Yes,8,Yes,8,Yes,8,Yes,8,Yes,3,Yes,10,Yes,15,Yes,21,Yes,4,Yes,7,No,-,No,8,Yes,2,No,2,No,2,No,2,No,3,No,2,No,2,No,,0,#REF!
175,https://www.fortinet.com/resources/cyberglossary/quantum-safe-encryption,Quantum Security,Quantum Safe Encryption,390,49,1,No,1,No,1,No,2,No,3,No,4,No,4,No,6,No,7,Yes,31,Yes,33,Yes,3,Yes,36,Yes,22,Yes,43,Yes,41,Yes,21,Yes,32,No,32,No,28,No,9,No,9,No,9,No,9,No,8,No,8,No,8,No,8,No,5,Yes,28,Yes,2,Yes,2,Yes,25,No,2,No,43,No,23,No,,20,#REF!
176,https://www.fortinet.com/resources/cyberglossary/sd-wan-vs-sase,SASE,SD WAN Vs SASE,70,13,2,Yes,2,Yes,2,Yes,2,Yes,2,Yes,1,Yes,1,Yes,1,Yes,1,Yes,1,Yes,1,Yes,1,Yes,1,Yes,1,Yes,1,Yes,1,Yes,1,Yes,1,Yes,1,Yes,1,Yes,1,Yes,1,Yes,1,Yes,1,Yes,2,Yes,2,Yes,1,Yes,1,Yes,1,Yes,1,Yes,2,Yes,2,Yes,2,Yes,2,Yes,2,Yes,2,Yes,,0,#REF!
177,https://www.fortinet.com/resources/cyberglossary/sase-vs-casb,SASE,SASE Vs CASB,260,25,6,No,9,Yes,9,Yes,10,Yes,5,Yes,4,Yes,5,Yes,2,Yes,2,Yes,4,Yes,6,No,2,No,4,No,2,No,6,No,2,No,2,No,2,No,2,Yes,1,Yes,1,Yes,2,Yes,2,Yes,1,Yes,2,Yes,4,Yes,2,Yes,3,Yes,3,Yes,2,Yes,1,Yes,1,Yes,1,Yes,2,Yes,2,Yes,2,Yes,,0,#REF!
178,https://www.fortinet.com/resources/cyberglossary/sase-architecture,SASE,SASE Architecture,1000,59,3,No,4,No,3,No,3,No,5,No,5,No,4,No,5,No,7,No,4,No,4,No,4,No,2,Yes,3,Yes,4,Yes,4,Yes,3,Yes,3,Yes,1,Yes,1,Yes,1,Yes,1,Yes,1,Yes,1,Yes,1,Yes,2,Yes,3,Yes,3,Yes,3,No,4,No,6,No,8,No,6,No,5,No,6,No,5,No,,1,#REF!
179,https://www.fortinet.com/resources/cyberglossary/sase-vs-ztna,SASE,SASE Vs ZTNA,110,17,1,No,2,No,2,No,2,No,2,No,2,No,2,No,2,No,2,No,2,No,2,No,1,Yes,2,Yes,2,Yes,3,Yes,2,Yes,1,Yes,1,Yes,1,Yes,2,Yes,1,Yes,2,Yes,3,Yes,2,Yes,2,Yes,3,Yes,2,Yes,3,Yes,3,Yes,3,Yes,3,Yes,3,Yes,4,Yes,3,Yes,4,Yes,4,No,,0,#REF!
180,https://www.fortinet.com/resources/cyberglossary/sovereign-sase,SASE,Sovereign SASE,40,8,,,,,,,1,No,1,No,1,No,1,No,1,No,1,No,1,No,1,No,1,No,1,No,1,No,1,No,1,No,1,No,1,No,1,No,1,No,1,No,1,No,1,No,1,No,1,No,1,No,1,No,9,No,4,No,2,No,2,Yes,3,Yes,2,Yes,2,Yes,1,Yes,1,Yes,,0,#REF!
181,https://www.fortinet.com/resources/cyberglossary/sdn-vs-sd-wan,SD-WAN,SDN Vs SD WAN,210,24,1,No,1,No,1,No,1,No,1,Yes,1,Yes,1,Yes,1,Yes,1,Yes,1,Yes,1,Yes,1,Yes,1,Yes,1,Yes,1,Yes,1,Yes,1,Yes,1,Yes,1,Yes,1,Yes,1,Yes,1,Yes,1,Yes,1,Yes,1,Yes,1,Yes,1,Yes,1,Yes,1,Yes,1,No,1,No,1,No,1,Yes,1,Yes,1,Yes,1,Yes,,0,#REF!
182,https://www.fortinet.com/resources/cyberglossary/sd-wan-vs-vpn,SD-WAN,SD WAN Vs VPN,110,12,3,Yes,3,Yes,3,Yes,3,Yes,3,Yes,2,Yes,2,Yes,2,Yes,1,Yes,1,Yes,1,Yes,1,Yes,2,Yes,5,Yes,4,Yes,2,Yes,1,Yes,2,Yes,2,Yes,2,Yes,2,Yes,1,Yes,1,No,1,No,5,No,3,No,2,No,5,No,5,Yes,4,Yes,5,Yes,4,Yes,5,Yes,5,Yes,4,Yes,4,Yes,,0,#REF!
183,https://www.fortinet.com/resources/cyberglossary/sd-wan-explained,SASE,SD WAN Explained,50,40,11,No,7,No,6,No,6,No,6,No,6,No,6,No,8,No,2,No,4,No,3,No,1,No,1,No,4,No,4,No,2,No,3,No,2,No,3,No,2,No,4,No,2,No,2,No,5,No,6,No,5,No,4,No,4,No,3,No,3,No,3,No,2,No,3,No,5,No,2,No,6,No,,-4,#REF!
184,https://www.fortinet.com/resources/cyberglossary/benefits-of-sd-wan,SD-WAN,SD WAN Benefits,390,24,1,Yes,1,Yes,1,Yes,1,Yes,1,Yes,1,Yes,1,Yes,1,Yes,1,Yes,1,Yes,1,Yes,1,Yes,1,Yes,1,Yes,1,Yes,1,Yes,1,Yes,1,Yes,1,Yes,1,Yes,1,Yes,1,Yes,1,Yes,1,Yes,9,Yes,1,Yes,1,Yes,1,Yes,1,No,1,No,1,No,1,No,1,Yes,1,Yes,1,Yes,1,Yes,,0,#REF!
185,https://www.fortinet.com/resources/cyberglossary/sd-wan-as-a-service,SASE,SD WAN As A Service,590,7,1,Yes,1,Yes,1,Yes,1,Yes,1,Yes,1,No,1,No,1,No,1,No,1,No,1,No,2,No,34,No,1,Yes,1,Yes,1,Yes,1,Yes,1,Yes,1,Yes,1,Yes,1,Yes,1,Yes,1,Yes,1,Yes,1,Yes,1,Yes,1,Yes,1,Yes,1,No,1,No,1,No,1,No,1,No,1,No,1,No,1,No,,0,#REF!
186,https://www.fortinet.com/resources/cyberglossary/sd-wan-security,SASE,SD WAN Security,260,30,6,No,13,No,14,No,12,No,5,No,18,No,17,No,18,No,19,No,5,No,4,No,4,No,9,No,6,No,5,No,4,No,10,No,4,No,4,No,4,No,4,No,3,No,4,No,14,No,15,No,13,No,11,No,17,No,14,No,5,No,10,No,2,No,6,No,7,No,2,No,6,No,,-4,#REF!
187,https://www.fortinet.com/resources/cyberglossary/sd-wan-vs-mpls,Network Security,SD WAN Vs Mpls,880,19,,,,,,,9,No,3,No,4,No,4,No,1,No,1,No,1,No,1,No,2,No,2,No,1,Yes,1,Yes,2,Yes,2,Yes,3,Yes,2,Yes,4,Yes,6,Yes,6,Yes,11,Yes,9,Yes,12,Yes,8,Yes,2,Yes,3,Yes,3,Yes,3,Yes,3,Yes,4,Yes,3,Yes,4,Yes,2,Yes,3,Yes,,-1,#REF!
188,https://www.fortinet.com/resources/cyberglossary/what-is-secops,Security Operations (SecOps),Security Operations,1300,49,11,No,13,No,7,No,12,No,17,Yes,9,Yes,12,Yes,10,Yes,5,Yes,5,Yes,10,Yes,11,Yes,5,Yes,9,Yes,12,Yes,10,Yes,10,Yes,18,Yes,13,Yes,17,Yes,23,Yes,29,No,26,No,12,No,14,No,17,No,15,No,18,No,10,Yes,2,No,2,No,2,No,3,No,3,No,2,No,2,No,,0,#REF!
189,https://www.fortinet.com/resources/cyberglossary/secops-metrics,Security Operations (SecOps),Secops Metrics,30,16,1,No,1,No,1,No,1,No,1,No,1,No,1,No,1,No,1,Yes,1,Yes,1,Yes,1,Yes,1,Yes,1,Yes,1,Yes,1,Yes,1,Yes,1,Yes,1,Yes,1,Yes,1,Yes,1,Yes,1,Yes,1,No,1,No,1,No,1,No,1,No,1,Yes,1,Yes,1,Yes,1,Yes,1,No,1,No,1,No,1,No,,0,#REF!
190,https://www.fortinet.com/resources/cyberglossary/how-to-implement-zero-trust,ZTNA,How To Implement Zero Trust,880,50,5,Yes,2,Yes,3,Yes,4,Yes,2,Yes,4,No,3,No,2,No,3,No,3,No,4,No,2,No,3,No,2,Yes,2,Yes,2,Yes,1,Yes,2,Yes,1,Yes,2,Yes,1,Yes,2,No,2,No,2,No,2,No,2,No,3,No,1,No,1,Yes,2,Yes,1,No,2,Yes,2,Yes,3,Yes,2,Yes,4,Yes,,-2,#REF!
191,https://www.fortinet.com/resources/cyberglossary/universal-ztna,ZTNA,Universal ZTNA,110,15,2,No,2,No,1,No,1,Yes,1,Yes,1,Yes,1,Yes,1,Yes,1,Yes,1,Yes,1,Yes,1,Yes,1,Yes,1,Yes,1,Yes,1,Yes,1,Yes,1,Yes,1,Yes,1,Yes,1,Yes,1,Yes,1,Yes,1,Yes,1,Yes,1,Yes,1,Yes,1,Yes,1,No,1,No,1,No,1,Yes,1,Yes,1,Yes,1,No,1,No,,0,#REF!
192,https://www.fortinet.com/resources/cyberglossary/zero-trust-edge,ZTNA,Zero Trust EDGE,260,14,1,Yes,1,Yes,1,Yes,1,Yes,1,Yes,1,No,1,No,1,No,1,No,1,No,2,No,4,No,10,No,5,No,3,No,12,No,3,No,2,No,2,No,11,No,12,No,11,Yes,10,Yes,19,Yes,16,Yes,10,Yes,17,Yes,15,Yes,14,No,2,No,2,Yes,2,No,2,No,2,No,2,No,2,No,,0,#REF!
193,https://www.fortinet.com/resources/cyberglossary/what-is-the-zero-trust-network-security-model,ZTNA,Zerotrust Security Model,5400,36,5,No,7,No,3,No,6,No,6,No,5,No,4,No,4,No,3,No,3,No,2,Yes,2,Yes,4,No,2,Yes,2,No,3,No,3,No,2,No,2,No,3,No,5,No,6,Yes,6,No,2,No,1,No,1,No,1,No,1,No,1,Yes,1,No,1,No,1,No,1,No,1,No,1,No,1,No,,0,#REF!
194,https://www.fortinet.com/resources/cyberglossary/ztna-vs-vpn,ZTNA,ZTNA Vs VPN,1000,29,9,No,3,No,12,No,8,No,5,No,5,No,2,No,2,No,2,No,4,No,3,No,5,No,2,No,4,No,5,Yes,2,Yes,1,Yes,1,Yes,1,Yes,1,Yes,1,Yes,1,Yes,1,No,1,No,1,No,1,No,1,No,1,No,1,Yes,1,Yes,1,Yes,1,Yes,1,No,1,No,1,No,1,No,,0,#REF!
195,https://www.fortinet.com/resources/cyberglossary/what-is-ztna,ZTNA,Zero-Trust Network Access,8100,74,1,No,1,No,1,No,1,No,1,No,1,No,1,No,2,Yes,2,No,4,Yes,2,Yes,1,Yes,2,No,2,No,2,No,2,No,3,No,2,No,2,No,2,Yes,2,No,4,No,5,No,2,No,4,Yes,4,Yes,3,Yes,2,Yes,2,Yes,1,Yes,1,Yes,2,Yes,2,No,3,Yes,2,Yes,2,Yes,,0,#REF!
196,https://www.fortinet.com/resources/cyberglossary/virtual-firewall-zero-trust,ZTNA,Virtual Firewall For Zero Trust,0,30,1,No,1,No,1,No,1,No,1,No,1,No,1,No,1,No,1,No,1,No,1,No,1,No,1,No,1,No,1,No,1,No,1,No,1,No,1,No,1,No,1,No,1,No,1,No,1,No,1,No,1,No,1,No,1,No,1,Yes,1,Yes,1,Yes,1,Yes,1,No,1,No,1,No,1,No,,0,#REF!
197,https://www.fortinet.com/resources/cyberglossary/what-is-cognitive-science,Cyber Security,Cognitive Science,12100,66,7,No,10,No,9,No,9,No,10,No,8,No,9,No,9,No,9,No,9,No,8,No,8,No,6,No,6,No,6,No,5,No,9,No,9,No,9,No,7,No,3,No,7,No,10,No,10,No,10,No,11,No,10,No,10,No,10,No,3,No,2,Yes,2,No,3,No,3,No,3,No,4,No,,-1,#REF!
198,https://www.fortinet.com/resources/cyberglossary/what-is-fedramp,Cyber Compliance,Fedramp,18100,67,11,No,10,No,8,No,10,No,9,No,10,No,8,No,7,No,5,No,7,No,4,No,4,No,6,No,5,No,5,No,6,No,5,No,6,No,8,No,8,No,8,Yes,5,Yes,9,No,10,No,9,No,10,No,12,No,8,No,8,No,11,No,11,No,11,No,11,No,11,No,10,No,9,No,,1,#REF!
199,https://www.fortinet.com/resources/cyberglossary/hyperscale,Cyber Security,Hyperscale Data Center,1900,34,11,No,11,No,11,No,14,No,10,No,7,Yes,11,No,10,No,8,No,4,Yes,9,No,11,No,10,No,10,No,9,No,9,No,10,No,10,No,11,No,11,No,11,No,15,No,19,No,21,No,22,No,26,No,24,No,24,No,23,No,32,No,2,No,2,No,21,No,1,Yes,1,No,13,Yes,,-12,#REF!
200,https://www.fortinet.com/resources/cyberglossary/what-is-adware,Cyber Threats,What Is Adware,3600,46,6,No,5,No,7,No,7,No,4,No,5,Yes,5,No,4,No,5,No,4,No,6,No,3,No,5,No,4,No,4,No,4,No,3,Yes,4,Yes,4,No,2,Yes,3,Yes,3,No,4,No,3,No,3,Yes,2,Yes,4,No,3,No,3,Yes,2,Yes,2,Yes,2,Yes,2,Yes,2,Yes,2,Yes,2,No,,0,#REF!
201,https://www.fortinet.com/resources/cyberglossary/common-vulnerability-scoring-system,Cyber Security,Common Vulnerability Scoring System,18100,77,11,No,10,No,10,No,11,No,11,No,11,No,10,No,10,No,11,No,13,No,13,No,9,No,10,No,8,No,10,No,15,No,14,No,13,No,17,No,12,No,16,No,20,No,19,No,19,No,19,No,17,No,21,No,19,No,18,No,4,No,4,No,3,No,3,No,4,No,5,No,4,No,,1,#REF!
202,https://www.fortinet.com/resources/cyberglossary/what-is-bitcoin-mining,Cyber Security,Bitcoin Mining,12100,94,6,No,7,No,4,No,3,No,4,No,5,No,4,No,4,No,4,No,5,No,4,No,5,No,6,No,5,No,5,No,6,No,6,No,6,No,6,No,6,No,7,No,6,No,6,No,6,No,6,No,6,Yes,6,Yes,6,No,6,Yes,2,Yes,2,Yes,2,Yes,2,Yes,2,Yes,2,No,6,Yes,,-4,#REF!
203,https://www.fortinet.com/resources/cyberglossary/business-email-compromise,Email Security,Business Email Compromise,2900,58,19,No,15,No,10,No,6,No,11,No,13,No,10,No,13,No,17,No,13,No,18,No,16,No,19,No,13,No,10,No,24,No,25,No,27,No,25,No,23,No,15,No,23,No,23,No,25,No,25,No,23,Yes,24,No,24,No,23,Yes,25,No,28,Yes,2,Yes,5,No,9,No,7,No,7,No,,0,#REF!
204,https://www.fortinet.com/resources/cyberglossary/dmarc,Email Security,What Is Dmarc,12100,78,9,Yes,11,No,3,No,13,No,6,No,11,No,7,No,9,No,6,No,4,No,8,No,5,No,7,Yes,7,No,6,No,9,No,7,No,6,Yes,8,No,10,No,5,Yes,7,No,10,No,9,No,1,Yes,2,Yes,16,Yes,2,Yes,2,Yes,2,No,2,No,2,No,3,Yes,3,Yes,2,No,2,No,,0,#REF!
205,https://www.fortinet.com/resources/cyberglossary/iso-iec-27001,Cyber Compliance,ISO/IEC 27001,2900,62,9,No,9,No,5,No,5,No,16,Yes,2,No,2,No,2,No,2,No,4,No,2,No,4,No,2,No,6,No,6,No,4,No,4,No,9,No,11,No,8,No,13,No,12,No,15,No,15,No,9,No,11,No,16,No,13,No,12,No,6,No,6,No,5,No,5,No,6,No,6,No,2,No,,4,#REF!
206,https://www.fortinet.com/resources/cyberglossary/what-is-mssp,Cyber Security,Managed Security Service Provider,12100,61,5,No,6,No,7,No,7,No,5,No,7,No,6,No,5,Yes,4,Yes,3,No,2,No,2,No,2,Yes,3,Yes,2,Yes,3,No,5,No,4,Yes,3,Yes,4,Yes,4,Yes,4,Yes,4,No,4,Yes,3,Yes,2,Yes,5,Yes,3,No,2,Yes,1,No,1,Yes,1,No,2,Yes,2,Yes,2,Yes,2,Yes,,0,#REF!
207,https://www.fortinet.com/resources/cyberglossary/what-is-sandboxing,Security Operations (SecOps),Sandboxing,1900,56,1,No,1,No,1,Yes,1,No,1,No,1,No,1,Yes,1,Yes,1,Yes,1,No,1,No,1,Yes,1,No,1,Yes,1,No,1,Yes,1,Yes,1,Yes,1,Yes,1,Yes,2,Yes,4,Yes,5,Yes,6,Yes,5,Yes,5,Yes,7,Yes,6,Yes,6,Yes,2,Yes,6,No,6,No,6,Yes,5,Yes,4,Yes,5,Yes,,-1,#REF!
208,https://www.fortinet.com/resources/cyberglossary/what-is-web-security,Cloud Security,Web Security,2400,43,2,No,3,No,3,Yes,3,Yes,3,Yes,3,No,3,No,3,No,4,Yes,5,No,3,No,2,No,2,No,3,No,3,Yes,3,Yes,3,Yes,3,No,2,Yes,3,No,7,No,7,No,7,No,10,No,9,No,9,No,8,No,8,No,7,Yes,21,No,21,No,29,No,20,Yes,24,No,2,No,19,No,,-17,#REF!
209,https://www.fortinet.com/resources/cyberglossary/cybersecurity-management,Cyber Security,Cybersecurity Management,720,28,10,No,7,No,11,No,10,No,5,No,10,No,8,No,11,No,5,No,4,No,3,No,4,No,6,No,4,No,1,No,3,Yes,2,Yes,2,Yes,2,Yes,4,Yes,12,Yes,9,Yes,7,Yes,9,Yes,7,Yes,4,Yes,3,Yes,3,Yes,3,Yes,3,Yes,2,Yes,2,Yes,2,No,3,No,2,No,2,No,,0,#REF!
210,https://www.fortinet.com/resources/cyberglossary/what-is-endpoint-security,Endpoint Security,Endpoint Security,1600,49,10,No,12,No,11,Yes,12,Yes,10,Yes,9,Yes,6,Yes,5,Yes,5,No,4,No,5,No,5,No,5,No,3,No,3,No,3,No,3,No,3,No,3,No,4,No,2,No,3,No,2,Yes,3,No,2,Yes,4,No,3,Yes,4,Yes,4,No,2,No,3,No,3,No,4,No,3,No,5,Yes,3,No,,2,#REF!
211,https://www.fortinet.com/resources/cyberglossary/encryption,Data Security,What Is Encryption,3600,75,9,No,10,No,10,No,11,No,12,No,12,No,7,No,10,No,9,No,6,Yes,4,No,5,No,8,No,5,No,6,No,7,No,5,No,4,Yes,4,No,4,Yes,4,Yes,7,Yes,5,Yes,8,No,9,Yes,8,Yes,5,No,8,No,5,Yes,6,Yes,9,Yes,5,No,7,No,9,Yes,6,Yes,13,Yes,,-7,#REF!
212,https://www.fortinet.com/resources/cyberglossary/ldap-authentication,Network Security,LDAP Authentication,880,24,6,No,6,No,9,No,11,No,7,No,7,No,4,No,5,No,5,No,3,No,2,No,4,No,3,No,3,No,3,No,3,No,3,No,1,No,1,No,1,Yes,1,Yes,1,Yes,1,Yes,1,Yes,1,Yes,1,Yes,1,No,1,No,1,No,1,No,1,No,1,Yes,1,No,1,No,1,No,1,No,,0,#REF!
213,https://www.fortinet.com/resources/cyberglossary/privileged-identity-management,SASE,Privileged Identity Management,6600,33,10,No,16,No,11,No,11,No,10,Yes,11,No,10,No,5,Yes,7,No,10,No,13,No,14,No,16,No,15,Yes,11,No,11,No,11,No,9,No,11,No,11,No,13,No,12,No,11,No,15,No,13,No,11,No,8,Yes,8,No,8,Yes,2,Yes,3,Yes,4,Yes,4,No,3,Yes,2,No,2,No,,0,#REF!
214,https://www.fortinet.com/resources/cyberglossary/what-is-dmz,Network Security,DMZ,22200,80,5,No,5,Yes,4,Yes,5,No,4,No,5,No,5,No,3,No,5,No,5,No,4,No,5,No,4,No,4,No,6,No,7,No,7,No,7,No,5,Yes,6,Yes,6,No,8,No,7,No,10,Yes,7,No,8,Yes,6,Yes,6,No,5,No,3,No,3,No,4,No,3,No,4,No,4,No,3,Yes,,1,#REF!
215,https://www.fortinet.com/resources/cyberglossary/does-vpn-decrease-internet-speed,VPN,Does VPN Affect Internet Speed,90,43,3,No,3,No,7,No,4,No,3,Yes,1,No,1,No,1,No,2,No,3,Yes,3,Yes,4,Yes,3,Yes,3,Yes,3,Yes,3,Yes,3,Yes,3,Yes,3,Yes,3,Yes,2,Yes,2,Yes,5,Yes,5,Yes,3,Yes,5,No,5,No,1,No,1,No,3,No,4,No,4,No,4,No,5,Yes,5,Yes,5,Yes,,0,#REF!
216,https://www.fortinet.com/resources/cyberglossary/are-vpns-safe,VPN,Are VPNs Safe,1300,34,6,No,11,No,9,No,8,No,7,No,10,No,9,No,6,No,3,No,4,No,5,No,5,No,4,No,4,No,2,No,5,No,11,No,5,No,6,No,6,Yes,7,Yes,6,Yes,6,Yes,7,Yes,6,Yes,7,Yes,7,Yes,6,Yes,6,No,5,No,5,No,5,No,5,Yes,6,Yes,6,No,7,No,,-1,#REF!
217,https://www.fortinet.com/resources/cyberglossary/threat-modeling,Data Security,Threat Modeling,2900,60,11,No,13,No,11,No,11,No,7,No,12,No,10,No,10,No,10,No,10,No,7,No,9,No,9,No,8,No,10,No,10,No,10,No,6,Yes,13,No,11,No,13,No,14,No,13,No,12,No,17,No,11,No,12,No,12,No,11,Yes,2,Yes,2,Yes,2,Yes,2,No,2,No,2,No,2,No,,0,#REF!
218,https://www.fortinet.com/resources/cyberglossary/are-vpns-safe,VPN,Is VPN Safe,1300,45,3,No,3,No,4,No,3,No,3,No,6,No,5,No,4,No,2,No,4,No,3,No,4,No,4,No,3,No,2,No,5,No,5,No,4,No,5,No,5,No,6,No,6,No,6,No,6,No,6,No,6,No,6,No,6,No,5,Yes,2,Yes,2,Yes,2,Yes,2,Yes,2,Yes,2,Yes,2,Yes,,0,#REF!
219,https://www.fortinet.com/resources/cyberglossary/attack-vector,Cyber Threats,Attack Vector,1600,48,5,No,4,No,2,No,6,No,3,No,1,No,2,No,4,No,4,Yes,5,Yes,2,Yes,4,Yes,5,Yes,3,Yes,4,Yes,4,Yes,4,No,6,No,4,No,3,No,3,No,3,No,3,No,5,No,7,No,7,No,6,No,6,No,6,Yes,8,Yes,5,Yes,4,Yes,5,Yes,6,Yes,5,Yes,6,Yes,,-1,#REF!
220,https://www.fortinet.com/resources/cyberglossary/service-set-identifier-ssid,Cyber Security,Service Set Identifier,1300,21,1,No,1,No,1,No,1,No,1,No,1,No,1,No,1,No,1,No,1,No,1,No,1,No,1,Yes,1,Yes,1,Yes,1,Yes,1,Yes,1,Yes,1,Yes,1,Yes,1,Yes,1,Yes,1,Yes,1,Yes,1,Yes,1,Yes,1,Yes,1,Yes,1,No,1,No,1,No,1,No,1,Yes,1,Yes,1,Yes,1,Yes,,0,#REF!
221,https://www.fortinet.com/resources/cyberglossary/digital-rights-management-drm,Data Security,Digital Rights Management,5400,49,2,No,2,No,4,No,3,Yes,2,Yes,2,Yes,1,No,2,Yes,3,No,2,Yes,2,No,3,No,2,Yes,2,Yes,2,Yes,2,Yes,2,Yes,2,Yes,2,Yes,1,Yes,2,No,2,Yes,3,Yes,3,No,3,No,3,Yes,3,Yes,3,Yes,3,Yes,6,No,6,No,6,No,6,No,4,No,4,No,6,Yes,,-2,#REF!
222,https://www.fortinet.com/resources/cyberglossary/content-filtering,Security Operations (SecOps),Content Filtering,2400,35,1,No,1,No,1,Yes,1,No,1,Yes,1,No,1,No,1,No,1,No,1,No,1,Yes,1,No,1,Yes,1,Yes,1,Yes,1,Yes,1,Yes,1,Yes,1,Yes,1,Yes,1,No,1,Yes,1,No,1,No,1,Yes,1,Yes,1,Yes,1,Yes,1,No,1,Yes,1,Yes,1,Yes,1,Yes,1,Yes,1,Yes,1,Yes,,0,#REF!
223,https://www.fortinet.com/resources/cyberglossary/what-is-splunk,Data Security,What Is Splunk,4400,44,5,No,5,No,5,No,4,Yes,2,Yes,3,Yes,3,No,3,No,2,Yes,5,No,4,No,3,Yes,4,Yes,3,Yes,2,No,2,Yes,2,No,3,Yes,2,No,1,Yes,2,Yes,2,No,2,Yes,2,Yes,2,Yes,2,Yes,2,Yes,2,Yes,2,Yes,5,Yes,5,Yes,2,Yes,2,Yes,3,No,5,No,5,No,,0,#REF!
224,https://www.fortinet.com/resources/cyberglossary/proxy-server,SASE,What Is Proxy Server,1600,63,3,Yes,4,Yes,5,Yes,4,Yes,6,Yes,5,Yes,4,Yes,1,No,1,No,1,No,1,No,1,No,1,No,2,No,6,No,2,Yes,3,Yes,3,Yes,3,Yes,3,Yes,2,Yes,2,Yes,2,Yes,3,Yes,2,Yes,2,Yes,2,Yes,3,Yes,3,No,14,No,14,No,12,No,15,Yes,17,Yes,20,Yes,18,Yes,,2,#REF!
225,https://www.fortinet.com/resources/cyberglossary/data-egress,Data Security,Data Egress,320,35,1,No,1,No,1,No,1,No,1,No,1,No,1,No,1,No,1,No,1,No,1,No,1,No,1,No,1,No,1,Yes,1,Yes,1,Yes,1,Yes,1,Yes,1,Yes,1,Yes,1,Yes,1,Yes,1,Yes,1,Yes,1,Yes,1,Yes,1,Yes,1,No,1,No,1,No,1,Yes,1,Yes,1,Yes,1,Yes,1,Yes,,0,#REF!
226,https://www.fortinet.com/resources/cyberglossary/iot-edge,OT Security,IOT EDGE,390,50,5,Yes,3,Yes,1,Yes,3,Yes,4,Yes,4,Yes,4,Yes,5,Yes,3,Yes,5,Yes,4,Yes,3,No,2,No,4,No,2,No,3,No,5,No,5,No,4,No,6,No,8,No,9,No,8,No,9,No,10,No,7,No,8,No,8,No,7,No,2,Yes,2,Yes,2,Yes,3,No,3,No,2,No,2,No,,0,#REF!
227,https://www.fortinet.com/resources/cyberglossary/http-proxy,SASE,Http Proxy,1900,59,1,No,1,No,1,No,1,No,1,No,1,Yes,1,Yes,1,Yes,1,Yes,1,Yes,1,Yes,1,Yes,1,No,1,Yes,1,Yes,1,Yes,1,Yes,1,Yes,1,Yes,1,Yes,1,Yes,1,Yes,1,Yes,1,Yes,1,Yes,1,Yes,1,Yes,1,Yes,1,Yes,1,Yes,1,Yes,1,Yes,1,Yes,1,Yes,1,Yes,1,No,,0,#REF!
228,https://www.fortinet.com/resources/cyberglossary/web-security-threats,Cyber Threats,Web Security Threats,110,49,3,Yes,1,Yes,1,Yes,1,Yes,1,Yes,1,Yes,1,Yes,1,Yes,1,Yes,1,No,1,No,1,No,1,No,1,No,1,No,1,No,1,No,1,No,1,No,1,No,1,No,1,No,2,No,3,No,5,No,3,No,5,No,4,No,3,Yes,2,Yes,2,No,2,No,2,No,2,No,2,No,2,No,,0,#REF!
229,https://www.fortinet.com/resources/cyberglossary/email-encryption,Email Security,Email Encryption,2900,51,6,No,8,No,6,No,5,No,7,No,7,No,6,No,6,No,4,No,5,No,4,Yes,3,Yes,2,No,3,No,2,No,3,Yes,2,Yes,4,No,3,Yes,3,Yes,5,Yes,4,Yes,5,Yes,4,Yes,3,Yes,3,Yes,2,No,2,Yes,2,No,9,No,7,No,5,No,7,Yes,7,Yes,6,No,4,No,,2,#REF!
230,https://www.fortinet.com/resources/cyberglossary/brute-force-attack,Cyber Threats,Brute Force Attack,1900,66,8,No,9,No,9,No,8,Yes,7,Yes,10,No,7,No,3,Yes,4,No,4,No,3,No,6,No,2,No,2,Yes,2,Yes,4,No,4,Yes,4,Yes,4,Yes,5,Yes,5,No,7,No,7,Yes,7,No,9,Yes,7,Yes,6,Yes,5,Yes,5,No,2,No,2,No,2,No,1,No,1,No,1,Yes,1,Yes,,0,#REF!
231,https://www.fortinet.com/resources/cyberglossary/defense-in-depth,Data Security,Defense In Depth,2900,60,3,Yes,3,Yes,2,Yes,2,No,3,No,3,No,2,No,3,Yes,3,No,6,Yes,2,Yes,2,No,2,No,2,No,2,No,1,Yes,1,No,2,No,2,Yes,1,Yes,1,Yes,1,Yes,1,Yes,1,Yes,1,Yes,1,No,2,Yes,2,Yes,2,No,5,No,4,No,4,No,5,Yes,3,Yes,1,Yes,2,Yes,,-1,#REF!
232,https://www.fortinet.com/resources/cyberglossary/honey-tokens,Data Security,Honey Tokens,320,23,2,Yes,2,Yes,1,Yes,1,Yes,1,Yes,1,Yes,1,Yes,2,Yes,2,Yes,2,Yes,2,Yes,2,Yes,2,No,2,No,2,No,1,No,1,No,1,No,1,No,1,No,1,Yes,1,Yes,1,Yes,1,Yes,1,Yes,1,Yes,1,Yes,1,Yes,1,No,1,No,1,No,1,No,1,Yes,1,Yes,1,Yes,1,Yes,,0,#REF!
233,https://www.fortinet.com/resources/cyberglossary/attack-surface,Data Security,Attack Surface,1900,55,3,No,2,Yes,4,Yes,3,Yes,3,Yes,2,Yes,3,No,3,No,3,No,3,No,4,Yes,3,No,3,Yes,2,No,2,Yes,2,Yes,2,Yes,2,Yes,2,Yes,2,Yes,2,Yes,2,Yes,2,Yes,2,Yes,3,No,2,No,2,Yes,2,Yes,2,Yes,5,Yes,6,Yes,5,Yes,6,Yes,6,Yes,5,Yes,4,Yes,,1,#REF!
234,https://www.fortinet.com/resources/cyberglossary/types-of-cyber-attacks,Data Security,Types Of Cyber Attacks,2900,68,2,No,2,No,1,No,1,Yes,1,No,1,No,1,No,1,Yes,1,No,1,No,1,Yes,1,No,1,No,1,Yes,1,Yes,1,No,1,Yes,1,Yes,1,Yes,1,No,1,Yes,1,Yes,1,No,1,Yes,1,Yes,1,Yes,1,Yes,1,Yes,1,Yes,1,Yes,1,Yes,1,No,1,Yes,1,Yes,1,No,1,Yes,,0,#REF!
235,https://www.fortinet.com/resources/cyberglossary/active-defense,Cyber Threats,Active Defense,170,20,4,Yes,2,Yes,2,Yes,4,Yes,3,Yes,2,Yes,3,Yes,3,No,3,No,2,No,2,No,2,No,2,No,2,No,2,No,2,Yes,2,Yes,1,Yes,1,Yes,1,Yes,1,Yes,1,Yes,1,Yes,1,Yes,2,Yes,4,Yes,3,Yes,1,Yes,1,No,1,No,1,No,1,No,2,Yes,7,Yes,7,Yes,9,Yes,,-2,#REF!
236,https://www.fortinet.com/resources/cyberglossary/nist-compliance,Cyber Compliance,Nist Compliance,1900,32,1,No,1,Yes,1,Yes,1,Yes,1,Yes,1,Yes,1,Yes,1,No,1,No,1,No,3,No,2,No,2,No,2,No,3,No,1,No,1,No,1,Yes,1,No,1,Yes,1,Yes,1,Yes,1,Yes,1,Yes,1,Yes,1,No,1,Yes,1,No,1,No,1,No,1,No,1,No,1,No,1,No,1,Yes,1,Yes,,0,#REF!
237,https://www.fortinet.com/resources/cyberglossary/remote-access-trojan,Cyber Threats,Remote Access Trojan,4400,42,2,Yes,2,Yes,1,Yes,1,Yes,2,No,1,Yes,2,No,2,No,2,No,2,Yes,3,No,2,No,2,No,2,Yes,2,Yes,1,Yes,1,Yes,1,Yes,1,Yes,2,Yes,2,No,2,Yes,2,Yes,2,Yes,2,Yes,2,No,3,No,3,No,3,Yes,2,Yes,2,Yes,2,Yes,2,Yes,2,Yes,2,No,2,Yes,,0,#REF!
238,https://www.fortinet.com/resources/cyberglossary/malware-analysis,Cyber Threats,Malware Analysis,1300,24,10,Yes,8,Yes,9,Yes,7,Yes,10,Yes,11,Yes,8,Yes,7,Yes,5,Yes,7,Yes,7,Yes,6,No,8,No,4,No,1,No,4,No,4,No,6,No,5,No,7,No,7,No,8,No,10,No,10,No,12,No,9,No,9,No,8,No,5,Yes,4,Yes,10,No,11,No,9,No,3,No,2,Yes,4,Yes,,-2,#REF!
239,https://www.fortinet.com/resources/cyberglossary/fake-hacking,Cyber Threats,Fake Hacking,5400,51,7,No,5,No,8,No,6,No,7,No,7,No,5,No,6,No,6,No,5,No,3,No,4,No,4,No,5,No,2,No,5,No,8,No,7,No,6,No,5,No,5,No,4,No,4,No,4,No,5,No,5,No,4,No,4,No,4,Yes,8,Yes,7,Yes,8,Yes,13,No,14,No,10,No,12,No,,-2,#REF!
240,https://www.fortinet.com/resources/cyberglossary/pos-security,Data Security,Pos Security,480,20,1,No,1,No,1,No,1,No,1,No,1,No,1,No,1,No,1,No,1,No,1,No,1,No,1,No,1,No,1,No,1,No,1,No,1,Yes,1,Yes,1,Yes,1,Yes,1,Yes,1,Yes,1,Yes,1,Yes,1,Yes,1,Yes,1,Yes,1,Yes,1,No,1,No,1,No,1,Yes,1,Yes,1,Yes,1,Yes,,0,#REF!
241,https://www.fortinet.com/resources/cyberglossary/iot-best-practices,OT Security,IOT Security Best Practices,210,37,5,Yes,5,Yes,15,Yes,16,Yes,16,Yes,22,No,16,No,18,No,22,No,22,No,3,No,2,No,4,No,2,No,2,Yes,2,Yes,1,Yes,1,Yes,1,Yes,1,Yes,1,Yes,1,Yes,1,Yes,1,Yes,1,Yes,1,Yes,1,Yes,1,Yes,1,Yes,1,Yes,1,Yes,1,Yes,1,No,1,No,1,No,1,No,,0,#REF!
242,https://www.fortinet.com/resources/cyberglossary/what-is-edr,Endpoint Security,What Is EDR,2400,63,10,Yes,6,No,6,Yes,10,No,9,Yes,10,No,8,No,5,No,4,No,6,No,7,No,5,No,6,No,3,Yes,5,No,4,Yes,6,Yes,7,Yes,6,Yes,7,No,6,No,6,No,5,Yes,5,Yes,5,No,6,No,6,Yes,6,No,6,Yes,3,Yes,3,Yes,3,Yes,3,Yes,3,No,2,Yes,3,No,,-1,#REF!
243,https://www.fortinet.com/resources/cyberglossary/types-of-endpoint-security,Endpoint Security,Types Of Endpoint Security,110,26,1,No,1,No,1,No,1,No,1,No,1,No,1,No,1,No,1,No,1,No,1,No,1,No,1,No,1,No,1,No,1,No,1,No,1,Yes,1,Yes,1,Yes,1,Yes,1,Yes,1,Yes,1,Yes,1,Yes,1,Yes,1,Yes,1,Yes,1,No,1,No,1,No,1,No,1,Yes,1,Yes,1,Yes,1,Yes,,0,#REF!
244,https://www.fortinet.com/resources/cyberglossary/what-is-wan-aggregation,Network Security,WAN Aggregation,260,18,2,No,3,Yes,3,Yes,2,Yes,2,Yes,1,Yes,1,Yes,1,Yes,1,Yes,1,Yes,1,No,1,No,1,No,2,No,1,No,1,No,2,No,6,No,4,Yes,6,Yes,7,Yes,11,Yes,8,Yes,8,Yes,10,Yes,8,Yes,5,Yes,8,Yes,1,No,1,No,1,No,2,No,4,Yes,5,Yes,5,Yes,5,Yes,,0,#REF!
245,https://www.fortinet.com/resources/cyberglossary/what-is-ueba,Security Operations (SecOps),UEBA,590,44,1,No,1,No,1,No,1,No,1,No,1,No,1,No,1,No,1,No,1,No,3,No,3,No,3,No,1,No,2,No,4,No,4,Yes,2,Yes,2,Yes,2,Yes,2,Yes,1,Yes,1,Yes,1,Yes,2,Yes,3,Yes,5,Yes,3,No,3,No,7,Yes,7,No,3,No,3,Yes,5,No,4,No,5,No,,-1,#REF!
246,https://www.fortinet.com/resources/cyberglossary/pst-file,Email Security,What Is A Pst File,2400,33,6,No,3,No,2,No,3,Yes,2,No,3,Yes,3,Yes,3,No,5,No,5,No,4,Yes,2,Yes,2,Yes,2,Yes,2,No,5,No,5,No,2,Yes,2,Yes,3,No,1,No,2,No,2,No,1,No,1,Yes,1,Yes,1,Yes,1,Yes,1,No,1,No,1,Yes,1,No,1,Yes,1,Yes,1,Yes,1,Yes,,0,#REF!
247,https://www.fortinet.com/resources/cyberglossary/saml-vs-oauth,Access Control,SAML Vs OAUTH,1000,31,2,No,5,No,9,No,9,No,5,No,5,No,4,No,3,No,2,No,2,No,3,No,2,No,1,No,1,Yes,1,Yes,1,Yes,1,Yes,1,Yes,1,Yes,1,Yes,1,Yes,1,No,1,No,1,No,1,No,1,No,1,No,1,No,1,No,1,No,1,No,1,No,1,No,1,No,1,No,1,No,,0,#REF!
248,https://www.fortinet.com/resources/cyberglossary/traceroutes,Cyber Security,What Is Traceroute,390,21,1,No,1,No,1,No,1,No,1,No,1,No,1,No,1,No,1,No,1,No,1,No,1,No,1,No,1,No,1,Yes,1,Yes,1,Yes,1,Yes,1,Yes,1,Yes,1,Yes,1,Yes,1,No,1,No,1,No,1,No,1,No,1,No,1,No,1,No,1,No,1,No,1,Yes,1,Yes,1,Yes,1,Yes,,0,#REF!
249,https://www.fortinet.com/resources/cyberglossary/authentication-token,SASE,Authentication Token,590,51,3,No,3,No,4,No,4,No,3,No,3,No,4,No,4,No,3,No,3,No,2,No,1,No,1,No,1,No,1,No,1,No,1,No,1,No,1,No,1,No,1,No,1,Yes,1,Yes,1,Yes,1,Yes,1,Yes,1,Yes,1,Yes,1,Yes,1,No,1,No,1,Yes,1,No,2,No,9,No,9,No,,0,#REF!
250,https://www.fortinet.com/resources/cyberglossary/network-traffic,Network Security,Network Traffic,720,41,1,Yes,1,Yes,1,Yes,1,Yes,1,Yes,1,Yes,1,Yes,1,No,1,No,1,No,1,No,1,No,1,No,1,No,1,No,1,Yes,1,Yes,1,Yes,1,Yes,1,Yes,1,Yes,1,Yes,1,Yes,1,Yes,1,Yes,1,Yes,1,Yes,1,Yes,1,No,1,No,1,No,1,No,1,Yes,1,Yes,1,Yes,1,Yes,,0,#REF!
251,https://www.fortinet.com/resources/cyberglossary/internet-fraud,Cyber Threats,Internet Fraud,1300,78,5,Yes,4,Yes,6,Yes,5,Yes,6,Yes,3,Yes,4,Yes,4,No,6,No,8,No,3,No,5,No,5,No,3,No,2,No,2,Yes,2,Yes,2,Yes,2,Yes,2,Yes,3,Yes,4,Yes,3,Yes,3,Yes,4,Yes,4,Yes,5,Yes,5,Yes,3,Yes,2,No,1,Yes,2,Yes,2,No,4,No,3,No,3,No,,0,#REF!
252,https://www.fortinet.com/resources/cyberglossary/802-1x-authentication,Cyber Threats,802.1X Authentication,1300,24,2,No,2,No,2,No,2,No,2,No,2,No,2,No,2,No,3,No,3,No,1,No,1,No,1,No,1,No,1,No,1,No,1,No,1,No,1,No,1,No,1,No,1,Yes,1,Yes,1,Yes,1,Yes,1,Yes,1,Yes,1,Yes,1,Yes,1,Yes,1,Yes,1,Yes,1,No,1,No,1,No,1,No,,0,#REF!
253,https://www.fortinet.com/resources/cyberglossary/network-access-control-list,Network Security,Network Access Control List,480,38,1,No,1,No,1,Yes,1,Yes,1,Yes,1,Yes,1,Yes,1,Yes,1,Yes,1,Yes,1,No,1,No,1,No,1,No,1,No,1,No,1,No,1,No,1,No,1,No,1,No,1,No,1,No,1,No,1,No,1,No,1,Yes,1,Yes,1,No,1,No,1,No,1,No,1,Yes,1,Yes,1,Yes,1,Yes,,0,#REF!
254,https://www.fortinet.com/resources/cyberglossary/what-is-an-open-proxy,Cyber Security,What Is An Open Proxy,110,17,1,Yes,1,Yes,1,Yes,1,Yes,1,Yes,1,Yes,1,Yes,1,Yes,1,Yes,1,Yes,1,Yes,1,Yes,1,Yes,1,Yes,1,Yes,1,Yes,1,Yes,1,Yes,1,Yes,1,Yes,1,Yes,1,Yes,1,Yes,1,Yes,1,Yes,1,Yes,1,Yes,1,Yes,1,No,1,No,1,No,1,No,1,No,1,No,1,No,1,No,,0,#REF!
255,https://www.fortinet.com/resources/cyberglossary/api-key,Cloud Security,What Is An API Key,8100,44,3,No,4,No,4,No,4,No,4,No,4,Yes,3,Yes,3,Yes,3,No,4,No,3,No,3,No,3,No,2,No,1,Yes,1,Yes,2,Yes,2,Yes,2,No,2,Yes,3,Yes,3,No,2,No,3,Yes,2,Yes,3,No,2,No,2,No,2,Yes,2,Yes,1,Yes,1,Yes,2,Yes,2,No,2,No,2,No,,0,#REF!
256,https://www.fortinet.com/resources/cyberglossary/radius-protocol,Access Control,Radius Protocol,1900,44,3,No,2,No,1,No,2,No,3,Yes,2,No,2,No,2,No,4,No,2,Yes,3,Yes,2,No,2,No,1,Yes,1,No,1,No,1,Yes,1,No,2,Yes,1,No,1,Yes,1,Yes,2,Yes,1,Yes,1,Yes,1,Yes,1,Yes,1,No,1,Yes,2,No,2,No,2,Yes,2,Yes,2,Yes,2,Yes,2,Yes,,0,#REF!
257,https://www.fortinet.com/resources/cyberglossary/transparent-proxy,Cyber Security,Transparent Proxy,480,25,1,No,1,No,1,No,1,No,1,No,1,No,1,No,1,No,1,No,1,No,3,No,1,Yes,1,Yes,1,Yes,1,Yes,1,Yes,1,Yes,1,Yes,1,Yes,1,No,1,No,1,No,1,No,1,No,1,No,1,No,1,Yes,1,Yes,1,Yes,1,Yes,1,Yes,1,Yes,1,Yes,1,Yes,1,Yes,1,Yes,,0,#REF!
258,https://www.fortinet.com/resources/cyberglossary/ocsp,Cyber Security,OCSP,2900,49,4,Yes,2,Yes,3,Yes,4,No,4,No,4,Yes,4,Yes,4,Yes,3,Yes,3,Yes,2,Yes,2,No,2,Yes,2,Yes,2,Yes,2,Yes,2,Yes,2,Yes,3,No,2,No,1,Yes,2,No,2,Yes,1,Yes,1,Yes,2,Yes,3,No,3,Yes,3,Yes,4,Yes,4,Yes,2,Yes,3,Yes,3,Yes,4,No,3,Yes,,1,#REF!
259,https://www.fortinet.com/resources/cyberglossary/centralized-management,Network Security,Centralized Management,590,24,6,No,5,Yes,2,Yes,4,Yes,3,Yes,7,Yes,4,Yes,7,Yes,5,Yes,4,Yes,3,Yes,4,Yes,2,Yes,4,Yes,2,Yes,4,Yes,3,Yes,5,Yes,4,Yes,3,Yes,4,Yes,2,Yes,2,Yes,1,Yes,4,Yes,6,Yes,3,Yes,1,Yes,1,No,4,No,9,No,9,No,10,Yes,9,Yes,8,Yes,9,Yes,,-1,#REF!
260,https://www.fortinet.com/resources/cyberglossary/benefits-of-vpn,VPN,Benefits Of VPN,1900,62,7,Yes,7,Yes,6,Yes,5,Yes,7,Yes,7,Yes,6,Yes,2,Yes,2,Yes,5,Yes,3,Yes,1,Yes,3,Yes,3,Yes,4,Yes,3,Yes,4,Yes,5,Yes,3,Yes,3,Yes,3,Yes,2,Yes,3,Yes,2,Yes,2,Yes,2,Yes,3,Yes,2,Yes,2,No,11,No,11,No,10,No,10,Yes,10,Yes,10,Yes,4,No,,6,#REF!
261,https://www.fortinet.com/resources/cyberglossary/vpn-split-tunneling,VPN,VPN Split Tunneling,880,42,4,No,2,No,7,No,4,No,4,No,3,No,6,Yes,2,Yes,3,Yes,4,Yes,7,Yes,2,Yes,3,Yes,5,Yes,2,Yes,2,Yes,2,Yes,2,Yes,2,Yes,2,Yes,3,Yes,2,Yes,3,No,3,No,2,No,2,No,2,No,2,No,2,No,2,No,2,No,2,No,2,Yes,2,Yes,2,Yes,2,Yes,,0,#REF!
262,https://www.fortinet.com/resources/cyberglossary/proxy-vs-vpn,VPN,Proxy Vs VPN,4400,53,3,Yes,2,Yes,1,Yes,2,Yes,2,No,9,Yes,6,No,3,No,4,No,4,No,4,No,3,Yes,4,No,5,No,2,Yes,4,Yes,5,No,4,Yes,5,No,4,Yes,3,No,3,Yes,2,No,4,No,4,Yes,3,Yes,3,Yes,2,No,2,Yes,1,Yes,2,Yes,2,Yes,2,Yes,2,No,2,Yes,2,Yes,,0,#REF!
263,https://www.fortinet.com/resources/cyberglossary/aaa-security,Access Control,AAA Security,880,51,4,No,5,No,4,No,4,No,3,No,5,No,4,No,4,No,4,No,6,No,5,No,6,No,5,No,6,No,4,No,3,No,5,No,6,No,6,No,5,No,6,No,7,No,6,No,5,No,5,Yes,5,Yes,5,Yes,5,Yes,4,No,4,No,5,No,4,No,5,No,5,No,5,No,4,No,,1,#REF!
264,https://www.fortinet.com/resources/cyberglossary/network-edge,OT Security,Network EDGE,480,49,1,No,1,No,1,No,1,No,1,No,1,No,1,No,1,No,1,No,1,No,1,No,1,No,1,No,1,No,1,No,1,No,1,No,1,No,1,No,1,No,1,No,1,No,1,No,1,No,1,No,1,No,1,No,1,No,1,No,1,No,1,No,1,No,1,No,1,No,1,No,1,No,,0,#REF!
265,https://www.fortinet.com/resources/cyberglossary/operational-security,OT Security,Operational Security,1600,37,2,Yes,2,Yes,3,Yes,3,No,4,No,4,No,3,No,4,No,2,No,4,No,3,No,2,No,3,No,2,No,2,No,2,No,2,No,3,No,2,No,2,Yes,2,Yes,2,Yes,2,Yes,2,Yes,2,Yes,2,Yes,2,No,2,No,2,Yes,3,Yes,3,No,3,Yes,4,No,4,No,4,Yes,4,Yes,,0,#REF!
266,https://www.fortinet.com/resources/cyberglossary/hybrid-data-center,Cloud Security,Hybrid Data Center,170,16,2,No,2,No,1,Yes,2,Yes,2,Yes,2,Yes,4,Yes,12,Yes,2,Yes,2,Yes,2,Yes,3,No,3,No,2,No,2,No,3,No,2,No,2,No,2,No,1,Yes,1,Yes,2,Yes,5,Yes,2,Yes,2,Yes,4,Yes,3,Yes,2,No,2,Yes,8,Yes,9,No,9,No,9,No,9,No,8,No,7,Yes,,1,#REF!
267,https://www.fortinet.com/resources/cyberglossary/how-to-setup-a-proxy-server,SASE,How To Setup A Proxy Server,590,34,9,No,8,No,5,No,8,No,7,No,5,No,5,No,4,No,4,No,3,No,3,No,6,No,5,No,6,No,7,No,7,No,7,No,7,No,7,No,2,No,1,No,1,No,5,No,8,No,7,No,12,No,15,No,11,No,11,No,6,No,4,No,2,No,3,No,3,No,3,No,4,No,,-1,#REF!
268,https://www.fortinet.com/resources/cyberglossary/message-authentication-code,Cyber Security,Message Authentication Code,390,39,2,Yes,2,No,3,No,3,No,3,No,3,No,3,No,3,No,3,No,3,No,4,No,3,No,3,No,3,No,2,No,2,No,3,No,2,No,2,Yes,2,Yes,2,Yes,2,Yes,2,Yes,1,Yes,2,Yes,2,Yes,4,Yes,3,Yes,3,No,7,No,7,No,8,No,8,Yes,8,Yes,7,Yes,11,Yes,,-4,#REF!
269,https://www.fortinet.com/resources/cyberglossary/dns-security,Network Security,DNS Security,1300,39,2,Yes,2,Yes,1,Yes,2,Yes,2,No,2,No,4,No,6,No,6,No,6,No,7,No,5,No,3,No,5,No,7,No,3,No,2,No,4,No,4,No,6,No,3,No,3,Yes,3,Yes,3,Yes,3,Yes,6,Yes,8,No,6,Yes,4,No,7,No,7,No,8,No,9,Yes,8,Yes,10,Yes,11,Yes,,-1,#REF!
270,https://www.fortinet.com/resources/cyberglossary/healthcare-data-security,Data Security,Healthcare Data Security,590,20,1,Yes,1,Yes,1,Yes,1,Yes,1,Yes,1,Yes,1,Yes,1,Yes,1,Yes,1,Yes,1,Yes,1,Yes,1,Yes,1,Yes,1,Yes,1,Yes,1,Yes,1,Yes,1,Yes,1,Yes,1,Yes,1,Yes,1,Yes,1,Yes,1,Yes,1,Yes,1,Yes,1,Yes,1,No,1,No,1,No,1,No,1,Yes,1,Yes,1,Yes,1,Yes,,0,#REF!
271,https://www.fortinet.com/resources/cyberglossary/data-center-security,Data Security,Data Center Security,2400,36,11,Yes,16,Yes,13,Yes,13,Yes,12,No,13,No,9,No,8,No,7,Yes,5,No,7,Yes,4,No,4,No,4,No,1,No,1,Yes,1,No,1,No,1,Yes,1,Yes,1,No,1,Yes,1,Yes,1,Yes,1,Yes,1,Yes,1,Yes,1,Yes,1,Yes,1,Yes,1,No,1,Yes,1,Yes,1,Yes,1,Yes,1,No,,0,#REF!
272,https://www.fortinet.com/resources/cyberglossary/what-is-cybersecurity-mesh,Cyber Security,Cybersecurity Mesh,210,34,1,No,1,No,1,No,1,No,1,No,1,No,1,No,1,No,1,Yes,1,Yes,1,Yes,1,Yes,1,Yes,1,Yes,1,Yes,1,Yes,1,Yes,1,Yes,1,Yes,1,Yes,1,Yes,1,Yes,1,Yes,1,No,1,No,1,No,1,No,1,No,1,Yes,1,No,1,Yes,1,Yes,1,Yes,1,Yes,1,Yes,1,Yes,,0,#REF!
273,https://www.fortinet.com/resources/cyberglossary/what-is-hacking,Cyber Threats,Hacking,18100,54,2,No,2,No,1,Yes,1,No,1,No,1,Yes,1,No,1,No,1,No,1,Yes,1,Yes,1,Yes,1,Yes,1,Yes,1,Yes,1,Yes,1,Yes,1,Yes,1,Yes,1,Yes,1,Yes,1,No,1,Yes,1,Yes,1,No,1,Yes,1,Yes,1,Yes,1,No,1,Yes,1,Yes,1,No,1,Yes,1,Yes,1,No,1,No,,0,#REF!
274,https://www.fortinet.com/resources/cyberglossary/how-does-vpn-work,VPN,How Does A VPN Work,5400,64,2,Yes,2,Yes,2,Yes,2,Yes,2,Yes,1,Yes,1,Yes,1,Yes,1,Yes,1,Yes,1,No,1,Yes,1,Yes,1,Yes,1,No,1,Yes,1,Yes,1,Yes,1,Yes,1,Yes,1,Yes,1,Yes,1,Yes,1,Yes,1,Yes,1,No,1,Yes,1,No,1,No,1,No,1,No,1,No,1,No,1,No,1,No,1,Yes,,0,#REF!
275,https://www.fortinet.com/resources/cyberglossary/cia-triad,Cyber Security,CIA Triad,9900,46,1,No,1,No,1,No,1,No,1,Yes,1,No,1,No,1,No,1,Yes,1,Yes,1,No,1,Yes,1,Yes,1,Yes,1,Yes,1,Yes,1,Yes,1,Yes,1,Yes,1,Yes,1,Yes,1,Yes,1,Yes,1,No,1,Yes,1,Yes,1,Yes,1,Yes,1,No,1,No,1,No,1,No,1,Yes,1,Yes,1,Yes,1,Yes,,0,#REF!
276,https://www.fortinet.com/resources/cyberglossary/security-as-a-service,Security Operations (SecOps),Security-As-A-Service,50,23,1,No,1,No,1,No,1,No,1,Yes,1,Yes,1,Yes,1,Yes,1,Yes,1,Yes,1,Yes,1,Yes,1,No,1,Yes,1,Yes,1,Yes,1,Yes,1,Yes,1,Yes,1,Yes,1,Yes,1,Yes,1,Yes,1,Yes,1,Yes,1,Yes,1,Yes,1,Yes,1,Yes,1,Yes,1,Yes,1,Yes,1,Yes,1,Yes,1,Yes,1,Yes,,0,#REF!
277,https://www.fortinet.com/resources/cyberglossary/compliance-automation,Cyber Compliance,Compliance Automation,1000,31,1,No,1,No,1,No,1,No,1,No,1,Yes,1,Yes,1,Yes,1,Yes,1,Yes,1,Yes,1,Yes,1,Yes,1,Yes,1,Yes,1,Yes,1,Yes,1,Yes,1,Yes,1,Yes,1,Yes,1,Yes,1,Yes,1,No,1,Yes,1,Yes,1,Yes,1,No,1,No,1,No,1,No,1,No,1,No,1,No,1,No,1,No,,0,#REF!
278,https://www.fortinet.com/resources/cyberglossary/data-deduplication,Data Security,Data Deduplication,480,43,13,No,15,No,16,No,13,No,11,No,13,No,8,No,10,No,8,No,12,No,8,No,3,No,11,No,11,No,11,No,12,No,11,No,10,No,8,No,9,No,12,No,7,No,13,No,14,No,13,No,11,No,12,No,12,No,11,No,9,No,8,No,9,No,8,No,9,No,8,No,7,No,,1,#REF!
279,https://www.fortinet.com/resources/cyberglossary/tcp-ip-model-vs-osi-model,Cyber Security,Tcp Ip Model Vs Osi Model,880,23,1,Yes,1,No,1,No,2,No,2,No,2,No,2,No,1,No,1,No,1,No,1,No,1,No,1,No,1,No,1,No,1,No,1,No,1,No,1,Yes,1,Yes,1,Yes,1,Yes,1,Yes,1,Yes,1,Yes,1,Yes,1,No,1,No,1,Yes,1,Yes,1,Yes,1,Yes,1,No,1,No,1,No,1,No,,0,#REF!
280,https://www.fortinet.com/resources/cyberglossary/tailgating-attack,Cyber Threats,Tailgating Attack,1600,35,1,Yes,1,Yes,1,Yes,1,Yes,1,No,1,No,1,No,1,No,1,No,1,No,3,No,3,No,2,Yes,2,Yes,2,Yes,2,Yes,3,Yes,2,Yes,2,Yes,2,Yes,3,Yes,2,Yes,2,Yes,3,Yes,2,Yes,2,Yes,3,Yes,2,Yes,2,Yes,3,Yes,2,No,1,Yes,1,Yes,1,Yes,1,Yes,1,Yes,,0,#REF!
281,https://www.fortinet.com/resources/cyberglossary/data-security,Data Security,Data Security,9900,70,6,No,11,No,12,No,12,No,10,Yes,10,Yes,9,Yes,6,No,6,No,4,Yes,5,Yes,6,No,7,No,5,No,2,Yes,3,No,5,Yes,2,Yes,2,Yes,2,Yes,3,No,3,No,3,Yes,3,No,2,Yes,3,Yes,3,No,3,Yes,3,No,5,No,5,No,5,Yes,7,Yes,6,Yes,5,No,5,No,,0,#REF!
282,https://www.fortinet.com/resources/cyberglossary/phishing-email-analysis,Email Security,Phishing Email Analysis,50,25,1,Yes,1,Yes,1,No,2,No,1,Yes,1,No,1,No,1,No,1,No,1,No,1,No,1,No,1,No,1,No,1,No,1,No,1,No,1,No,1,No,1,Yes,1,Yes,1,Yes,1,Yes,1,Yes,1,Yes,1,Yes,2,Yes,2,Yes,1,Yes,1,Yes,1,Yes,1,Yes,1,Yes,1,Yes,1,Yes,1,No,,0,#REF!
283,https://www.fortinet.com/resources/cyberglossary/data-exfiltration,Data Security,Data Exfiltration,1300,20,11,Yes,15,Yes,13,Yes,14,Yes,16,Yes,14,Yes,14,Yes,11,Yes,5,Yes,6,Yes,5,Yes,5,Yes,7,Yes,3,Yes,5,Yes,6,Yes,3,Yes,4,Yes,2,Yes,2,Yes,4,Yes,2,Yes,2,Yes,2,No,2,No,2,No,2,Yes,2,Yes,2,Yes,4,Yes,1,Yes,1,Yes,1,No,1,No,1,No,1,No,,0,#REF!
284,https://www.fortinet.com/resources/cyberglossary/pgp-encryption,Email Security,PGP Encryption,3600,57,3,No,3,No,2,Yes,5,No,4,Yes,4,No,5,No,2,No,1,Yes,1,Yes,6,No,3,No,6,No,5,No,3,No,3,Yes,2,Yes,3,Yes,1,Yes,3,Yes,3,Yes,3,No,3,Yes,3,Yes,2,Yes,3,No,2,Yes,3,Yes,3,No,5,No,4,No,3,No,5,No,5,No,4,No,4,No,,0,#REF!
285,https://www.fortinet.com/resources/cyberglossary/unified-threat-management,Network Security,Unified Threat Management,4400,32,2,No,2,No,1,No,1,Yes,1,Yes,1,No,1,No,1,No,1,No,1,Yes,1,Yes,1,No,1,No,1,No,1,No,1,No,1,No,1,Yes,1,No,1,Yes,1,Yes,1,Yes,1,No,1,Yes,1,Yes,1,No,1,Yes,1,Yes,1,No,1,No,1,No,1,No,1,Yes,1,Yes,1,No,1,Yes,,0,#REF!
286,https://www.fortinet.com/resources/cyberglossary/url-phishing,Cyber Threats,URL Phishing,210,57,1,No,1,No,1,No,1,No,1,Yes,1,Yes,1,Yes,1,Yes,1,Yes,1,Yes,1,Yes,1,Yes,1,Yes,1,Yes,1,Yes,1,Yes,1,No,1,Yes,1,Yes,1,No,1,Yes,1,Yes,1,Yes,1,Yes,1,Yes,1,Yes,1,Yes,28,Yes,1,No,1,No,1,No,1,No,1,No,1,No,1,No,1,No,,0,#REF!
287,https://www.fortinet.com/resources/cyberglossary/it-security-policy,Cyber Security,It Security Policy,720,41,1,No,1,No,1,No,1,Yes,1,Yes,1,Yes,1,Yes,1,Yes,1,Yes,1,Yes,1,Yes,1,Yes,1,Yes,1,Yes,1,Yes,1,Yes,1,Yes,1,Yes,1,Yes,1,Yes,1,Yes,1,Yes,1,Yes,1,Yes,1,Yes,1,Yes,1,Yes,1,Yes,1,No,1,No,1,No,1,No,1,Yes,1,Yes,1,Yes,1,Yes,,0,#REF!
288,https://www.fortinet.com/resources/cyberglossary/dns-hijacking,Cyber Threats,DNS Hijacking,720,40,3,Yes,3,Yes,1,Yes,1,Yes,2,No,3,No,2,No,3,No,4,No,4,No,4,No,3,No,4,No,3,Yes,3,Yes,3,Yes,2,Yes,2,Yes,2,Yes,2,Yes,3,Yes,4,No,3,No,3,No,2,No,3,No,4,No,4,No,4,No,5,No,8,No,7,No,7,No,7,No,6,No,7,No,,-1,#REF!
289,https://www.fortinet.com/resources/cyberglossary/dos-vs-ddos,Cyber Threats,DOS Vs DDOS,880,20,1,No,1,No,1,No,1,No,1,No,1,Yes,1,Yes,1,Yes,1,Yes,1,Yes,1,Yes,1,Yes,1,Yes,1,Yes,1,No,1,No,1,No,1,No,1,No,1,No,1,No,1,No,1,Yes,1,Yes,1,Yes,1,Yes,1,Yes,1,Yes,1,Yes,1,No,1,No,1,Yes,1,Yes,1,Yes,1,Yes,1,Yes,,0,#REF!
290,https://www.fortinet.com/resources/cyberglossary/whaling-attack,Cyber Threats,Whaling Attack,1300,22,2,No,2,No,2,No,2,No,2,No,2,No,2,No,3,No,4,No,3,No,2,No,2,No,3,No,3,No,2,No,3,No,2,Yes,4,Yes,4,Yes,4,Yes,4,Yes,4,Yes,3,Yes,2,Yes,2,No,3,No,2,No,2,No,2,No,6,No,7,No,6,No,6,No,6,No,4,No,5,No,,-1,#REF!
291,https://www.fortinet.com/resources/cyberglossary/what-is-botnet,Cyber Threats,Botnet,6600,60,2,No,5,No,5,No,5,Yes,6,Yes,4,Yes,3,Yes,4,No,6,No,6,No,7,No,6,No,5,No,6,Yes,2,Yes,4,Yes,3,Yes,3,Yes,5,No,5,Yes,3,No,5,Yes,7,No,7,Yes,6,Yes,5,Yes,4,No,4,No,4,No,3,Yes,3,Yes,3,Yes,3,No,5,No,5,No,3,No,,2,#REF!
292,https://www.fortinet.com/resources/cyberglossary/what-is-port-scan,Cyber Threats,Port Scan,2400,68,6,No,6,No,6,No,6,No,4,No,4,No,5,No,6,No,6,No,6,No,5,No,7,Yes,6,No,6,No,5,No,4,No,3,Yes,4,Yes,4,Yes,4,Yes,4,No,3,No,3,Yes,4,No,4,Yes,4,Yes,4,Yes,4,No,4,No,10,No,11,No,8,No,6,No,8,No,9,No,10,No,,-1,#REF!
293,https://www.fortinet.com/resources/cyberglossary/digital-certificates,Network Security,Digital Certificates,1000,50,1,Yes,1,Yes,1,Yes,1,Yes,1,No,1,No,2,No,2,No,2,No,4,No,2,No,2,No,1,No,1,No,1,No,1,No,1,No,1,No,1,No,1,No,1,No,1,Yes,1,Yes,1,Yes,1,Yes,1,Yes,1,Yes,1,Yes,1,No,1,No,1,No,1,No,1,Yes,1,Yes,1,Yes,1,Yes,,0,#REF!
294,https://www.fortinet.com/resources/cyberglossary/eavesdropping,Cyber Threats,Eavesdropping Attack,70,26,1,Yes,1,Yes,1,Yes,1,Yes,1,Yes,1,Yes,1,Yes,1,Yes,1,Yes,1,Yes,1,Yes,1,Yes,1,Yes,1,Yes,1,Yes,1,Yes,1,Yes,1,Yes,1,Yes,1,Yes,1,Yes,1,Yes,1,Yes,1,Yes,1,Yes,1,Yes,1,Yes,1,Yes,1,Yes,1,Yes,1,Yes,1,Yes,1,Yes,1,Yes,1,Yes,1,Yes,,0,#REF!
295,https://www.fortinet.com/resources/cyberglossary/bgp-border-gateway-protocol,Network Security,Border Gateway Protocol,2400,40,7,No,10,No,8,No,8,No,5,No,8,No,7,No,7,Yes,5,No,7,No,7,No,7,No,8,No,6,Yes,5,No,9,No,6,Yes,2,Yes,6,No,7,No,8,No,8,No,7,No,6,No,10,No,14,Yes,9,No,18,No,16,No,3,No,3,Yes,3,No,4,No,4,Yes,3,No,3,No,,0,#REF!
296,https://www.fortinet.com/resources/cyberglossary/saas-security-posture-management,SASE,SSPM,320,33,1,No,2,No,1,Yes,2,Yes,1,Yes,2,Yes,3,Yes,3,Yes,3,Yes,7,Yes,1,Yes,2,Yes,4,Yes,1,Yes,2,Yes,4,Yes,2,Yes,2,Yes,1,Yes,1,Yes,1,Yes,1,Yes,1,Yes,1,Yes,5,No,5,No,5,No,4,Yes,2,No,8,No,9,No,10,No,9,No,9,Yes,7,Yes,3,Yes,,4,#REF!
297,https://www.fortinet.com/resources/cyberglossary/cyber-extortion,Cyber Threats,Cyber Extortion,590,25,1,No,1,No,1,No,1,No,1,No,1,No,1,No,1,No,1,No,1,No,3,No,1,No,1,No,1,Yes,1,Yes,1,Yes,1,Yes,1,Yes,1,Yes,1,Yes,1,Yes,1,No,1,No,1,No,1,No,1,No,1,No,1,No,1,No,1,No,1,No,1,No,1,Yes,1,Yes,1,Yes,1,Yes,,0,#REF!
298,https://www.fortinet.com/resources/cyberglossary/devops-security,Cyber Security,Devops Security,1300,41,3,Yes,2,Yes,2,Yes,2,Yes,2,Yes,2,Yes,2,Yes,2,Yes,2,Yes,2,Yes,2,Yes,1,Yes,1,Yes,2,Yes,1,Yes,1,Yes,2,No,3,No,2,No,2,No,2,No,2,No,2,No,3,No,2,Yes,2,Yes,5,Yes,2,Yes,2,Yes,2,Yes,2,Yes,3,Yes,4,Yes,3,Yes,2,Yes,2,Yes,,0,#REF!
299,https://www.fortinet.com/resources/cyberglossary/confidential-computing,Data Security,Confidential Computing,880,66,19,Yes,17,Yes,16,Yes,20,Yes,16,Yes,18,No,15,No,9,No,14,No,13,No,10,No,8,No,14,No,13,No,2,No,12,No,13,No,10,No,9,No,12,No,6,No,10,No,11,No,10,No,11,No,11,No,14,No,14,No,14,No,3,Yes,4,No,4,Yes,5,No,5,No,5,No,4,No,,1,#REF!
300,https://www.fortinet.com/resources/cyberglossary/scareware,Cyber Threats,Scareware,2400,44,2,Yes,3,No,4,No,3,No,2,Yes,4,No,3,No,3,No,5,Yes,2,Yes,3,No,3,No,2,No,2,No,2,Yes,2,Yes,4,Yes,5,Yes,8,No,10,No,5,No,7,Yes,8,No,8,No,10,No,9,No,8,No,8,No,5,No,10,No,9,No,8,No,8,Yes,8,Yes,8,Yes,8,No,,0,#REF!
301,https://www.fortinet.com/resources/cyberglossary/trojan-horse-virus,Cyber Threats,Trojan Horse Virus,2900,62,1,No,1,No,1,No,1,Yes,1,No,1,No,2,No,2,No,1,Yes,1,Yes,1,No,1,No,1,No,1,No,1,Yes,1,Yes,1,No,1,Yes,1,Yes,1,Yes,1,No,1,Yes,1,Yes,1,Yes,1,Yes,1,Yes,1,No,1,Yes,1,No,1,No,1,No,1,No,1,No,1,Yes,1,Yes,1,Yes,,0,#REF!
302,https://www.fortinet.com/resources/cyberglossary/what-is-canary-in-cybersecurity,Cyber Security,Canary In Cybersecurity,40,35,1,No,1,No,1,No,1,No,1,No,1,No,1,No,1,No,1,No,1,No,1,No,1,No,1,No,1,No,1,No,1,No,1,No,1,Yes,1,Yes,1,Yes,1,Yes,1,Yes,1,Yes,1,Yes,1,Yes,1,Yes,1,Yes,1,Yes,1,Yes,1,No,1,No,1,Yes,1,Yes,1,Yes,1,Yes,1,Yes,,0,#REF!
303,https://www.fortinet.com/resources/cyberglossary/email-security,Email Security,Email Security,5400,50,8,No,9,No,9,No,12,No,13,No,12,No,8,No,7,Yes,4,No,8,Yes,8,No,8,No,10,No,8,Yes,2,No,3,Yes,3,Yes,5,No,6,No,7,No,11,No,13,No,12,No,12,No,11,No,8,No,5,No,6,No,5,No,8,No,9,No,10,No,9,No,8,No,8,No,10,No,,-2,#REF!
304,https://www.fortinet.com/resources/cyberglossary/smb-cybersecurity-tools,Cyber Security,Cybersecurity Tools For Small Business,10,50,1,No,1,No,1,No,1,No,1,No,1,No,1,No,1,No,1,No,1,No,1,Yes,1,Yes,1,Yes,1,Yes,1,Yes,1,Yes,2,Yes,1,Yes,1,No,1,No,1,No,1,No,1,No,1,No,1,No,2,No,1,No,1,No,1,Yes,1,Yes,1,Yes,1,Yes,2,No,3,No,3,No,3,No,,0,#REF!
305,https://www.fortinet.com/resources/cyberglossary/recent-ransomware-settlements,Cyber Threats,Ransomware Settlement,40,43,1,No,1,No,1,No,1,No,1,No,1,No,1,No,1,No,1,No,1,No,1,No,1,No,1,No,1,No,1,No,1,No,1,No,3,Yes,3,Yes,3,Yes,2,Yes,2,Yes,2,Yes,2,Yes,2,Yes,2,No,2,No,2,No,2,No,12,No,12,No,16,No,13,No,10,No,10,No,10,No,,0,#REF!
306,https://www.fortinet.com/resources/cyberglossary/fileless-malware,Cyber Threats,Fileless Malware,1000,39,5,No,9,No,2,No,4,No,5,No,6,Yes,3,Yes,5,Yes,5,Yes,6,Yes,4,Yes,4,Yes,6,Yes,5,Yes,3,Yes,4,Yes,3,Yes,4,Yes,4,Yes,4,Yes,4,Yes,5,Yes,5,Yes,7,Yes,7,Yes,6,Yes,8,Yes,6,Yes,5,Yes,6,Yes,4,Yes,7,Yes,5,Yes,7,Yes,8,Yes,13,Yes,,-5,#REF!
307,https://www.fortinet.com/resources/cyberglossary/what-is-keyloggers,Cyber Threats,Keyloggers,1900,53,3,No,2,Yes,1,Yes,1,Yes,1,Yes,1,Yes,1,No,1,No,1,No,1,No,1,Yes,1,No,1,No,1,Yes,1,No,1,No,1,Yes,1,Yes,1,Yes,1,Yes,1,Yes,1,Yes,1,Yes,1,Yes,1,Yes,1,Yes,1,Yes,1,Yes,1,No,1,No,1,No,1,No,1,Yes,1,No,1,Yes,1,No,,0,#REF!
308,https://www.fortinet.com/resources/cyberglossary/microsegmentation,Network Security,Microsegmentation,1900,50,9,No,9,No,11,No,9,No,7,No,10,No,9,No,9,No,11,No,11,No,7,No,8,No,6,No,6,No,2,No,8,No,9,No,9,No,10,No,9,No,6,No,8,No,10,No,8,Yes,9,No,8,Yes,8,No,8,No,6,Yes,5,Yes,5,Yes,4,Yes,4,Yes,5,No,3,No,3,No,,0,#REF!
309,https://www.fortinet.com/resources/cyberglossary/cybersquatting,Cyber Security,Cybersquatting,1000,46,8,No,12,No,11,No,12,No,13,No,15,No,12,No,8,No,7,No,7,No,12,No,8,No,7,No,8,Yes,8,Yes,11,Yes,8,Yes,13,Yes,12,Yes,13,Yes,10,Yes,9,No,12,No,13,No,13,No,12,No,13,No,14,No,12,No,16,No,14,No,15,No,18,No,12,No,11,No,15,No,,-4,#REF!
310,https://www.fortinet.com/resources/cyberglossary/what-is-firmware,Cyber Security,What Is Firmware,9900,47,1,No,3,No,2,No,2,Yes,3,Yes,1,Yes,1,Yes,1,Yes,1,Yes,1,Yes,1,No,1,No,2,No,2,No,2,No,2,Yes,2,Yes,2,Yes,2,Yes,2,Yes,2,No,2,Yes,2,Yes,2,Yes,2,Yes,2,Yes,2,Yes,2,Yes,2,No,13,No,13,No,13,No,14,Yes,14,Yes,12,No,15,Yes,,-3,#REF!
311,https://www.fortinet.com/resources/cyberglossary/user-datagram-protocol-udp,Cyber Security,User Datagram Protocol,8100,64,12,No,13,No,13,No,12,No,10,No,10,No,10,No,8,No,8,No,7,No,4,Yes,5,No,5,Yes,7,No,3,No,2,Yes,2,Yes,6,Yes,4,Yes,3,No,4,Yes,3,Yes,4,Yes,4,Yes,6,No,1,No,6,No,3,Yes,2,No,4,Yes,6,Yes,5,Yes,9,No,8,Yes,7,Yes,7,Yes,,0,#REF!
312,https://www.fortinet.com/resources/cyberglossary/certificate-management,Network Security,Certificate Management,720,28,7,Yes,15,No,11,No,2,No,7,No,8,No,3,No,2,No,7,No,3,No,2,Yes,3,Yes,5,Yes,5,Yes,5,Yes,2,Yes,2,Yes,3,Yes,6,Yes,3,Yes,9,Yes,5,Yes,4,Yes,7,Yes,7,Yes,8,Yes,6,Yes,7,Yes,6,No,3,No,2,Yes,3,No,4,Yes,3,Yes,2,No,2,No,,0,#REF!
313,https://www.fortinet.com/resources/cyberglossary/what-is-url-filtering,Network Security,What Is Url Filtering,1000,35,3,No,2,No,1,No,2,No,2,No,2,No,5,No,6,No,5,No,4,No,3,No,4,No,6,No,5,Yes,2,Yes,5,Yes,2,Yes,4,Yes,3,Yes,5,Yes,2,Yes,3,Yes,2,Yes,2,Yes,1,Yes,1,Yes,2,Yes,2,Yes,2,No,4,No,9,No,10,No,8,No,5,No,7,No,7,No,,0,#REF!
314,https://www.fortinet.com/resources/cyberglossary/diy-vs-managed-sd-wan,SD-WAN,Diy Vs Managed SD WAN,70,7,1,Yes,1,Yes,1,Yes,1,Yes,1,Yes,1,Yes,1,Yes,1,Yes,1,Yes,1,Yes,1,Yes,1,Yes,1,Yes,1,Yes,1,Yes,1,Yes,1,Yes,1,Yes,1,Yes,1,Yes,1,Yes,1,Yes,1,Yes,1,Yes,1,Yes,1,Yes,1,Yes,1,Yes,1,No,1,No,1,No,1,No,1,Yes,1,Yes,1,Yes,1,Yes,,0,#REF!
315,https://www.fortinet.com/resources/cyberglossary/qos-quality-of-service,Network Security,QOS,9900,50,1,Yes,1,Yes,1,Yes,1,No,1,No,1,No,2,Yes,2,No,4,No,2,No,2,No,3,No,3,No,2,Yes,2,Yes,2,Yes,3,Yes,3,Yes,3,Yes,3,Yes,2,No,3,Yes,4,Yes,3,Yes,3,Yes,3,Yes,4,Yes,3,Yes,3,No,2,No,2,No,2,No,2,Yes,3,No,3,Yes,2,Yes,,1,#REF!
316,https://www.fortinet.com/resources/cyberglossary/what-is-branch-networking,SASE,Branch Networking,50,24,1,No,1,No,1,No,1,No,1,No,1,No,1,No,1,No,1,No,1,Yes,1,Yes,1,Yes,1,Yes,1,Yes,2,Yes,2,Yes,2,Yes,2,Yes,2,Yes,1,Yes,3,Yes,2,Yes,2,Yes,2,Yes,2,Yes,3,No,3,No,3,No,3,Yes,3,Yes,2,No,2,No,2,No,3,No,2,No,2,No,,0,#REF!
317,https://www.fortinet.com/resources/cyberglossary/mpls,Network Security,MPLS,18100,50,8,No,5,No,4,No,3,No,5,No,5,No,3,No,7,No,8,No,6,No,3,Yes,4,Yes,4,Yes,6,Yes,5,No,3,Yes,4,Yes,4,Yes,4,Yes,7,No,3,Yes,5,No,7,No,8,No,5,No,6,Yes,9,No,11,No,9,No,8,No,8,No,8,No,9,No,10,No,9,No,9,Yes,,0,#REF!
318,https://www.fortinet.com/resources/cyberglossary/failover,Cyber Security,Failover,1600,44,12,No,13,No,11,No,10,No,6,No,2,No,2,No,5,No,6,No,4,No,5,No,2,No,3,No,3,No,4,No,3,No,2,Yes,4,Yes,3,Yes,3,Yes,3,Yes,2,Yes,4,Yes,4,Yes,4,No,3,No,3,No,4,No,4,Yes,2,No,2,No,2,No,2,No,3,No,2,No,3,No,,-1,#REF!
319,https://www.fortinet.com/resources/cyberglossary/lateral-movement,Cyber Threats,Lateral Movement,5400,45,8,No,8,No,9,No,8,No,6,No,8,No,8,No,7,No,7,No,6,No,5,No,9,No,9,No,7,No,6,Yes,4,No,6,No,5,Yes,6,Yes,7,No,7,Yes,6,No,8,Yes,6,No,7,Yes,7,No,7,No,6,Yes,6,No,11,No,11,No,11,No,13,No,8,No,12,No,11,Yes,,1,#REF!
320,https://www.fortinet.com/resources/cyberglossary/what-is-site-to-site-vpn,VPN,Site To Site VPN,6600,66,8,Yes,5,No,7,Yes,7,Yes,5,Yes,6,Yes,6,No,2,No,3,No,2,Yes,4,No,3,Yes,3,No,2,Yes,3,Yes,2,Yes,3,Yes,3,Yes,2,No,2,No,2,Yes,2,Yes,2,Yes,2,Yes,5,No,3,Yes,2,No,2,Yes,2,No,18,No,16,No,9,No,5,No,12,No,15,No,10,No,,5,#REF!
321,https://www.fortinet.com/resources/cyberglossary/ransomware-removal,Cyber Threats,Ransomware Removal,880,60,2,No,3,No,3,No,3,No,6,No,2,Yes,2,Yes,3,Yes,3,Yes,3,Yes,2,Yes,2,Yes,2,Yes,1,Yes,2,Yes,4,Yes,5,Yes,4,Yes,2,Yes,7,Yes,6,Yes,12,Yes,6,Yes,12,Yes,4,Yes,6,Yes,5,Yes,3,Yes,1,No,1,No,1,No,1,No,1,Yes,1,Yes,1,Yes,1,Yes,,0,#REF!
322,https://www.fortinet.com/resources/cyberglossary/endpoint-security-for-mobile-devices,Endpoint Security,Endpoint Security For Mobile Devices,20,14,1,No,1,No,1,No,1,No,1,No,1,No,1,No,1,No,1,No,1,No,1,No,1,No,1,No,1,No,1,No,1,No,1,No,1,No,1,No,1,No,1,No,1,No,1,No,1,No,1,No,1,No,1,No,1,No,1,No,1,No,1,No,1,No,1,No,1,No,1,No,1,No,,0,#REF!
323,https://www.fortinet.com/resources/cyberglossary/shift-left-security,Security Operations (SecOps),Shift Left Security,880,39,1,Yes,1,Yes,1,Yes,1,Yes,1,Yes,1,No,1,No,1,No,1,No,1,No,1,No,1,No,1,No,1,No,1,No,1,No,1,No,1,No,1,No,1,No,1,No,1,No,1,Yes,1,Yes,1,Yes,1,Yes,1,Yes,1,Yes,1,Yes,1,No,1,No,1,Yes,1,Yes,1,Yes,1,Yes,1,Yes,,0,#REF!
324,https://www.fortinet.com/resources/cyberglossary/what-is-ip-address,Cyber Security,What Is An Ip Address,135000,57,4,Yes,2,Yes,2,Yes,1,Yes,1,Yes,1,Yes,1,Yes,1,Yes,1,Yes,1,Yes,1,No,1,No,1,Yes,1,Yes,1,Yes,1,No,2,Yes,1,Yes,1,Yes,1,No,1,No,1,Yes,1,Yes,1,Yes,1,Yes,1,Yes,1,Yes,1,Yes,1,No,1,No,1,No,1,No,1,Yes,1,Yes,1,Yes,1,Yes,,0,#REF!
325,https://www.fortinet.com/resources/cyberglossary/spam-filters,Email Security,SPAM Filtering,590,45,1,No,1,No,1,No,1,Yes,1,Yes,1,Yes,1,Yes,1,Yes,1,Yes,1,Yes,2,Yes,2,Yes,1,No,1,No,1,No,1,No,1,No,1,No,1,No,1,No,1,Yes,1,Yes,1,Yes,1,Yes,1,Yes,1,Yes,1,Yes,1,Yes,1,No,1,No,1,No,1,Yes,1,Yes,1,Yes,1,Yes,1,No,,0,#REF!
326,https://www.fortinet.com/resources/cyberglossary/iot-device-vulnerabilities,OT Security,IOT Device Vulnerabilities,70,31,1,No,1,No,1,No,1,No,1,No,1,No,1,No,1,No,1,No,1,No,1,No,1,No,1,No,1,Yes,1,Yes,1,Yes,1,Yes,1,Yes,1,Yes,1,Yes,1,Yes,1,Yes,1,Yes,1,Yes,1,Yes,1,Yes,1,Yes,1,Yes,1,No,1,No,1,No,1,Yes,1,Yes,1,Yes,1,Yes,1,Yes,,0,#REF!
327,https://www.fortinet.com/resources/cyberglossary/implement-ddos-mitigation-strategy,Cloud Security,DDOS Mitigation,90,33,1,No,1,No,1,No,1,No,1,No,1,No,1,No,1,No,1,No,1,No,1,No,1,No,1,No,1,No,1,Yes,1,Yes,1,No,1,Yes,1,Yes,1,Yes,1,Yes,1,Yes,1,No,1,No,11,Yes,11,Yes,11,No,9,No,8,No,9,No,9,Yes,13,No,11,No,10,No,6,No,4,No,,2,#REF!
328,https://www.fortinet.com/resources/cyberglossary/what-is-ttl,Cyber Security,What Is Time To Live,8100,63,10,No,9,No,10,No,10,No,10,No,9,No,7,No,9,No,7,No,9,No,7,Yes,6,No,8,No,7,No,5,No,6,No,6,No,7,No,6,No,8,No,6,No,5,Yes,6,No,4,No,1,No,11,No,5,No,11,No,11,No,11,No,14,No,13,No,12,No,11,No,12,No,12,No,,0,#REF!
329,https://www.fortinet.com/resources/cyberglossary/malware-vs-virus-vs-worm,Cyber Threats,Malware Vs Virus Vs Worm,20,30,1,No,1,No,1,No,1,No,1,No,1,No,1,No,1,No,1,No,1,No,1,No,1,No,1,No,1,No,1,No,1,No,1,No,1,No,1,No,1,No,1,No,1,No,1,No,1,No,1,No,1,No,1,No,1,No,1,No,1,No,1,No,1,No,1,No,1,No,1,No,1,No,,0,#REF!
330,https://www.fortinet.com/resources/cyberglossary/login-credentials,Cyber Security,Login Credentials,1300,35,1,Yes,1,Yes,1,Yes,1,Yes,1,No,1,No,1,No,1,No,1,No,1,No,1,No,1,No,1,Yes,1,Yes,1,Yes,1,Yes,1,Yes,1,Yes,1,Yes,1,Yes,1,Yes,1,Yes,1,Yes,1,Yes,1,Yes,1,Yes,1,Yes,1,Yes,1,No,1,No,1,No,1,No,1,Yes,1,Yes,1,Yes,1,Yes,,0,#REF!
331,https://www.fortinet.com/resources/cyberglossary/definitions-of-jargon-ransomware,Cyber Threats,Ransomware Jargon,10,39,1,No,1,No,1,No,1,No,1,No,1,No,1,No,1,No,1,No,1,No,1,No,1,No,1,No,1,No,1,No,1,No,1,No,1,No,1,No,1,No,1,No,1,No,1,No,1,No,1,No,1,No,1,No,1,No,1,No,1,No,1,Yes,1,No,1,No,1,No,1,No,1,No,,0,#REF!
332,https://www.fortinet.com/resources/cyberglossary/pretexting,Cyber Threats,Pretexting,4400,43,1,Yes,1,No,1,No,5,No,4,Yes,4,Yes,6,Yes,6,Yes,6,No,7,No,6,No,4,Yes,6,No,4,No,4,No,4,No,6,No,6,No,5,Yes,10,No,4,Yes,6,No,8,No,9,Yes,10,No,5,Yes,9,No,6,Yes,5,No,2,No,2,No,2,No,1,No,2,No,2,No,2,No,,0,#REF!
333,https://www.fortinet.com/resources/cyberglossary/ics-security,OT Security,ICS Security,1600,63,14,No,17,No,15,No,16,No,14,No,11,No,9,No,8,No,8,No,9,No,8,No,8,No,6,No,7,No,3,No,6,No,6,No,9,No,6,No,8,No,6,Yes,6,Yes,5,No,5,No,5,No,8,Yes,9,No,9,No,9,Yes,10,No,8,No,5,Yes,5,No,6,No,6,Yes,4,No,,2,#REF!
334,https://www.fortinet.com/resources/cyberglossary/definitions-of-jargon,Cyber Security,Fortinet DOJ,20,22,2,No,3,No,3,No,3,No,3,No,2,No,2,No,2,No,2,No,3,No,2,No,3,No,2,No,2,No,2,No,2,No,2,No,2,No,1,No,1,No,1,No,2,No,1,No,1,No,1,No,2,No,2,No,3,No,2,No,5,No,5,No,5,No,5,No,7,No,7,No,7,No,,0,#REF!
335,https://www.fortinet.com/resources/cyberglossary/wireless-network,Network Security,Wireless Network,2400,43,5,No,4,No,2,Yes,6,Yes,6,Yes,6,No,5,No,5,Yes,3,Yes,3,Yes,5,No,4,Yes,4,No,5,No,3,Yes,3,Yes,4,No,3,Yes,2,Yes,3,Yes,3,No,3,Yes,3,Yes,3,Yes,2,Yes,2,Yes,3,No,3,Yes,2,No,2,No,3,No,3,No,3,Yes,2,Yes,2,Yes,2,Yes,,0,#REF!
336,https://www.fortinet.com/resources/cyberglossary/what-is-dns,Cyber Security,What Is DNS,18100,59,7,No,7,No,8,No,9,No,9,No,8,No,7,No,8,No,8,No,6,No,5,No,5,Yes,5,Yes,4,No,4,Yes,6,No,4,No,3,Yes,4,No,6,Yes,4,Yes,4,Yes,5,No,7,No,3,Yes,7,No,5,No,6,Yes,4,No,6,No,3,No,6,No,6,No,1,Yes,1,Yes,1,Yes,,0,#REF!
337,https://www.fortinet.com/resources/cyberglossary/what-is-https,Cyber Security,What Is Https,2900,54,7,No,7,No,7,No,8,No,8,No,9,No,8,No,7,No,7,No,6,No,5,No,5,No,4,No,6,Yes,3,No,8,No,8,No,9,No,9,No,9,No,9,No,10,No,9,No,8,No,9,No,8,No,7,No,9,No,9,No,15,No,13,No,15,No,14,No,27,No,26,No,23,No,,3,#REF!
338,https://www.fortinet.com/resources/cyberglossary/ransomware-as-a-service-raas,Cyber Threats,Ransomware As A Service,720,47,5,No,5,No,4,No,4,No,4,No,4,No,4,No,4,No,4,No,3,No,4,No,4,No,5,No,5,No,5,No,4,No,5,No,5,No,5,No,4,No,5,No,5,No,4,No,4,No,5,No,4,No,4,Yes,4,Yes,4,No,4,No,4,No,4,No,4,Yes,1,Yes,2,No,4,No,,-2,#REF!
339,https://www.fortinet.com/resources/cyberglossary/tcp-ip,Cyber Security,TCP/IP,8100,66,4,Yes,2,Yes,3,Yes,5,No,7,No,5,No,5,No,3,No,3,Yes,4,No,4,No,3,Yes,4,No,4,No,5,No,2,Yes,3,Yes,4,No,3,No,2,Yes,2,Yes,2,Yes,3,Yes,3,Yes,2,Yes,2,Yes,2,Yes,2,Yes,2,No,3,Yes,4,No,3,No,2,Yes,3,No,3,No,3,No,,0,#REF!
340,https://www.fortinet.com/resources/cyberglossary/insider-threats,Cyber Threats,What Is An Insider Threat,4400,48,3,No,3,No,5,No,4,Yes,3,Yes,4,Yes,3,Yes,4,Yes,5,Yes,2,No,3,No,3,Yes,4,No,3,No,3,Yes,2,Yes,3,Yes,4,No,3,Yes,4,Yes,3,No,3,No,3,Yes,3,Yes,2,Yes,2,No,5,Yes,4,Yes,4,No,9,No,6,No,6,No,7,No,5,Yes,5,No,5,No,,0,#REF!
341,https://www.fortinet.com/resources/cyberglossary/static-vs-dynamic-ip,Network Security,Static Vs Dynamic Ip Address,1300,36,3,No,2,No,2,No,2,No,2,No,2,No,2,No,2,No,2,No,2,No,2,No,1,No,1,No,1,No,1,No,1,Yes,1,Yes,1,Yes,1,Yes,1,Yes,1,Yes,1,Yes,1,Yes,1,Yes,1,Yes,1,Yes,1,Yes,1,Yes,1,No,1,No,1,No,1,No,1,Yes,1,Yes,1,Yes,1,Yes,,0,#REF!
342,https://www.fortinet.com/resources/cyberglossary/smurf-attack,Cyber Threats,Smurf Attack,1600,41,1,No,1,No,1,No,3,No,3,No,4,No,4,No,2,No,3,No,3,No,2,No,4,No,4,No,3,No,3,No,4,No,3,No,2,No,2,No,2,No,5,No,5,No,3,No,5,No,5,No,4,No,5,No,5,No,5,No,21,No,8,No,7,No,21,No,22,No,11,No,9,No,,2,#REF!
343,https://www.fortinet.com/resources/cyberglossary/10-cybersecurity-tips-small-business,Cyber Security,Cybersecurity TIPS For Small Businesses,390,58,5,No,5,No,4,No,3,No,4,No,3,No,3,No,2,Yes,2,Yes,2,Yes,5,Yes,6,Yes,5,Yes,5,Yes,2,Yes,3,No,3,No,3,No,3,No,3,No,2,No,2,No,2,No,2,No,4,No,2,No,4,No,4,No,4,No,8,No,9,No,6,No,3,No,4,No,7,No,9,No,,-2,#REF!
344,https://www.fortinet.com/resources/cyberglossary/dlp,Cyber Security,Data Loss Prevention,1900,48,2,Yes,2,No,1,No,2,Yes,2,Yes,2,Yes,2,Yes,2,Yes,3,No,4,No,4,No,3,No,3,No,3,No,2,No,2,No,2,Yes,2,No,3,Yes,2,Yes,2,Yes,2,Yes,2,Yes,2,No,11,No,12,No,2,No,13,No,12,No,14,No,15,No,17,No,15,No,15,No,12,No,14,No,,-2,#REF!
345,https://www.fortinet.com/resources/cyberglossary/what-is-network-access-control,Access Control,Network Access Control,390,39,3,No,2,No,3,No,3,No,3,No,1,No,2,No,7,No,3,No,2,No,2,No,2,No,4,No,1,No,1,No,1,No,1,No,1,No,1,No,1,No,1,No,1,No,1,No,1,Yes,2,Yes,5,Yes,2,Yes,7,Yes,6,No,5,No,4,No,5,No,4,Yes,5,No,4,Yes,4,Yes,,0,#REF!
346,https://www.fortinet.com/resources/cyberglossary/dark-web-monitoring,Cyber Threats,Dark Web Monitoring,590,41,2,No,6,No,6,No,3,No,5,No,2,No,3,No,3,No,5,No,5,No,2,No,3,No,3,No,3,No,3,No,4,No,2,No,5,No,4,Yes,3,Yes,6,Yes,5,Yes,5,Yes,4,Yes,8,No,7,No,4,No,7,No,7,Yes,3,Yes,2,Yes,3,Yes,2,No,2,No,2,Yes,2,No,,0,#REF!
347,https://www.fortinet.com/resources/cyberglossary/what-is-caching,Cyber Security,Caching,8100,74,9,No,7,No,8,No,10,No,11,No,3,Yes,7,Yes,4,No,7,No,3,Yes,9,No,8,No,6,No,7,No,2,Yes,10,No,12,No,12,No,12,No,12,Yes,13,No,11,No,11,No,13,No,11,Yes,10,Yes,9,No,9,No,9,No,20,No,21,No,23,No,19,Yes,28,No,22,No,25,No,,-3,#REF!
348,https://www.fortinet.com/resources/cyberglossary/spyware,Cyber Threats,What Is Spyware,2900,63,9,Yes,4,No,7,Yes,5,Yes,6,Yes,7,No,4,No,2,Yes,3,Yes,2,Yes,2,Yes,4,No,4,No,3,Yes,8,No,2,Yes,2,Yes,4,No,3,No,3,Yes,4,Yes,5,No,4,Yes,4,Yes,5,Yes,3,Yes,2,Yes,2,Yes,2,No,35,No,44,No,44,No,41,No,38,Yes,39,No,37,Yes,,2,#REF!
349,https://www.fortinet.com/resources/cyberglossary/code-scanning,Cyber Security,Code Scanning,720,52,4,No,4,No,3,No,4,No,3,No,2,No,3,No,3,No,4,No,3,No,2,No,3,No,4,No,3,No,2,No,3,No,3,No,2,No,3,No,3,No,3,No,3,No,3,No,3,No,3,No,4,No,3,No,3,No,3,No,13,No,38,No,38,No,25,No,38,No,30,No,30,No,,0,#REF!
350,https://www.fortinet.com/resources/cyberglossary/cybersecurity-statistics,Cyber Security,Cybersecurity Statistics,590,61,1,No,1,No,1,No,2,No,2,No,3,No,3,No,3,No,2,No,2,No,3,No,3,No,3,No,4,Yes,3,Yes,4,Yes,4,Yes,4,Yes,5,Yes,7,Yes,3,Yes,4,Yes,5,Yes,3,Yes,5,Yes,3,Yes,5,Yes,3,Yes,3,No,11,No,10,No,12,No,12,Yes,13,Yes,12,Yes,11,Yes,,1,#REF!
351,https://www.fortinet.com/resources/cyberglossary/pharming,Cyber Security,Pharming,3600,56,4,No,3,No,5,No,4,No,4,No,5,No,4,No,4,No,3,No,5,No,3,Yes,2,Yes,2,Yes,3,Yes,4,Yes,2,Yes,2,Yes,3,No,3,Yes,3,No,3,Yes,4,No,3,Yes,5,No,4,No,3,No,3,No,3,Yes,3,No,9,No,10,No,9,No,8,No,8,No,7,No,9,No,,-2,#REF!
352,https://www.fortinet.com/resources/cyberglossary/exploit,Cyber Threats,What Is An Exploit,480,38,6,No,8,No,9,No,6,No,7,No,6,No,7,No,9,No,8,No,8,No,8,No,8,No,5,No,5,No,2,No,7,No,2,No,4,No,3,No,3,No,4,No,8,No,6,No,7,No,10,No,7,No,8,No,8,No,8,No,26,No,20,Yes,10,No,16,No,4,No,3,No,9,No,,-6,#REF!
353,https://www.fortinet.com/resources/cyberglossary/vulnerability-assessment,Cyber Security,Vulnerability Assessment,9900,47,2,No,2,No,2,No,2,Yes,3,No,3,No,2,Yes,3,Yes,4,Yes,5,No,6,No,2,Yes,2,Yes,1,No,1,Yes,1,Yes,1,Yes,1,Yes,1,Yes,1,Yes,1,Yes,1,No,1,Yes,1,No,1,Yes,1,Yes,1,Yes,1,Yes,1,No,1,No,1,No,1,No,1,No,1,No,1,No,1,No,,0,#REF!
354,https://www.fortinet.com/resources/cyberglossary/bot,Cyber Threats,What Is A Bot,8100,47,3,No,3,No,3,No,3,No,3,No,5,No,4,No,3,No,3,No,3,No,4,No,3,Yes,2,Yes,3,No,4,No,4,No,6,No,6,No,7,No,7,No,7,No,8,No,8,No,8,No,8,No,7,No,8,No,8,No,8,No,5,No,3,Yes,4,No,3,No,4,No,3,No,3,No,,0,#REF!
355,https://www.fortinet.com/resources/cyberglossary/ddos-protection,Cyber Threats,DDOS Protection,2900,72,2,No,2,No,1,Yes,2,No,2,Yes,6,No,6,No,4,No,4,Yes,4,Yes,3,Yes,5,Yes,7,No,5,No,4,No,4,No,4,Yes,4,Yes,5,Yes,4,Yes,4,Yes,4,Yes,4,Yes,5,No,5,Yes,5,Yes,5,Yes,5,Yes,5,No,3,No,3,No,3,No,2,Yes,3,Yes,4,Yes,2,Yes,,2,#REF!
356,https://www.fortinet.com/resources/cyberglossary/openstack,Cloud Security,What Is Openstack,480,54,9,No,11,No,11,No,11,No,10,No,11,No,10,No,10,No,10,No,8,No,9,No,11,No,10,No,10,No,9,No,9,No,9,No,11,No,9,No,9,No,10,No,23,No,12,No,4,No,7,No,10,No,10,No,10,No,10,No,22,No,20,No,23,No,24,No,21,No,18,No,20,No,,-2,#REF!
357,https://www.fortinet.com/resources/cyberglossary/hybrid-it,Cloud Security,Hybrid It,720,31,1,No,1,No,1,No,1,No,1,No,1,No,1,No,1,No,1,No,1,No,1,No,1,No,1,No,1,No,2,No,4,No,4,No,5,No,3,No,3,Yes,3,Yes,2,Yes,2,Yes,4,Yes,3,Yes,6,Yes,9,Yes,6,Yes,5,No,7,No,5,No,3,Yes,4,Yes,5,Yes,5,Yes,5,Yes,,0,#REF!
358,https://www.fortinet.com/resources/cyberglossary/krack-attack,Cyber Threats,Krack Attack,170,28,5,No,5,No,5,No,5,No,5,No,5,No,5,No,4,No,5,No,4,No,4,No,4,No,4,No,6,No,5,No,6,No,6,No,4,No,4,No,2,No,2,No,1,No,1,No,3,No,5,No,4,No,4,No,4,No,4,No,2,No,3,No,3,No,3,No,3,No,3,No,2,No,,1,#REF!
359,https://www.fortinet.com/resources/cyberglossary/thin-client,Cyber Security,Thin Client,4400,49,2,No,3,Yes,3,No,6,No,2,No,1,Yes,1,Yes,2,Yes,5,No,3,No,3,No,2,Yes,4,No,3,No,9,No,2,Yes,4,Yes,4,Yes,3,Yes,2,Yes,3,Yes,3,Yes,4,Yes,3,Yes,3,Yes,3,Yes,3,No,3,No,3,No,10,No,11,No,10,No,11,Yes,10,Yes,8,No,9,Yes,,-1,#REF!
360,https://www.fortinet.com/resources/cyberglossary/what-is-ciam,Access Control,CIAM,3600,55,8,No,8,No,3,Yes,9,Yes,9,No,9,No,4,Yes,6,Yes,9,No,9,No,7,No,8,Yes,8,No,9,No,6,No,12,No,16,No,15,No,16,No,19,No,19,No,16,No,17,No,19,No,17,No,13,No,14,No,13,No,13,Yes,9,Yes,10,Yes,3,Yes,9,No,4,No,28,No,30,No,,-2,#REF!
361,https://www.fortinet.com/resources/cyberglossary/spear-phishing,Cyber Threats,Spear Phishing,12100,51,9,Yes,12,No,7,No,10,No,8,No,10,No,9,No,9,No,10,No,9,No,7,No,6,Yes,6,No,5,No,10,Yes,4,Yes,4,Yes,7,Yes,6,No,4,Yes,6,Yes,10,No,6,Yes,5,No,7,No,7,No,11,No,7,No,4,Yes,8,Yes,2,Yes,2,Yes,3,No,2,No,5,Yes,2,No,,3,#REF!
362,https://www.fortinet.com/resources/cyberglossary/advanced-threat-protection-atp,Cyber Security,Advanced Threat Protection,1600,33,1,No,1,No,1,No,1,No,1,No,1,No,1,No,1,No,1,No,1,No,1,Yes,1,No,1,No,1,Yes,1,Yes,1,Yes,1,Yes,1,Yes,1,Yes,1,Yes,1,Yes,1,Yes,1,Yes,1,Yes,1,Yes,1,Yes,1,Yes,1,Yes,1,No,1,No,1,No,1,No,1,No,1,Yes,1,Yes,1,Yes,,0,#REF!
363,https://www.fortinet.com/resources/cyberglossary/network-as-a-service,SASE,Network As A Service,1600,10,4,No,9,No,2,Yes,5,No,9,No,12,No,11,No,8,No,6,No,3,No,6,No,7,No,9,No,8,No,10,No,6,No,2,No,4,No,7,No,5,Yes,6,Yes,5,Yes,3,Yes,5,Yes,2,Yes,4,Yes,6,No,6,No,4,Yes,5,Yes,5,Yes,5,No,5,No,5,No,5,No,7,No,,-2,#REF!
364,https://www.fortinet.com/resources/cyberglossary/managed-detection-and-response,Endpoint Security,Managed Detection And Response,3600,49,11,No,13,No,15,No,15,No,16,No,15,No,12,No,12,No,9,Yes,5,No,6,No,11,No,14,No,12,No,12,No,15,No,19,No,24,No,24,No,20,No,11,No,16,No,27,No,30,No,31,No,28,No,26,No,25,No,25,No,11,No,10,No,10,No,9,No,9,No,8,No,8,No,,0,#REF!
365,https://www.fortinet.com/resources/cyberglossary/single-sign-on,Access Control,What Is SSO?,5400,61,3,No,5,No,5,No,3,No,4,No,5,No,5,No,2,No,3,No,1,No,1,No,2,No,4,No,2,No,3,No,2,No,2,No,4,No,3,No,3,No,3,No,2,No,2,No,2,No,2,No,2,No,3,No,2,No,2,No,9,No,7,No,8,No,8,No,8,No,9,No,10,No,,-1,#REF!
366,https://www.fortinet.com/resources/cyberglossary/internet-security,Network Security,What Is Internet Security,2900,43,1,No,1,No,1,No,1,No,1,No,1,No,1,No,1,No,1,No,1,No,1,No,1,No,1,No,1,No,1,No,1,No,1,No,1,No,1,No,1,No,1,No,1,No,1,No,1,No,1,Yes,2,No,2,Yes,1,Yes,1,Yes,1,Yes,1,Yes,1,No,1,No,2,No,4,No,5,Yes,,-1,#REF!
367,https://www.fortinet.com/resources/cyberglossary/wireless-security-tips,Network Security,Wireless Security TIPS,20,46,4,No,2,No,2,No,2,No,2,No,3,No,3,No,3,No,3,No,4,No,2,No,3,No,3,No,3,No,3,No,2,No,2,No,2,No,2,No,2,No,2,No,2,No,2,No,2,No,2,No,2,No,3,No,1,No,1,Yes,2,Yes,1,Yes,1,Yes,1,No,1,No,1,No,2,No,,-1,#REF!
368,https://www.fortinet.com/resources/cyberglossary/what-is-pci-compliance,Cyber Compliance,What Is PCI Compliance,4400,44,10,No,12,No,9,No,4,Yes,3,Yes,8,No,6,No,5,No,5,No,4,No,5,No,4,No,4,No,3,No,4,Yes,3,Yes,3,No,3,No,2,Yes,2,Yes,3,No,3,No,3,Yes,2,Yes,2,No,2,No,2,Yes,2,Yes,2,Yes,10,No,8,No,8,No,7,No,9,No,9,Yes,6,Yes,,3,#REF!
369,https://www.fortinet.com/resources/cyberglossary/sql-injection,Cyber Threats,SQL Injection,9900,74,8,No,12,No,14,No,13,No,16,No,16,No,14,No,13,No,15,No,12,No,11,No,11,No,12,No,10,No,9,No,15,No,12,No,13,No,17,No,25,No,15,No,10,No,13,No,20,No,29,No,14,No,15,No,13,No,12,No,9,No,10,No,10,No,9,No,6,Yes,4,No,5,No,,-1,#REF!
370,https://www.fortinet.com/resources/cyberglossary/sextortion,Cyber Threats,Sextortion,12100,76,2,No,6,No,6,No,5,No,8,No,13,No,8,No,8,No,13,No,14,No,19,No,18,No,16,No,5,No,4,No,2,No,3,No,12,No,10,No,10,No,14,No,11,No,11,No,16,No,15,No,15,No,15,No,15,No,15,No,8,No,9,No,7,No,9,No,8,No,8,No,8,No,,0,#REF!
371,https://www.fortinet.com/resources/cyberglossary/web-scraping,Cyber Security,Web ScrAPIng,1830000,64,12,No,4,No,2,No,6,No,5,No,5,Yes,4,Yes,4,No,6,No,6,No,4,Yes,6,No,6,No,7,Yes,10,No,9,No,9,No,8,Yes,10,No,8,No,8,No,8,No,6,Yes,10,No,10,No,10,No,8,No,9,No,4,Yes,5,Yes,6,No,2,No,2,Yes,2,Yes,2,Yes,2,No,,0,#REF!
372,https://www.fortinet.com/resources/cyberglossary/public-key-infrastructure,Access Control,PKI,22200,78,4,No,8,No,8,No,3,No,11,No,8,No,8,No,7,No,7,No,8,No,7,No,7,No,6,No,6,No,8,No,8,No,9,No,10,No,9,No,8,No,11,No,12,No,11,No,11,No,10,No,10,No,9,No,10,No,9,No,2,No,3,Yes,4,Yes,3,No,4,No,3,No,3,No,,0,#REF!
373,https://www.fortinet.com/resources/cyberglossary/platform-as-a-service,Cloud Security,PAAS,14800,71,7,No,9,No,9,No,9,No,10,No,11,No,9,Yes,10,No,9,No,7,No,6,No,6,No,7,No,6,No,10,No,6,No,10,No,9,Yes,11,No,11,No,11,No,13,No,11,No,11,No,11,No,9,No,9,No,9,No,9,Yes,2,No,2,Yes,3,Yes,2,No,3,No,2,No,2,No,,0,#REF!
374,https://www.fortinet.com/resources/cyberglossary/mobile-device-management,Cyber Security,Mobile Device Management,6600,64,5,No,4,Yes,4,Yes,3,No,6,No,8,No,5,No,5,No,7,No,7,No,3,Yes,4,No,4,No,5,Yes,8,No,5,Yes,8,No,7,No,5,No,9,No,6,Yes,7,No,5,No,7,No,4,No,4,Yes,7,Yes,3,Yes,3,Yes,2,No,3,No,2,No,4,No,7,No,4,Yes,8,No,,-4,#REF!
375,https://www.fortinet.com/resources/cyberglossary/how-to-prevent-ransomware,Cyber Threats,How To Prevent Ransomware,1300,54,2,No,2,No,12,No,11,No,13,No,13,No,9,No,10,No,6,No,5,No,3,No,5,No,4,No,5,Yes,10,Yes,3,Yes,6,Yes,7,Yes,5,Yes,5,Yes,2,Yes,2,Yes,2,Yes,3,Yes,2,Yes,2,Yes,3,Yes,2,Yes,2,Yes,2,No,1,Yes,1,No,2,No,4,No,4,No,3,No,,1,#REF!
376,https://www.fortinet.com/resources/cyberglossary/remote-desktop-protocol,Network Security,Remote Desktop Protocol,2900,49,7,No,5,No,3,Yes,5,No,6,No,6,No,3,No,5,No,6,No,6,No,7,No,5,No,2,Yes,2,Yes,3,Yes,5,No,5,Yes,5,No,5,Yes,7,No,6,No,6,Yes,6,No,6,No,7,No,6,No,9,No,8,No,8,No,10,No,18,No,14,No,13,No,17,No,20,Yes,19,Yes,,1,#REF!
377,https://www.fortinet.com/resources/cyberglossary,Cyber Compliance,Cyber Glossary,20,42,9,No,10,No,3,No,8,No,8,No,8,No,8,No,9,No,11,No,7,No,8,No,9,No,4,No,6,No,8,No,5,No,4,No,20,No,20,No,20,No,20,No,20,No,15,No,11,No,11,No,2,No,8,No,2,No,2,Yes,12,No,17,No,6,No,9,No,9,No,6,No,3,No,,3,#REF!
378,https://www.fortinet.com/resources/cyberglossary/solarwinds-cyber-attack,Cyber Threats,Solarwinds Cyber Attack,390,61,1,No,1,No,1,No,1,No,1,No,1,No,1,No,1,No,1,No,1,No,1,No,1,No,1,No,1,No,1,No,1,No,1,No,1,No,1,No,2,No,2,No,2,No,2,No,2,No,2,No,2,No,2,No,1,No,1,Yes,1,No,1,No,1,No,1,Yes,1,Yes,1,Yes,1,Yes,,0,#REF!
379,https://www.fortinet.com/resources/cyberglossary/identity-theft,Cyber Threats,Identity Theft,22200,89,42,No,55,No,54,No,40,No,49,No,58,No,56,No,9,No,9,No,5,No,10,No,14,No,8,No,5,No,3,No,9,No,19,No,11,No,10,No,16,No,32,No,20,No,11,No,21,No,15,No,15,No,15,No,17,No,13,No,1,No,11,No,7,No,5,No,3,No,7,No,7,No,,0,#REF!
380,https://www.fortinet.com/resources/cyberglossary/sox-sarbanes-oxley-act,Cyber Compliance,Sarbanes-Oxley Act,6600,65,6,Yes,7,No,6,No,2,Yes,7,Yes,11,No,8,No,6,No,6,No,5,No,8,No,8,No,2,No,2,No,2,No,2,No,1,No,4,No,3,No,56,No,3,No,2,No,1,No,5,No,4,No,4,No,5,No,5,No,3,Yes,9,Yes,19,Yes,17,Yes,18,No,17,No,17,No,20,No,,-3,#REF!
381,https://www.fortinet.com/resources/cyberglossary/ssl-certificate,Cyber Security,SSL Certificate,14800,95,14,No,5,No,7,No,11,No,9,No,7,No,9,No,9,No,11,No,10,No,7,No,8,No,9,No,9,Yes,8,No,8,No,11,No,11,No,10,No,12,Yes,12,No,9,No,11,No,11,No,11,No,10,No,9,No,9,No,9,No,33,No,29,No,31,No,28,Yes,32,No,31,No,25,No,,6,#REF!
382,https://www.fortinet.com/resources/cyberglossary/data-classification,Data Security,Data Classification,2400,42,11,Yes,11,Yes,14,No,8,No,10,No,7,No,8,No,9,No,9,No,7,No,4,No,8,Yes,15,No,17,No,14,No,13,No,15,No,17,No,17,No,14,No,14,No,15,No,14,No,15,No,15,No,15,No,14,No,13,No,13,No,20,Yes,20,No,20,No,19,No,12,No,14,No,18,No,,-4,#REF!
383,https://www.fortinet.com/resources/cyberglossary/what-is-soar,Security Operations (SecOps),What Is SOAR,9900,45,7,No,7,No,7,No,8,No,7,No,8,No,7,No,7,No,7,No,7,No,4,No,6,No,7,No,7,No,6,No,7,No,5,No,7,No,7,No,9,No,9,No,7,No,6,Yes,4,No,5,No,5,No,5,Yes,4,Yes,4,No,2,No,2,No,2,No,2,No,4,No,2,No,2,No,,0,#REF!
384,https://www.fortinet.com/resources/cyberglossary/mobile-security,Access Control,What Is Mobile Security,2900,61,6,Yes,10,Yes,12,Yes,12,No,12,No,13,No,12,No,11,No,8,No,8,No,7,No,8,No,11,No,7,No,13,No,12,No,12,No,13,No,9,No,8,No,12,No,14,No,12,No,15,No,1,Yes,2,Yes,10,Yes,4,Yes,4,No,5,No,3,No,2,No,2,Yes,2,Yes,2,Yes,2,Yes,,0,#REF!
385,https://www.fortinet.com/resources/cyberglossary/devsecops,Cyber Security,Devsecops,9900,59,28,No,30,No,32,No,29,No,30,No,34,No,28,No,26,No,23,No,23,No,15,No,13,No,8,No,12,No,14,No,18,No,22,No,25,No,27,No,21,No,20,No,29,No,32,No,26,No,35,No,29,No,31,No,45,No,37,No,9,No,9,No,7,No,9,No,8,No,8,No,11,No,,-3,#REF!
386,https://www.fortinet.com/resources/cyberglossary/dynamic-dns,Cyber Security,Dynamic DNS,3600,57,10,No,8,No,6,No,7,No,4,No,7,No,6,No,7,No,9,No,2,Yes,6,No,8,No,9,No,8,No,8,No,9,No,9,No,10,No,9,No,10,No,10,No,11,No,9,No,10,No,9,No,9,Yes,9,No,10,No,9,No,2,No,2,No,9,No,8,No,7,No,7,No,9,No,,-2,#REF!
387,https://www.fortinet.com/resources/cyberglossary/infrastructure-as-code,Cloud Security,Infrastructure As Code,880,52,38,No,41,No,39,No,41,No,29,No,37,No,34,No,12,No,4,No,7,No,5,No,8,No,14,No,5,No,3,No,14,No,7,No,15,No,21,No,19,No,18,No,21,No,25,No,14,No,19,No,16,No,25,No,23,No,23,Yes,6,Yes,4,Yes,4,Yes,8,No,9,No,7,No,6,No,,1,#REF!
388,https://www.fortinet.com/resources/cyberglossary/what-is-cyber-attack,Cyber Threats,What Is A Cyber Attack?,2900,61,7,No,6,No,1,No,10,No,6,No,4,No,5,No,4,No,4,No,2,No,2,No,1,No,1,No,1,No,1,No,1,No,1,No,1,No,2,No,1,No,1,No,1,No,1,No,1,No,2,No,5,No,3,No,3,No,2,Yes,6,Yes,6,Yes,6,Yes,6,No,6,No,6,No,6,No,,0,#REF!
389,https://www.fortinet.com/resources/cyberglossary/multi-factor-authentication,Access Control,Multi-Factor Authentication,6600,75,25,No,23,No,24,No,24,No,26,No,29,No,24,No,19,No,7,Yes,21,No,17,No,16,No,14,No,16,No,17,No,20,No,23,No,24,No,24,No,20,No,7,No,11,No,22,No,24,No,22,No,24,No,24,No,26,No,24,No,5,No,5,Yes,4,Yes,5,No,4,No,5,No,5,No,,0,#REF!
390,https://www.fortinet.com/resources/cyberglossary/account-takeover,Cyber Security,Account Takeover,1900,38,4,Yes,3,No,4,Yes,6,No,7,No,7,No,6,No,3,No,4,No,3,No,4,No,4,Yes,3,No,3,No,3,Yes,4,No,4,No,4,Yes,3,Yes,2,No,5,No,8,No,6,No,5,No,5,No,6,No,5,No,4,Yes,3,No,19,No,23,No,22,No,22,Yes,19,Yes,13,No,15,No,,-2,#REF!
391,https://www.fortinet.com/resources/cyberglossary/colocation-data-center,Cyber Security,Colocation Data Center,3600,44,2,Yes,3,No,2,No,1,Yes,1,Yes,1,Yes,1,Yes,1,Yes,1,No,1,No,1,Yes,1,Yes,1,Yes,1,Yes,1,Yes,1,Yes,1,Yes,1,Yes,1,Yes,1,Yes,1,Yes,1,Yes,1,No,1,No,1,No,1,No,1,No,1,No,1,No,1,No,1,No,1,No,1,No,1,No,1,No,1,No,,0,#REF!
392,https://www.fortinet.com/resources/cyberglossary/cyber-espionage,Cyber Threats,Cyber Espionage,880,40,6,No,6,No,6,No,7,No,3,No,8,No,8,No,5,No,3,No,5,No,6,No,2,No,5,No,6,No,5,No,6,No,7,No,8,No,8,No,8,No,8,No,9,No,9,No,9,No,9,No,9,No,9,No,10,No,10,No,10,No,11,Yes,12,No,10,No,7,No,13,No,16,No,,-3,#REF!
393,https://www.fortinet.com/resources/cyberglossary/what-is-deception-technology,Security Operations (SecOps),Deception Technology,390,25,2,No,3,No,3,No,3,No,3,No,4,No,3,No,4,No,4,No,4,No,3,No,4,No,2,No,2,No,2,No,2,No,2,No,2,No,2,No,1,No,1,No,1,No,1,No,1,Yes,1,Yes,1,Yes,1,Yes,1,Yes,1,No,1,No,1,No,1,No,1,Yes,1,Yes,1,Yes,1,Yes,,0,#REF!
394,https://www.fortinet.com/resources/cyberglossary/dpi-deep-packet-inspection,Network Security,Deep Packet Inspection,1600,50,6,Yes,5,Yes,5,Yes,4,Yes,4,Yes,6,Yes,3,Yes,3,Yes,3,Yes,2,Yes,3,Yes,4,Yes,3,Yes,2,Yes,2,Yes,2,Yes,2,Yes,3,Yes,3,Yes,3,Yes,2,Yes,2,Yes,2,Yes,2,Yes,2,Yes,2,Yes,1,Yes,1,Yes,1,Yes,1,No,1,No,1,Yes,1,Yes,1,Yes,1,Yes,1,Yes,,0,#REF!
395,https://www.fortinet.com/resources/cyberglossary/network-automation,Network Security,Network Automation,1900,41,6,Yes,9,Yes,8,Yes,7,No,5,No,5,No,5,No,5,No,2,No,5,No,6,No,5,No,4,No,4,No,5,No,5,Yes,5,No,5,No,5,Yes,5,Yes,7,Yes,12,No,12,No,11,No,9,Yes,10,Yes,10,No,11,No,9,No,2,No,2,No,3,No,3,No,3,No,2,No,2,No,,0,#REF!
396,https://www.fortinet.com/resources/cyberglossary/dns-leak,Cyber Threats,DNS Leak,8100,69,5,No,5,No,5,No,6,No,6,No,6,No,6,No,5,No,5,No,5,No,4,No,6,No,7,No,6,No,7,No,6,No,6,No,6,No,7,No,6,No,6,No,6,No,6,Yes,6,No,7,No,6,No,7,No,7,No,6,Yes,2,Yes,2,Yes,3,Yes,5,No,6,No,5,Yes,6,Yes,,-1,#REF!
397,https://www.fortinet.com/resources/cyberglossary/swatting,Cyber Threats,Swatting,18100,62,9,No,9,No,8,No,9,No,6,No,8,No,8,No,8,No,8,No,9,No,3,No,4,No,6,Yes,8,No,4,No,6,No,11,No,9,No,9,Yes,9,No,10,No,10,No,10,No,10,No,11,No,10,No,11,No,9,Yes,9,No,8,No,9,No,8,No,10,No,11,Yes,7,No,8,No,,-1,#REF!
398,https://www.fortinet.com/resources/cyberglossary/what-is-honeypot,Cyber Security,What Is A Honeypot,3600,57,5,Yes,5,No,6,No,7,No,9,No,7,No,7,No,8,No,8,No,9,No,6,Yes,3,No,3,Yes,2,No,2,No,7,No,10,No,8,Yes,8,No,9,No,11,No,10,No,10,No,11,No,9,No,8,No,10,No,10,No,10,No,9,No,11,No,11,No,11,No,12,No,11,No,9,No,,2,#REF!
399,https://www.fortinet.com/resources/cyberglossary/data-breach,Data Security,What Is A Data Breach,6600,52,7,No,4,No,4,Yes,5,Yes,6,Yes,5,Yes,4,Yes,4,No,3,Yes,4,Yes,3,No,3,Yes,6,No,3,Yes,5,Yes,4,Yes,3,Yes,5,No,4,Yes,3,Yes,3,Yes,3,Yes,3,Yes,3,Yes,3,No,3,Yes,5,Yes,4,Yes,3,Yes,3,Yes,4,Yes,4,Yes,4,No,4,Yes,3,No,4,No,,-1,#REF!
400,https://www.fortinet.com/resources/cyberglossary/remote-access,Access Control,What Is Remote Access,210,35,1,No,1,No,1,No,1,No,1,No,1,No,1,No,1,Yes,1,Yes,1,Yes,1,Yes,1,Yes,1,Yes,1,Yes,1,Yes,1,Yes,1,Yes,1,Yes,1,Yes,1,Yes,1,Yes,1,Yes,1,Yes,1,Yes,1,Yes,1,Yes,1,Yes,1,Yes,1,Yes,1,No,1,Yes,1,No,1,Yes,1,Yes,1,Yes,1,Yes,,0,#REF!
401,https://www.fortinet.com/resources/cyberglossary/incident-response,Security Operations (SecOps),Incident Response,590,45,2,No,2,No,1,No,2,No,2,No,3,No,12,No,4,No,6,No,10,No,8,No,7,No,15,No,12,No,5,No,4,No,2,No,5,No,4,No,5,No,5,No,9,No,9,No,10,No,8,Yes,10,No,9,Yes,8,No,8,Yes,10,No,10,No,11,No,10,No,11,No,9,No,10,Yes,,-1,#REF!
402,https://www.fortinet.com/resources/cyberglossary/most-notorious-attacks-in-the-history-of-cyber-warfare,Cyber Threats,Cyber Warfare,2400,54,2,No,2,No,1,No,1,No,1,No,1,No,1,No,1,No,1,No,1,No,1,No,1,No,4,No,2,No,3,No,4,No,2,No,4,No,5,No,5,No,5,No,4,No,3,No,1,No,-,No,31,No,34,No,40,No,20,No,9,Yes,9,No,10,No,9,No,10,No,9,No,8,No,,1,#REF!
403,https://www.fortinet.com/resources/cyberglossary/work-from-home-cybersecurity-risks,Cyber Threats,Remote Work Cyber Security Risks,40,40,5,No,7,No,2,No,7,No,8,No,8,No,8,No,8,No,3,No,3,No,3,No,5,No,5,No,4,No,5,No,4,No,4,No,4,No,4,No,4,No,-,No,-,No,-,No,-,No,1,Yes,1,Yes,1,Yes,1,Yes,1,No,1,No,1,No,1,No,1,No,1,No,1,No,1,No,,0,#REF!
404,https://www.fortinet.com/resources/cyberglossary/deepfake,Cyber Threats,What Is Deepfake,2400,72,3,No,3,No,1,Yes,2,Yes,3,No,4,No,3,No,3,No,2,Yes,6,No,3,No,5,No,4,No,3,No,5,Yes,4,Yes,6,Yes,4,No,5,No,5,No,6,Yes,7,No,6,Yes,4,Yes,4,Yes,5,Yes,6,No,9,Yes,8,No,29,No,33,No,44,No,43,No,46,No,29,Yes,21,No,,8,#REF!
405,https://www.fortinet.com/resources/cyberglossary/critical-infrastructure-protection,OT Security,Critical Infrastructure Protection,4400,46,1,Yes,1,Yes,1,Yes,6,Yes,6,Yes,6,Yes,6,Yes,6,Yes,5,No,6,Yes,2,Yes,2,Yes,2,Yes,3,No,5,No,3,Yes,2,Yes,3,Yes,2,Yes,2,Yes,2,Yes,3,Yes,2,Yes,3,Yes,3,Yes,3,Yes,3,Yes,4,Yes,4,No,6,No,10,Yes,9,Yes,6,Yes,9,Yes,8,Yes,9,Yes,,-1,#REF!
406,https://www.fortinet.com/resources/cyberglossary/watering-hole-attack,Cyber Threats,Watering Hole Attack,1900,49,3,Yes,2,Yes,2,Yes,2,No,2,No,2,No,3,No,3,No,3,No,3,No,3,No,3,Yes,2,Yes,2,No,3,No,2,Yes,3,No,3,No,3,No,2,Yes,2,Yes,2,Yes,2,Yes,2,Yes,2,Yes,2,Yes,2,Yes,2,Yes,2,No,8,No,2,No,2,No,10,Yes,3,No,3,Yes,2,Yes,,1,#REF!
407,https://www.fortinet.com/resources/cyberglossary/rootkit,Cyber Threats,Rootkit,5400,51,2,Yes,2,No,4,No,4,No,3,No,3,No,2,No,3,Yes,3,No,2,Yes,3,No,2,No,2,Yes,2,Yes,2,No,2,Yes,3,Yes,3,Yes,3,No,2,Yes,3,No,3,No,2,Yes,2,Yes,2,Yes,2,No,3,No,2,Yes,2,No,12,No,13,No,14,No,13,No,12,No,14,No,11,Yes,,3,#REF!
408,https://www.fortinet.com/resources/cyberglossary/oidc,Access Control,OIDC,9900,55,7,No,3,No,4,No,5,Yes,3,Yes,4,No,3,No,4,No,5,No,6,No,7,No,5,No,6,No,8,No,4,No,7,No,10,No,10,No,3,No,7,No,9,No,15,No,12,No,8,No,6,No,14,No,11,No,16,No,16,No,9,No,6,No,9,No,9,No,68,No,68,No,68,No,,0,#REF!
409,https://www.fortinet.com/resources/cyberglossary/intrusion-detection-system,Network Security,Intrusion Detection System,5400,57,4,Yes,11,No,12,No,13,No,14,No,14,No,11,No,10,No,8,No,6,No,8,No,7,No,10,No,6,Yes,3,No,6,No,5,No,8,Yes,11,Yes,16,No,8,No,9,No,10,No,12,No,11,No,11,No,13,No,15,No,13,No,8,Yes,8,No,8,Yes,9,No,9,No,8,No,9,No,,-1,#REF!
410,https://www.fortinet.com/resources/cyberglossary/heuristic-analysis,Cyber Security,Heuristic Analysis,720,44,8,No,3,No,8,No,2,No,6,Yes,3,Yes,1,Yes,3,Yes,9,Yes,6,Yes,6,Yes,3,Yes,6,Yes,2,No,8,No,6,No,3,No,6,No,6,No,4,No,7,No,6,No,5,No,6,No,6,No,6,No,8,No,7,No,5,No,2,No,6,No,7,No,5,No,3,No,7,No,7,No,,0,#REF!
411,https://www.fortinet.com/resources/cyberglossary/serverless-computing,Cloud Security,Serverless Computing,4400,71,10,No,11,No,12,No,13,No,13,No,12,No,11,No,11,No,10,No,13,No,9,No,12,No,12,No,9,No,3,No,12,No,13,No,13,No,13,No,12,No,3,No,14,No,13,No,16,No,14,No,15,No,19,No,27,No,23,No,8,No,9,No,8,No,9,No,9,No,10,No,7,No,,3,#REF!
412,https://www.fortinet.com/resources/cyberglossary/what-is-hacktivism,Cyber Threats,Hacktivism,1900,49,2,No,3,Yes,2,No,3,No,4,No,4,No,3,No,2,No,3,No,3,Yes,3,Yes,3,Yes,3,Yes,2,Yes,6,Yes,2,Yes,2,Yes,3,Yes,2,Yes,3,Yes,2,Yes,5,Yes,3,Yes,5,Yes,5,Yes,4,Yes,4,No,5,No,3,No,5,No,12,No,14,No,15,No,11,No,11,Yes,15,Yes,,-4,#REF!
413,https://www.fortinet.com/resources/cyberglossary/types-of-phishing-attacks,Cyber Threats,Types Of Phishing Attacks,1000,44,1,No,1,No,1,No,1,No,1,Yes,1,Yes,1,Yes,1,Yes,1,Yes,1,Yes,1,Yes,1,Yes,1,Yes,1,Yes,1,Yes,1,Yes,2,Yes,1,Yes,1,Yes,1,Yes,1,Yes,1,No,1,No,1,No,1,No,1,No,1,No,1,No,1,Yes,1,No,,No,3,Yes,4,No,3,No,3,No,2,No,,1,#REF!
414,https://www.fortinet.com/resources/cyberglossary/election-security,Cyber Threats,Election Security,880,57,7,No,6,No,7,No,7,No,9,No,8,No,9,No,9,No,9,No,8,No,7,No,9,No,7,No,9,No,9,No,8,No,3,No,6,No,6,No,6,No,8,No,7,No,8,No,7,No,8,No,8,No,9,No,9,No,9,No,10,No,9,No,9,Yes,11,No,12,No,8,No,10,No,,-2,#REF!
415,https://www.fortinet.com/resources/cyberglossary/what-is-arp,Cyber Threats,ARP,90500,63,6,No,6,No,6,No,6,No,5,No,4,Yes,5,Yes,5,Yes,5,No,5,No,4,Yes,4,No,6,Yes,5,No,4,No,6,No,6,No,6,No,5,No,5,No,6,Yes,5,No,6,No,6,Yes,7,Yes,6,Yes,6,Yes,6,No,6,Yes,3,No,3,Yes,2,Yes,4,No,4,Yes,4,No,4,No,,0,#REF!
416,https://www.fortinet.com/resources/cyberglossary/supply-chain-attacks,Cyber Threats,Supply Chain Attacks,720,52,9,No,10,No,11,No,11,No,11,No,11,No,11,No,8,No,6,No,9,No,8,No,8,No,9,No,11,No,10,No,11,No,13,No,13,No,13,No,20,No,15,No,19,No,18,No,23,No,19,No,19,No,20,No,21,No,21,Yes,4,Yes,5,No,5,No,5,No,6,No,4,No,4,No,,0,#REF!
417,https://www.fortinet.com/resources/cyberglossary/email-security-best-practices,Email Security,Emailsecurity Best Practices,590,15,10,No,9,No,6,No,9,Yes,10,Yes,10,Yes,2,Yes,3,Yes,3,Yes,2,Yes,2,Yes,2,Yes,3,Yes,2,Yes,4,Yes,1,Yes,1,Yes,1,Yes,1,Yes,1,Yes,1,Yes,1,Yes,1,Yes,1,Yes,1,No,1,No,1,No,1,No,1,No,1,No,1,No,1,No,1,No,1,No,1,No,1,No,,0,#REF!
418,https://www.fortinet.com/resources/cyberglossary/whitehat-security,Cyber Security,White Hat Hacking,4400,48,2,No,4,No,5,No,6,Yes,2,Yes,2,Yes,2,Yes,2,Yes,4,No,5,No,5,Yes,4,No,2,Yes,4,No,2,No,2,Yes,2,Yes,5,No,5,No,4,No,5,No,4,Yes,4,No,3,Yes,3,No,5,No,3,No,4,No,3,No,5,No,3,No,10,No,10,No,10,No,10,No,10,No,,0,#REF!
419,https://www.fortinet.com/resources/cyberglossary/ddos-attack,Cyber Threats,What Is DDOS Attack,2900,73,8,No,8,No,6,No,9,No,9,No,8,No,5,No,8,No,2,Yes,2,No,6,No,3,No,2,Yes,3,Yes,2,Yes,4,Yes,4,Yes,6,Yes,11,No,8,Yes,6,No,5,Yes,7,Yes,7,No,5,Yes,6,No,12,No,26,No,11,No,12,No,9,No,23,No,22,Yes,14,Yes,12,No,17,Yes,,-5,#REF!
420,https://www.fortinet.com/resources/cyberglossary/recent-cyber-attacks,Cyber Security,Recent Cyber Attacks,3600,61,8,Yes,8,Yes,4,No,6,No,3,No,4,No,3,No,2,No,3,No,3,No,3,No,3,Yes,2,No,2,No,2,Yes,1,No,1,Yes,1,Yes,1,Yes,1,No,1,No,1,No,1,No,1,No,1,No,1,No,1,No,1,No,1,No,1,No,1,Yes,2,No,29,No,28,No,31,No,27,No,,4,#REF!
421,https://www.fortinet.com/resources/cyberglossary/remote-access-vpn,VPN,Remote Access VPN,5400,60,4,Yes,2,Yes,6,Yes,7,Yes,9,No,6,No,2,Yes,3,Yes,3,Yes,2,Yes,2,Yes,4,No,16,No,3,No,2,No,2,Yes,2,No,2,Yes,3,No,3,No,2,Yes,2,Yes,3,No,3,Yes,2,Yes,2,Yes,2,Yes,3,Yes,3,No,7,Yes,12,Yes,4,No,12,Yes,11,Yes,9,Yes,7,Yes,,2,#REF!
422,https://www.fortinet.com/resources/cyberglossary/fisma-and-fisma-compliance,Cyber Compliance,Fisma,6600,57,3,Yes,5,Yes,2,Yes,2,Yes,2,Yes,5,Yes,3,Yes,4,Yes,6,No,7,No,6,Yes,6,No,3,No,9,No,8,No,6,No,8,No,7,No,7,No,8,No,8,No,8,No,8,No,8,No,8,No,8,No,8,No,6,No,3,No,8,No,9,No,8,No,8,No,1,No,1,No,1,Yes,,0,#REF!
423,https://www.fortinet.com/resources/cyberglossary/how-to-detect-keylogger-on-phone,Cyber Threats,How To Detect Keylogger,320,39,11,No,10,No,9,No,7,No,11,No,9,No,9,No,9,No,9,No,5,No,4,No,9,No,10,No,6,No,3,No,7,No,12,No,10,No,11,No,11,No,7,No,7,No,2,No,9,No,11,No,7,No,7,No,11,No,10,No,19,No,22,No,23,No,28,No,23,No,25,No,29,No,,-4,#REF!
424,https://www.fortinet.com/resources/cyberglossary/network-segmentation,Network Security,Network Segmentation,2900,45,10,No,11,Yes,9,Yes,10,Yes,14,No,13,No,8,No,7,No,8,No,3,Yes,4,No,6,Yes,8,No,7,No,2,No,5,No,6,Yes,3,Yes,3,No,3,Yes,5,Yes,6,Yes,7,No,8,Yes,7,Yes,3,Yes,6,No,5,Yes,5,Yes,2,Yes,2,No,2,Yes,2,Yes,3,Yes,3,No,2,No,,1,#REF!
425,https://www.fortinet.com/resources/cyberglossary/what-is-an-ips,Network Security,Intrusion Prevention System,9900,65,15,No,15,No,14,No,17,Yes,18,No,11,No,8,No,6,Yes,7,No,6,No,6,No,6,No,8,Yes,9,No,7,Yes,7,Yes,7,Yes,7,Yes,8,Yes,6,Yes,6,No,8,Yes,7,Yes,10,Yes,11,Yes,11,Yes,12,No,11,Yes,9,Yes,3,Yes,4,No,6,No,2,No,3,No,4,No,2,No,,2,#REF!
426,https://www.fortinet.com/resources/cyberglossary/what-is-siem,Security Operations (SecOps),SIEM,2900,58,16,No,13,No,15,No,15,No,14,No,19,No,13,No,5,No,9,No,5,Yes,6,No,9,No,8,No,10,No,8,No,8,No,10,No,10,No,10,No,11,No,11,No,11,No,11,No,16,No,30,No,37,No,16,No,40,No,36,Yes,10,Yes,10,No,6,No,7,No,10,No,9,No,9,No,,0,#REF!
427,https://www.fortinet.com/resources/cyberglossary/what-is-XDR,Endpoint Security,XDR,6600,58,9,No,9,No,5,Yes,9,No,11,No,15,No,13,No,15,No,9,No,6,No,7,No,6,Yes,12,No,5,No,5,Yes,7,No,7,No,5,No,6,No,7,Yes,8,No,8,No,7,No,5,No,6,No,11,No,11,No,13,Yes,12,No,11,No,11,No,11,No,9,Yes,9,No,11,Yes,5,Yes,,6,#REF!
428,https://www.fortinet.com/resources/cyberglossary/vpn-routers,VPN,VPN Routers,480,36,7,No,8,No,2,No,5,No,5,No,4,No,2,No,4,No,3,No,3,No,7,No,7,No,8,No,8,No,7,No,5,No,5,No,5,No,5,No,7,No,3,No,4,No,3,No,7,No,5,No,6,No,7,No,7,No,7,No,7,No,8,No,8,No,10,Yes,9,Yes,8,Yes,9,Yes,,-1,#REF!
429,https://www.fortinet.com/resources/cyberglossary/clickjacking,Cyber Threats,Clickjacking,1600,48,9,No,11,No,11,No,10,No,10,No,11,No,9,No,9,No,10,No,8,No,8,No,10,No,6,Yes,9,No,5,No,8,No,10,No,10,No,11,No,12,No,11,No,11,No,12,No,11,No,11,No,11,No,12,No,13,No,12,No,11,Yes,12,No,13,No,11,No,15,No,13,No,12,No,,1,#REF!
430,https://www.fortinet.com/resources/cyberglossary/byod,Cyber Security,Bring Your Own Device,2400,59,5,Yes,10,No,7,No,7,No,8,No,11,No,9,No,6,No,7,No,8,No,7,No,8,Yes,8,No,7,No,9,No,8,No,9,No,11,No,10,No,13,No,24,No,23,No,30,No,17,No,48,No,10,No,5,Yes,21,No,13,No,28,No,27,No,28,No,28,No,26,No,25,No,26,No,,-1,#REF!
431,https://www.fortinet.com/resources/cyberglossary/cross-site-scripting,Cyber Threats,Cross Site Scripting,5400,71,6,No,6,No,5,No,6,No,6,No,7,No,6,No,4,No,3,No,6,No,3,Yes,7,No,7,No,5,No,9,Yes,7,No,6,No,6,No,6,No,6,No,5,Yes,6,No,6,No,6,No,7,No,6,No,6,Yes,6,No,6,No,10,No,20,No,14,Yes,9,Yes,27,Yes,17,No,21,No,,-4,#REF!
432,https://www.fortinet.com/resources/cyberglossary/fast-flux-networks,Cyber Threats,Fast Flux Networks,20,50,2,No,2,No,1,No,2,No,2,No,2,No,2,No,2,No,3,No,2,No,1,No,2,No,2,No,2,No,5,No,2,No,2,No,2,No,2,No,2,No,2,No,2,No,2,No,2,No,2,No,3,No,3,No,3,No,2,No,12,No,12,No,12,No,12,No,12,No,12,No,12,No,,0,#REF!
433,https://www.fortinet.com/resources/cyberglossary/phishing,Cyber Threats,Phishing,49500,98,7,No,8,No,15,No,9,No,12,No,17,No,9,No,14,No,10,No,11,Yes,10,No,7,No,7,No,11,No,8,No,8,No,10,No,10,No,9,No,5,No,11,No,9,No,9,No,9,No,7,No,9,No,8,Yes,9,No,8,No,22,No,19,No,15,No,32,No,35,No,29,No,30,No,,-1,#REF!
434,https://www.fortinet.com/resources/cyberglossary/malware,Cyber Threats,Malware,40500,84,8,No,8,No,8,No,9,No,10,No,9,No,9,No,6,No,6,No,8,No,6,No,8,No,9,No,9,No,17,No,7,No,5,No,9,No,11,No,9,No,4,No,7,No,12,No,9,No,10,No,12,No,9,No,9,No,6,No,7,No,9,No,8,No,9,No,10,No,10,No,11,No,,-1,#REF!
435,https://www.fortinet.com/resources/cyberglossary/unified-endpoint-management-uem,Endpoint Security,Unified Endpoint Management,1300,43,9,No,13,No,12,No,11,No,14,No,13,No,9,No,5,No,5,No,5,No,6,No,6,No,5,No,4,No,5,No,4,No,3,No,4,No,4,No,4,No,3,No,6,No,4,No,4,No,3,No,2,No,3,No,3,Yes,3,No,5,No,8,No,4,No,5,Yes,3,Yes,4,Yes,2,Yes,,2,#REF!
436,https://www.fortinet.com/resources/cyberglossary/man-in-the-middle-attack,Cyber Threats,Man In The Middle Attack,5400,71,11,No,10,No,11,No,12,No,12,No,13,No,9,No,6,No,6,No,6,No,6,No,5,No,4,No,6,No,8,No,8,No,6,Yes,6,No,8,No,8,No,7,No,9,No,9,No,12,No,11,No,11,No,11,No,11,No,9,No,24,No,23,No,26,No,27,No,25,No,26,Yes,29,No,,-3,#REF!
437,https://www.fortinet.com/resources/cyberglossary/cyber-insurance,Cyber Security,Cyber Insurance,9900,61,4,Yes,4,No,3,No,2,Yes,3,Yes,3,No,3,Yes,3,No,3,No,4,No,3,Yes,3,Yes,2,Yes,2,Yes,6,Yes,2,No,2,Yes,3,No,2,No,2,Yes,3,Yes,2,No,2,Yes,3,Yes,2,Yes,2,Yes,2,Yes,3,Yes,3,No,4,No,7,No,2,No,2,No,2,Yes,2,No,2,No,,0,#REF!
438,https://www.fortinet.com/resources/cyberglossary/bloatware,Cyber Threats,Bloatware,4400,51,2,Yes,2,Yes,1,Yes,2,Yes,2,Yes,1,Yes,1,Yes,2,Yes,3,No,3,No,2,No,2,Yes,2,No,2,No,3,Yes,3,Yes,2,Yes,4,Yes,3,No,3,Yes,3,Yes,5,Yes,4,No,3,Yes,4,No,4,No,3,Yes,3,Yes,3,No,29,No,30,No,32,No,29,Yes,30,Yes,30,Yes,29,Yes,,1,#REF!
439,https://www.fortinet.com/resources/cyberglossary/two-factor-authentication,Access Control,What Is Two Factor Authentication,6600,72,10,No,9,No,9,No,12,No,11,No,9,No,10,No,10,No,9,No,10,No,10,No,10,No,8,No,9,No,9,No,11,No,10,No,10,No,11,No,10,No,9,No,10,No,11,No,10,No,10,No,10,No,10,No,11,No,8,Yes,4,Yes,4,Yes,3,No,4,No,4,No,5,No,7,No,,-2,#REF!
440,https://www.fortinet.com/resources/cyberglossary/black-hat-security,Cyber Threats,Black Hat Security,110,52,7,No,6,No,8,No,8,No,8,No,8,No,4,No,5,No,5,No,5,No,5,No,5,No,4,No,7,No,5,No,7,No,7,No,6,No,6,No,11,No,15,No,15,No,15,No,15,No,5,No,11,No,11,No,11,No,11,Yes,11,Yes,6,Yes,9,No,9,No,9,No,9,No,10,No,,-1,#REF!
441,https://www.fortinet.com/resources/cyberglossary/dynamic-host-configuration-protocol-dhcp,Network Security,DHCP,8100,47,6,No,7,No,8,No,8,No,8,No,9,No,8,No,5,No,6,No,3,No,4,No,4,No,5,No,5,Yes,2,Yes,6,Yes,4,Yes,5,Yes,5,Yes,6,No,4,No,5,No,5,Yes,4,Yes,8,No,9,No,5,No,11,No,9,Yes,12,Yes,11,Yes,8,Yes,11,No,9,No,9,No,16,No,,-7,#REF!
442,https://www.fortinet.com/resources/cyberglossary/what-is-machine-learning,Cyber Security,Machine Learning,60500,93,6,No,2,No,1,No,1,No,1,No,1,No,1,No,1,No,5,No,10,No,1,No,1,No,2,No,7,No,3,No,1,No,1,No,1,No,1,No,1,No,1,No,1,No,1,No,-,No,-,No,-,No,-,No,-,No,-,No,-,No,-,No,-,No,1,No,1,No,1,No,1,No,,0,#REF!
443,https://www.fortinet.com/resources/cyberglossary/cyber-threat-intelligence,Cyber Threats,Cyber Threat Intelligence,3600,52,15,No,18,No,15,No,19,No,19,No,20,No,19,No,13,No,13,No,10,No,7,No,8,No,11,No,12,No,7,No,19,No,16,No,20,No,19,No,14,No,8,No,13,No,18,No,19,No,23,No,26,No,28,No,25,No,24,No,3,No,3,No,4,Yes,3,No,3,No,2,No,3,No,,-1,#REF!
444,https://www.fortinet.com/resources/cyberglossary/what-is-a-qr-code,Cyber Security,What Is A Qr Code,5400,48,2,No,2,No,2,No,2,Yes,2,Yes,2,Yes,2,Yes,2,Yes,2,Yes,3,Yes,4,No,3,No,3,No,3,Yes,2,Yes,4,No,3,No,2,Yes,2,Yes,2,Yes,2,Yes,2,No,2,Yes,2,Yes,2,Yes,2,Yes,2,Yes,2,No,2,Yes,3,Yes,3,Yes,2,Yes,2,Yes,3,Yes,2,Yes,2,Yes,,0,#REF!
445,https://www.fortinet.com/resources/cyberglossary/simple-network-management-protocol,Network Security,Simple Network Management Protocol,4400,38,5,Yes,6,No,6,No,6,No,4,No,5,No,6,No,4,No,4,Yes,3,No,4,No,3,No,3,No,3,No,2,Yes,2,No,2,No,3,No,4,No,3,No,4,No,4,No,4,No,4,No,4,No,4,No,4,No,4,No,3,No,3,No,4,No,6,No,2,Yes,3,No,4,No,2,Yes,,2,#REF!
446,https://www.fortinet.com/resources/cyberglossary/federated-identity,Access Control,Federated Identity,880,49,13,No,10,No,6,No,8,No,9,No,7,Yes,8,Yes,9,Yes,7,Yes,8,Yes,6,Yes,4,Yes,5,Yes,7,Yes,5,No,9,No,8,No,9,No,7,No,5,No,8,No,7,No,3,Yes,7,Yes,10,Yes,9,Yes,10,Yes,10,Yes,10,Yes,13,Yes,14,No,19,No,15,No,14,No,15,No,12,No,,3,#REF!
447,https://www.fortinet.com/resources/cyberglossary/what-is-soc,Security Operations (SecOps),SOC,40500,73,8,No,11,No,7,No,5,No,6,No,11,No,8,No,6,No,10,No,10,No,7,No,7,No,7,No,4,Yes,6,Yes,4,No,7,No,17,No,10,No,16,No,16,Yes,17,No,6,No,8,No,14,No,8,No,6,No,16,No,13,No,3,Yes,2,Yes,5,No,4,Yes,4,No,2,No,3,No,,-1,#REF!
448,https://www.fortinet.com/resources/cyberglossary/wannacry-ransomware-attack,Cyber Threats,Wannacry,4400,68,7,No,7,No,7,No,8,No,9,No,8,No,8,No,8,No,9,No,9,No,6,No,7,No,8,No,7,No,12,No,12,No,11,No,12,No,11,No,8,No,12,No,11,No,12,No,15,No,14,No,11,No,12,No,12,No,11,No,6,No,5,No,6,No,5,No,6,No,6,No,5,No,,1,#REF!
449,https://www.fortinet.com/resources/cyberglossary/ci-cd-pipeline,Cyber Security,CI/CD Pipelines,3600,57,19,No,19,No,19,No,20,No,17,No,16,No,15,No,9,No,6,No,4,No,3,No,5,No,3,Yes,3,No,3,No,3,No,3,No,23,No,11,No,14,No,2,No,10,No,5,No,2,No,2,No,2,No,2,No,14,No,13,No,12,No,12,No,11,No,11,No,12,No,12,No,12,No,,0,#REF!
450,https://www.fortinet.com/resources/cyberglossary/how-to-pick-a-work-from-home-wi-fi-router,Network Security,How To Pick A Wifi Router,90,38,9,No,11,No,1,No,10,No,5,No,5,No,5,No,5,No,5,No,9,No,11,No,6,No,6,No,8,No,9,No,7,No,10,No,11,No,8,No,7,No,10,No,8,No,8,No,8,No,8,No,8,No,8,No,8,No,8,No,10,No,14,No,7,No,7,No,15,No,10,No,7,No,,3,#REF!
451,https://www.fortinet.com/resources/cyberglossary/mitre-attck,Network Security,Mitre ATT&CK,5400,56,10,No,9,No,10,No,10,No,9,No,14,No,11,No,12,No,10,No,13,No,15,No,8,No,7,No,7,No,6,No,11,No,13,No,16,No,15,No,16,No,15,No,22,No,24,No,21,No,27,No,26,No,21,No,21,No,21,No,20,No,20,No,25,No,26,No,25,No,26,No,29,No,,-3,#REF!
452,https://www.fortinet.com/resources/cyberglossary/what-is-5g,Network Security,What Is 5G?,135000,68,9,No,9,No,9,No,11,No,10,No,7,No,4,No,3,No,2,No,2,No,5,No,7,No,7,No,6,No,7,No,3,No,1,No,1,No,2,No,4,No,2,No,5,No,8,No,6,No,6,No,8,No,8,No,7,No,6,No,16,No,17,No,17,No,15,No,15,No,15,No,18,No,,-3,#REF!
453,https://www.fortinet.com/resources/cyberglossary/virtual-desktop-infrastructure-vdi,Cyber Security,Virtual Desktop Infrastructure,1900,40,6,Yes,7,Yes,17,No,20,No,10,No,19,No,15,No,15,No,23,No,19,No,16,No,19,No,15,No,9,No,9,No,19,No,21,No,27,No,28,No,22,No,22,Yes,25,No,24,No,20,No,27,No,31,No,29,No,31,No,24,No,7,No,7,No,6,No,5,No,2,No,18,No,15,No,,3,#REF!
454,https://www.fortinet.com/resources/cyberglossary/what-is-a-vpn,VPN,What Is A VPN,165000,81,12,No,11,No,11,No,9,No,10,No,8,Yes,8,No,7,No,9,No,9,No,6,No,8,No,7,No,7,No,7,No,6,No,6,No,6,No,6,Yes,4,Yes,3,No,3,Yes,4,No,3,Yes,2,Yes,2,Yes,4,Yes,4,No,4,No,20,No,23,No,24,No,26,Yes,26,No,27,Yes,29,Yes,,-2,#REF!
455,https://www.fortinet.com/resources/cyberglossary/fabric-of-security,Cyber Security,Fabric Of Security,40,31,1,No,1,No,1,No,2,No,2,No,2,No,2,No,2,No,2,No,2,No,2,No,2,No,2,No,2,No,2,No,3,No,3,No,1,No,1,No,1,No,1,No,1,No,1,No,1,Yes,1,Yes,1,Yes,1,Yes,1,Yes,1,Yes,1,Yes,1,Yes,1,Yes,1,No,1,No,1,No,1,No,,0,#REF!
456,https://www.fortinet.com/resources/cyberglossary/what-is-ndr,Security Operations (SecOps),Network Detection And Response,1300,33,14,No,14,No,17,No,15,Yes,13,Yes,9,Yes,9,Yes,4,Yes,4,Yes,3,Yes,2,Yes,4,No,2,No,4,No,4,No,2,No,2,No,3,No,3,No,3,Yes,2,Yes,2,Yes,3,Yes,2,Yes,10,Yes,9,Yes,2,Yes,15,Yes,11,Yes,5,Yes,7,Yes,6,Yes,6,Yes,5,Yes,4,Yes,5,Yes,,-1,#REF!
457,https://www.fortinet.com/resources/cyberglossary/cyber-physical-systems,OT Security,Cyber Physical Systems,1300,50,3,No,3,No,4,No,5,No,2,No,4,No,4,No,4,No,5,No,2,No,4,No,4,No,3,No,3,No,4,No,4,No,5,No,3,No,6,No,5,No,4,No,4,No,7,No,7,No,4,No,6,No,6,No,5,No,3,Yes,3,Yes,2,Yes,5,No,6,Yes,5,Yes,4,Yes,3,Yes,,1,#REF!
458,https://www.fortinet.com/resources/cyberglossary/purdue-model,OT Security,Purdue Model,70,34,5,No,2,No,3,No,3,No,3,No,3,No,3,No,3,No,2,No,2,No,2,No,2,No,3,No,2,No,2,No,2,No,2,Yes,3,Yes,2,Yes,2,Yes,3,Yes,3,Yes,2,Yes,2,Yes,2,Yes,3,Yes,2,Yes,3,Yes,2,No,21,Yes,25,No,33,No,33,No,30,No,31,No,30,No,,1,#REF!
459,https://www.fortinet.com/resources/cyberglossary/what-is-air-gap,AI Security,What Is Air Gap,210,50,11,No,11,No,3,No,8,No,8,No,8,No,8,No,8,No,7,No,7,Yes,7,Yes,7,Yes,7,Yes,11,Yes,9,Yes,11,Yes,7,Yes,8,No,9,No,9,No,9,No,9,No,6,No,4,No,14,No,13,No,13,No,13,No,13,Yes,13,No,15,No,16,No,13,No,16,No,11,No,4,No,,7,#REF!
460,https://www.fortinet.com/resources/cyberglossary/malware-protection,Cyber Threats,Malware Protection,1830000,62,18,No,16,No,21,No,29,No,21,No,16,No,15,No,11,No,11,No,9,No,7,No,5,No,9,No,11,No,9,No,10,No,10,No,10,No,9,No,9,No,9,No,10,No,11,Yes,10,No,10,Yes,11,No,17,No,14,Yes,12,No,10,No,8,No,13,No,12,No,13,No,12,No,11,Yes,,1,#REF!
461,https://www.fortinet.com/resources/cyberglossary/browser-security,Endpoint Security,Browser Security,1000,50,11,No,11,No,14,No,16,No,8,No,10,No,7,No,8,No,8,No,9,No,5,No,4,No,6,No,4,No,6,No,3,No,5,No,6,No,5,No,8,No,7,No,6,No,3,No,6,No,6,No,6,No,12,No,9,No,7,No,9,No,7,No,11,No,11,No,8,No,16,No,14,No,,2,#REF!
462,https://www.fortinet.com/resources/cyberglossary/types-of-malware,Cyber Threats,Types Of Malware,2900,43,3,No,6,No,7,No,8,No,9,No,2,No,4,No,2,Yes,2,Yes,3,No,4,Yes,2,Yes,2,Yes,2,Yes,2,Yes,3,No,2,Yes,2,Yes,2,Yes,4,Yes,4,No,2,Yes,3,Yes,3,No,2,Yes,2,Yes,4,No,4,No,3,No,11,Yes,11,No,13,No,8,No,16,No,28,No,28,Yes,,0,#REF!
463,https://www.fortinet.com/resources/cyberglossary/identity-as-a-service,Endpoint Security,Identity As A Service,880,26,15,Yes,9,Yes,15,Yes,13,Yes,13,Yes,13,Yes,13,Yes,11,Yes,9,No,10,No,4,No,8,No,11,No,12,No,10,No,8,No,13,No,13,No,14,No,14,No,16,No,17,No,15,No,14,No,13,No,15,No,13,No,12,No,12,Yes,2,Yes,2,No,1,No,11,No,8,No,5,No,4,No,,1,#REF!
464,https://www.fortinet.com/resources/cyberglossary/dfir,Network Security,DFIR,2900,41,9,No,11,No,14,No,16,No,25,No,17,No,18,No,2,No,2,No,3,No,3,No,3,Yes,2,No,4,No,14,No,5,No,4,No,5,No,9,No,13,No,10,No,13,No,5,No,5,No,7,No,6,No,6,No,14,No,11,No,11,No,13,No,10,No,14,Yes,12,No,11,No,12,No,,-1,#REF!
465,https://www.fortinet.com/resources/cyberglossary/application-performance-monitoring,Network Security,Application Performance Monitoring,6600,54,19,No,24,No,19,No,11,Yes,21,No,16,No,16,No,13,No,11,No,10,No,6,Yes,9,No,10,No,8,No,3,No,14,No,12,No,13,No,13,No,13,No,15,No,9,No,11,No,14,No,12,No,15,No,17,No,17,No,17,Yes,6,Yes,6,No,7,No,7,No,8,No,5,No,5,No,,0,#REF!
466,https://www.fortinet.com/resources/cyberglossary/soc1-compliance,Cyber Security,Soc 1 Compliance,590,21,1,Yes,1,Yes,1,Yes,1,Yes,1,Yes,1,Yes,1,Yes,1,Yes,1,Yes,1,Yes,1,Yes,1,Yes,1,Yes,1,Yes,1,Yes,1,Yes,1,Yes,1,Yes,1,Yes,1,Yes,1,Yes,1,Yes,1,Yes,1,Yes,1,Yes,1,Yes,1,Yes,1,Yes,1,Yes,1,Yes,1,Yes,1,Yes,1,Yes,1,Yes,1,Yes,1,Yes,,0,#REF!
467,https://www.fortinet.com/resources/cyberglossary/security-audit,Cyber Compliance,Security Audit,1300,36,2,No,2,No,12,Yes,12,Yes,12,Yes,11,Yes,9,No,5,No,3,No,3,No,5,No,3,No,8,No,6,No,5,No,4,Yes,3,Yes,4,Yes,3,Yes,5,Yes,4,Yes,6,Yes,5,Yes,6,Yes,5,Yes,6,Yes,9,Yes,7,Yes,7,No,40,No,46,No,53,No,60,Yes,60,Yes,60,Yes,63,Yes,,-3,#REF!
468,https://www.fortinet.com/resources/cyberglossary/web-application-security,Security Operations (SecOps),Web Application Security,1900,35,14,No,19,No,35,No,18,No,16,No,16,No,16,No,12,No,9,No,3,Yes,5,Yes,8,No,4,No,6,Yes,2,Yes,7,No,8,No,10,No,21,No,14,No,20,No,8,Yes,10,Yes,5,Yes,5,Yes,5,Yes,26,Yes,27,No,26,Yes,6,Yes,2,Yes,6,Yes,5,No,9,No,7,No,11,No,,-4,#REF!
469,https://www.fortinet.com/resources/cyberglossary/server-virtualization,Network Security,Server Virtualization,1600,37,6,Yes,4,Yes,7,Yes,2,Yes,4,No,10,No,6,No,4,Yes,7,No,5,No,5,No,1,Yes,2,Yes,2,Yes,4,Yes,8,No,8,No,9,No,10,No,9,No,8,No,10,No,5,No,8,No,12,No,17,No,15,Yes,14,No,6,No,2,No,5,No,3,No,7,No,2,No,8,Yes,4,Yes,,4,#REF!
470,https://www.fortinet.com/resources/cyberglossary/vulnerability-assessment-tools,Cyber Threats,Vulnerability Assessment Tools,1300,42,12,No,13,No,12,No,16,No,18,No,14,No,9,No,3,No,9,Yes,12,Yes,7,Yes,8,Yes,11,Yes,10,Yes,9,Yes,9,Yes,12,No,13,No,12,No,12,No,12,No,9,No,13,No,8,No,10,No,8,No,10,No,12,No,11,Yes,4,No,7,No,7,No,7,No,10,No,8,No,3,No,,5,#REF!
471,https://www.fortinet.com/resources/cyberglossary/neural-network,Data Security,Neural Networks,9900,91,-,No,-,No,-,No,-,No,-,No,-,No,-,No,-,No,-,No,-,No,-,No,2,No,2,No,2,No,3,No,3,No,1,No,3,No,3,No,2,Yes,3,No,3,No,3,No,1,No,2,No,1,No,1,No,1,No,-,No,-,No,-,No,-,No,-,No,88,No,2,No,2,No,,0,#REF!
472,https://www.fortinet.com/resources/cyberglossary/shors-grovers-algorithms,Cyber Security,Shor's Algorithm,3600,67,1,No,1,No,1,No,1,No,1,No,1,No,1,No,1,No,1,No,1,No,1,No,1,No,1,No,1,No,1,No,1,No,1,No,1,No,1,No,1,No,1,No,1,No,1,No,1,No,2,No,6,No,6,Yes,8,No,6,Yes,10,Yes,8,Yes,9,Yes,6,No,2,No,2,No,3,No,,-1,#REF!
473,https://www.fortinet.com/resources/cyberglossary/dark-vs-deep-web,Cyber Threats,Dark Web Vs Deep Web,1000,33,2,Yes,2,Yes,3,Yes,2,Yes,2,Yes,3,No,2,No,3,No,2,No,4,No,5,No,2,No,7,No,4,No,9,No,6,No,6,No,7,No,9,No,8,No,8,No,11,No,10,No,11,No,10,No,10,No,9,No,11,No,11,No,5,No,5,No,5,No,5,No,5,No,5,No,5,No,,0,#REF!
474,https://www.fortinet.com/resources/cyberglossary/signs-of-malware,Cyber Threats,Signs Of Malware,260,41,3,No,2,No,5,No,3,No,3,No,6,No,6,No,2,No,4,No,3,No,1,No,1,No,1,No,1,No,1,No,1,No,1,Yes,1,Yes,1,Yes,1,Yes,1,Yes,1,Yes,1,Yes,1,Yes,1,Yes,1,Yes,1,Yes,1,Yes,1,Yes,1,Yes,1,Yes,1,Yes,1,No,1,No,1,No,1,No,,0,#REF!
475,https://www.fortinet.com/resources/cyberglossary/vulnerability-management,Cyber Security,Vulnerability Management,5400,48,93,No,93,No,48,No,48,No,48,No,57,No,57,No,57,No,57,No,45,No,44,No,40,No,40,No,45,No,33,No,20,No,19,No,20,No,22,No,22,No,24,No,28,No,24,No,30,No,32,No,37,No,44,No,51,No,47,No,41,No,49,No,53,No,9,No,9,No,9,No,9,No,,0,#REF!
476,https://www.fortinet.com/resources/cyberglossary/vulnerability-disclosure,Cyber Security,Vulnerability Disclosure,140,28,1,No,1,No,1,No,4,No,5,No,4,No,5,No,5,No,4,No,6,No,3,No,1,Yes,1,Yes,1,Yes,7,Yes,2,Yes,2,Yes,3,Yes,2,Yes,3,No,3,No,5,No,4,No,3,No,7,No,7,No,4,No,3,Yes,2,No,1,No,4,No,8,No,10,Yes,8,Yes,6,Yes,7,Yes,,-1,#REF!
477,https://www.fortinet.com/resources/cyberglossary/virtual-patching,OT Security,Virtual Patching,260,31,5,Yes,7,Yes,7,Yes,7,Yes,8,Yes,8,Yes,8,Yes,2,Yes,2,Yes,2,Yes,5,Yes,8,Yes,6,Yes,1,Yes,7,Yes,2,Yes,2,No,11,No,8,No,9,No,4,No,1,No,4,No,6,No,2,No,4,No,5,No,3,No,3,No,3,No,3,No,3,No,5,Yes,6,Yes,5,Yes,2,Yes,,3,#REF!
478,https://www.fortinet.com/resources/cyberglossary/nerc-cip,OT Security,NERC CIP,5400,27,2,Yes,3,No,2,Yes,2,Yes,4,Yes,9,No,3,No,6,No,4,No,4,Yes,6,Yes,7,No,4,Yes,7,No,4,No,4,Yes,9,Yes,8,Yes,5,Yes,8,No,5,Yes,5,No,6,Yes,5,No,5,Yes,3,No,5,Yes,5,No,3,No,29,No,29,No,7,No,7,No,9,Yes,8,No,3,Yes,,5,#REF!
479,https://www.fortinet.com/resources/cyberglossary/cyber-security-platform,Cyber Security,Cyber Security Platform,1000,57,6,No,3,No,5,No,4,No,4,No,3,No,3,No,4,No,2,No,2,No,2,No,2,No,2,No,2,No,2,No,2,Yes,2,Yes,2,Yes,1,Yes,2,Yes,2,Yes,1,Yes,1,Yes,1,Yes,1,Yes,1,Yes,1,Yes,1,Yes,1,No,3,No,3,No,5,No,2,Yes,3,Yes,2,Yes,2,Yes,,0,#REF!
480,https://www.fortinet.com/resources/cyberglossary/compensating-controls,OT Security,Compensating Controls,720,22,2,No,3,No,2,No,3,No,4,No,5,No,4,No,3,No,1,No,3,No,2,No,2,No,2,Yes,3,Yes,4,Yes,2,Yes,2,Yes,2,Yes,1,Yes,1,Yes,1,No,1,No,1,No,1,No,1,No,1,No,1,No,1,No,1,No,1,No,2,No,2,No,4,Yes,5,Yes,4,Yes,5,Yes,,-1,#REF!
481,https://www.fortinet.com/resources/cyberglossary/darkside-ransomware,Cyber Security,Darkside Ransomware,260,35,7,No,5,No,5,No,5,No,3,No,4,No,4,No,4,No,5,No,3,No,4,No,3,No,3,No,3,No,2,No,2,No,2,No,4,No,4,No,5,No,4,No,4,No,4,No,4,No,4,No,4,No,5,No,5,No,5,No,16,No,18,No,18,No,17,No,16,No,15,No,14,No,,1,#REF!
482,https://www.fortinet.com/resources/cyberglossary/rugged-hardware,OT Security,Rugged Hardware,50,24,5,Yes,7,Yes,9,Yes,9,Yes,9,Yes,9,Yes,9,Yes,9,Yes,4,Yes,6,Yes,7,Yes,7,Yes,7,Yes,7,Yes,4,Yes,9,Yes,9,Yes,9,Yes,9,Yes,3,Yes,4,Yes,1,Yes,1,Yes,4,Yes,4,Yes,3,Yes,3,Yes,3,No,3,No,13,No,16,No,12,No,17,No,17,No,16,No,6,No,,10,#REF!
483,https://www.fortinet.com/resources/cyberglossary/identity-based-attacks,Cyber Security,Identity Based Attacks,110,25,11,No,12,No,11,No,11,No,11,No,7,No,7,No,10,No,10,Yes,10,Yes,10,Yes,12,Yes,11,Yes,11,Yes,5,Yes,5,Yes,5,No,5,No,5,No,4,No,4,No,6,No,7,No,7,No,9,No,10,No,9,No,9,No,9,No,5,No,5,No,5,No,5,No,5,No,5,No,3,No,,2,#REF!
484,https://www.fortinet.com/resources/cyberglossary/enterprise-vpn-solutions,VPN,Enterprise VPN Solutions,390,50,8,No,5,No,4,No,4,No,3,No,3,No,3,No,3,Yes,1,Yes,1,Yes,1,Yes,1,Yes,1,Yes,1,Yes,1,Yes,1,Yes,1,No,1,Yes,1,Yes,1,Yes,1,Yes,1,Yes,1,Yes,1,No,1,No,2,No,4,No,4,No,3,No,20,No,25,No,29,No,23,No,10,No,6,No,8,No,,-2,#REF!
485,https://www.fortinet.com/resources/cyberglossary/owasp-web-application-firewall,NGFW/firewall,Waf Owasp Top 10,110,58,-,No,-,No,-,No,-,No,-,No,-,No,-,No,-,No,-,No,-,No,-,No,-,No,-,No,-,No,-,No,-,No,-,No,-,No,-,No,-,No,-,No,-,No,-,No,-,No,-,No,23,No,25,No,29,No,29,No,11,No,11,No,11,No,11,No,12,No,12,No,11,No,,1,#REF!
486,https://www.fortinet.com/resources/cyberglossary/virtual-machines,Cloud Security,Virtual Machine,40500,69,-,No,-,No,32,No,37,No,37,No,32,No,36,No,16,No,14,No,7,No,4,No,5,No,6,No,4,No,7,No,19,No,10,No,20,No,20,No,24,No,3,No,9,No,7,No,4,No,14,No,1,No,2,No,5,No,3,No,48,No,47,No,45,No,45,No,47,No,48,No,55,No,,-7,#REF!
487,https://www.fortinet.com/resources/cyberglossary/agent-vs-agentless-security,Cloud Security,Agent Vs Agentless Security,90,8,,,,,,,3,No,3,No,4,No,4,No,6,No,6,No,6,No,6,No,1,No,1,No,1,No,1,No,5,No,1,No,1,No,2,No,4,No,3,No,4,No,4,No,3,No,3,No,3,No,4,No,3,No,3,No,9,No,10,No,11,No,11,No,11,No,12,No,12,No,,0,#REF!
488,https://www.fortinet.com/resources/cyberglossary/behavioral-analytics,Data Security,Behavioral Analytics,1000,41,,,,,,,7,No,7,No,10,No,8,No,5,No,5,No,5,No,5,No,6,No,7,No,9,No,12,No,15,No,15,No,17,No,12,No,9,No,11,No,15,No,16,No,16,No,13,No,17,No,18,No,19,No,18,No,13,No,12,Yes,13,Yes,10,No,11,No,13,No,14,No,,-1,#REF!
489,https://www.fortinet.com/resources/cyberglossary/ci-cd,Cyber Security,CI/CD,9900,63,,,,,,,11,No,15,No,24,No,16,No,8,Yes,5,No,4,No,5,Yes,4,No,8,No,4,No,4,No,6,No,10,No,17,No,11,No,9,No,8,No,9,No,12,No,13,No,9,No,9,Yes,18,No,15,No,13,No,13,No,13,No,11,No,14,No,13,No,12,No,7,No,,5,#REF!
490,https://www.fortinet.com/resources/cyberglossary/cspm-vs-dspm,Data Security,CSPM Vs DSPM,320,14,,,,,,,15,No,14,No,14,No,10,No,13,No,5,No,3,No,8,No,6,No,9,No,5,No,4,No,3,No,13,No,5,No,3,No,4,No,2,No,6,No,4,No,4,No,8,No,1,No,2,No,10,No,10,No,4,No,5,No,5,No,5,No,5,No,4,No,5,No,,-1,#REF!
491,https://www.fortinet.com/resources/cyberglossary/ctem,Data Security,CTEM,1600,29,,,,,,,5,Yes,4,Yes,9,Yes,5,Yes,6,Yes,6,Yes,11,No,16,No,6,No,5,Yes,11,No,9,Yes,10,No,8,No,13,No,15,No,19,No,16,No,14,No,19,No,17,No,23,No,21,Yes,22,Yes,26,No,24,No,35,No,33,No,31,No,20,No,18,No,21,No,18,No,,3,#REF!
492,https://www.fortinet.com/resources/cyberglossary/data-discovery,Data Security,Data Discovery,1900,30,,,,,,,53,No,54,No,51,No,52,No,54,No,67,No,45,No,59,No,52,No,54,No,53,No,54,No,53,No,87,No,81,No,76,No,78,No,78,No,57,No,58,No,58,No,58,No,58,No,48,No,48,No,48,No,79,No,2,No,2,No,72,No,2,No,78,No,51,No,,27,#REF!
493,https://www.fortinet.com/resources/cyberglossary/data-matching,Data Security,Data Matching,1300,15,,,,,,,11,No,11,No,12,No,9,No,9,No,11,No,10,No,6,No,8,No,9,No,5,No,6,No,11,No,8,No,8,No,7,No,7,No,7,No,7,No,8,No,7,No,9,No,10,No,9,No,8,No,8,No,3,No,4,No,4,No,4,No,2,No,4,No,3,No,,1,#REF!
494,https://www.fortinet.com/resources/cyberglossary/data-protection,Data Security,Data Protection,6600,50,,,,,,,1,No,1,No,1,No,1,No,1,No,1,No,1,No,1,No,2,Yes,4,No,4,No,4,No,8,No,9,No,20,No,19,No,15,No,9,No,12,No,12,No,12,No,13,No,14,No,11,Yes,11,No,10,Yes,10,Yes,12,Yes,3,Yes,3,No,3,No,2,No,2,No,,0,#REF!
495,https://www.fortinet.com/resources/cyberglossary/dcap,Data Security,DCAP,3600,41,,,,,,,-,No,-,No,-,No,-,No,-,No,-,No,-,No,-,No,2,No,2,No,2,No,2,No,2,No,5,No,6,No,6,No,8,No,8,No,4,No,4,No,8,No,7,No,7,No,3,No,-,No,-,No,-,No,-,No,-,No,20,No,20,No,2,No,2,No,,0,#REF!
496,https://www.fortinet.com/resources/cyberglossary/device-control,Data Security,Device Control,720,30,,,,,,,2,Yes,6,Yes,6,No,4,No,5,No,6,No,3,No,3,No,4,No,2,No,3,No,1,No,1,No,2,No,4,No,4,No,4,No,4,No,4,No,3,No,4,No,5,No,5,No,4,No,5,No,5,No,42,No,38,No,44,No,43,No,44,No,43,No,45,No,,-2,#REF!
497,https://www.fortinet.com/resources/cyberglossary/digital-operational-resilience-act-dora,Cyber Compliance,Digital Operational Resilience Act,140,51,,,,,,,-,No,-,No,17,No,21,No,8,No,20,No,23,No,19,No,18,No,20,No,19,No,16,Yes,16,No,16,No,16,No,27,No,15,No,16,No,19,No,18,No,21,No,19,No,36,No,30,No,43,No,31,No,14,No,17,No,16,No,15,No,17,No,21,No,16,No,,5,#REF!
498,https://www.fortinet.com/resources/cyberglossary/dlp-monitoring,Data Security,DLP Monitoring,110,27,,,,,,,2,Yes,2,Yes,3,Yes,2,Yes,2,Yes,1,Yes,1,Yes,1,Yes,1,Yes,1,Yes,1,Yes,1,Yes,1,Yes,1,Yes,1,Yes,1,Yes,1,Yes,1,Yes,1,Yes,1,Yes,1,Yes,1,Yes,1,Yes,1,No,1,No,1,No,1,No,1,No,1,No,1,No,1,No,1,Yes,1,Yes,,0,#REF!
499,https://www.fortinet.com/resources/cyberglossary/dlp-policy,Data Security,DLP Policy,720,21,,,,,,,7,No,7,No,7,No,7,No,8,No,8,No,7,No,6,No,8,No,2,No,6,No,8,No,6,No,2,No,6,No,5,No,5,No,6,No,5,No,5,No,3,No,5,No,4,No,3,No,2,No,2,No,16,No,14,Yes,16,No,12,No,7,No,9,No,9,No,,0,#REF!
500,https://www.fortinet.com/resources/cyberglossary/dlpaas-and-dlp-as-a-managed-service,Data Security,DLP As A Service,50,39,,,,,,,1,No,1,No,1,No,1,No,1,No,1,No,1,No,1,No,1,No,1,No,1,No,1,No,1,No,1,No,1,No,1,No,1,No,1,No,1,No,1,No,1,No,2,Yes,2,Yes,1,Yes,1,Yes,1,No,1,No,1,No,1,No,1,No,1,No,1,No,1,No,,0,#REF!
501,https://www.fortinet.com/resources/cyberglossary/file-sharing-security,Data Security,File Sharing Security,40,25,,,,,,,2,No,1,No,1,No,1,No,1,No,1,No,1,No,1,No,1,No,1,No,1,No,1,No,1,No,1,No,1,No,1,No,1,No,1,No,1,No,1,No,1,No,1,No,1,No,1,No,1,No,1,No,1,No,1,No,1,No,1,No,1,No,1,No,1,No,,0,#REF!
502,https://www.fortinet.com/resources/cyberglossary/gdpr,Cyber Compliance,GDPR,49500,100,,,,,,,1,No,1,No,13,No,13,No,13,No,13,No,48,No,39,No,39,No,39,No,39,No,39,No,57,No,79,No,79,No,79,No,78,No,1,No,1,No,42,No,42,No,40,No,41,No,40,No,42,No,41,Yes,71,Yes,68,Yes,44,Yes,2,No,2,No,48,No,1,No,,47,#REF!
503,https://www.fortinet.com/resources/cyberglossary/hipaa-compliance,Cyber Compliance,Hipaa Compliance,22200,76,,,,,,,14,No,16,No,18,No,17,No,17,No,5,Yes,2,Yes,13,No,14,No,9,No,10,No,10,No,16,No,12,No,15,No,21,No,19,No,18,No,17,No,18,No,18,No,22,No,20,No,19,No,19,No,17,No,16,No,15,No,14,No,14,No,15,No,16,No,13,No,,3,#REF!
504,https://www.fortinet.com/resources/cyberglossary/identity-risk-prioritization,Access Control,Identity Risk,170,16,,,,,,,5,Yes,3,Yes,6,Yes,4,Yes,5,Yes,5,Yes,4,Yes,3,Yes,3,No,3,No,1,No,1,No,1,No,1,No,1,No,1,No,2,No,7,No,5,No,5,No,9,No,9,No,8,No,11,No,14,No,10,No,12,No,13,No,19,No,9,No,10,No,16,No,16,No,,0,#REF!
505,https://www.fortinet.com/resources/cyberglossary/living-off-the-land-lotl,Cyber Threats,Living Off The Land Attack,320,37,,,,,,,4,No,8,No,8,No,8,No,8,No,2,No,4,No,4,No,4,No,2,No,3,No,7,No,3,No,3,No,2,No,2,No,2,No,2,No,2,No,2,No,2,No,3,No,4,No,2,No,4,No,3,No,25,No,29,No,28,No,27,No,24,No,28,No,27,No,,1,#REF!
506,https://www.fortinet.com/resources/cyberglossary/national-vulnerability-database-nvd,Cyber Security,National Vulnerability Database,590,25,,,,,,,3,No,4,No,4,No,4,No,4,No,7,No,3,No,4,No,4,No,4,No,4,No,6,No,8,No,8,No,4,No,5,No,5,No,5,No,5,No,5,No,3,No,4,No,5,No,3,No,6,No,5,No,5,No,5,No,5,No,5,No,5,No,5,No,5,No,,0,#REF!
507,https://www.fortinet.com/resources/cyberglossary/network-dlp,Data Security,Network DLP,320,23,,,,,,,1,Yes,1,Yes,1,Yes,1,Yes,1,Yes,1,Yes,1,Yes,1,Yes,1,Yes,1,Yes,1,Yes,1,Yes,1,Yes,1,Yes,1,Yes,1,Yes,1,Yes,1,Yes,1,Yes,1,Yes,1,Yes,1,Yes,1,Yes,1,Yes,1,Yes,1,Yes,1,No,1,No,1,No,1,Yes,1,Yes,1,Yes,1,Yes,,0,#REF!
508,https://www.fortinet.com/resources/cyberglossary/private-5g-warehousing,OT Security,Private 5G Warehousing,0,6,,,,,,,3,No,3,No,3,No,2,No,2,No,1,No,3,No,2,No,1,No,1,No,2,No,3,No,1,No,2,No,1,No,1,No,1,No,1,No,1,No,1,No,1,No,1,No,1,No,1,No,1,No,1,No,1,No,1,No,1,No,1,No,1,No,1,No,1,No,,0,#REF!
509,https://www.fortinet.com/resources/cyberglossary/saas-security,Cloud Security,SAAS Security,1600,40,,,,,,,22,Yes,18,Yes,30,Yes,17,Yes,14,Yes,13,No,10,No,9,No,11,No,10,No,10,No,9,No,10,No,11,No,14,No,11,No,10,No,10,No,10,No,10,No,10,No,11,No,11,No,10,Yes,10,No,9,No,10,No,11,No,10,No,3,No,4,No,3,No,3,No,,0,#REF!
510,https://www.fortinet.com/resources/cyberglossary/secret-management,Data Security,Secret Management,590,39,,,,,,,42,No,42,No,42,No,8,No,16,No,16,No,16,No,16,No,28,No,28,No,23,No,20,No,25,No,23,No,17,No,17,No,17,No,17,No,17,No,21,No,21,No,24,No,27,No,24,No,14,No,11,No,18,No,27,No,27,No,25,No,27,No,25,No,23,No,,2,#REF!
511,https://www.fortinet.com/resources/cyberglossary/security-misconfiguration,Cyber Threats,Security Misconfiguration,720,30,,,,,,,5,No,4,Yes,2,Yes,2,Yes,3,Yes,6,Yes,3,Yes,2,Yes,2,Yes,3,Yes,6,No,8,No,5,No,4,No,4,No,5,No,5,No,6,No,5,No,8,No,9,No,10,No,9,No,10,No,9,No,8,Yes,4,Yes,8,Yes,10,Yes,9,Yes,8,Yes,7,Yes,7,Yes,,0,#REF!
512,https://www.fortinet.com/resources/cyberglossary/what-is-a-software-defined-perimeter,Access Control,Software Defined Perimeter,590,27,,,,,,,7,No,7,No,6,No,6,No,2,No,3,No,4,No,2,Yes,5,Yes,4,Yes,3,Yes,3,Yes,3,Yes,3,Yes,3,Yes,4,No,6,No,5,No,5,No,4,No,4,No,3,No,2,No,6,No,6,No,5,No,5,No,5,No,5,No,6,No,6,No,5,Yes,7,Yes,,-2,#REF!
513,https://www.fortinet.com/resources/cyberglossary/threat-detection-and-response,Security Operations (SecOps),Threat Detection And Response,1300,31,,,,,,,3,No,7,No,6,No,6,No,3,No,7,No,6,No,5,No,3,No,6,No,7,No,7,No,8,No,9,No,8,No,9,No,9,No,6,Yes,8,Yes,9,Yes,9,Yes,9,Yes,10,Yes,10,Yes,10,Yes,10,No,9,No,10,No,10,No,12,No,13,No,12,No,12,No,,0,#REF!
514,https://www.fortinet.com/resources/cyberglossary/remote-code-execution,Cyber Threats,Remote Code Execution,4400,84,,,,,,,,,,,,,,,,,,,,,,,6,No,6,No,6,No,6,No,6,No,11,No,8,No,7,No,7,No,7,No,7,No,8,No,8,No,22,No,8,No,7,Yes,11,No,11,No,7,Yes,7,Yes,3,Yes,3,Yes,2,Yes,5,Yes,4,Yes,,1,#REF!
515,https://www.fortinet.com/resources/cyberglossary/data-poisoning,Cyber Threats,Data Poisoning,590,39,,,,,,,,,,,,,,,,,,,,,,,5,No,5,No,4,No,6,No,5,No,5,No,5,No,10,No,19,No,18,No,14,No,18,No,30,No,31,No,29,No,23,No,28,No,28,No,24,No,27,No,27,No,27,No,30,No,24,No,26,No,,-2,#REF!
516,https://www.fortinet.com/resources/cyberglossary/data-privacy,Data Security,Data Privacy,6600,88,,,,,,,,,,,,,,,,,,,,,,,-,No,-,No,-,No,-,No,-,No,-,No,-,No,-,No,-,No,-,No,-,No,-,No,-,No,-,No,-,No,-,No,-,No,-,No,-,No,-,No,-,No,-,No,-,No,-,No,-,No,#N/A,#VALUE!,#REF!
517,https://www.fortinet.com/resources/cyberglossary/cloud-migration,Cloud Security,Cloud Migration,480,40,,,,,,,,,,,,,,,,,,,,,,,,,,,,,-,No,-,No,-,No,-,No,-,No,-,No,-,No,-,No,-,No,-,No,-,No,-,No,-,No,-,No,-,No,-,No,-,No,-,No,-,No,69,No,68,No,81,No,,-13,#REF!
518,https://www.fortinet.com/resources/cyberglossary/cloud-workload-security,Cloud Security,Cloud Workload Security,480,23,,,,,,,,,,,,,,,,,,,,,,,,,,,,,-,No,-,No,7,No,7,No,8,No,6,No,10,No,14,No,12,No,18,No,10,No,5,No,7,No,8,No,8,No,8,No,8,No,9,No,9,No,10,No,10,No,9,No,,1,#REF!
519,https://www.fortinet.com/resources/cyberglossary/rise-of-cybersecurity-mesh,Data Security,Rise Of Cybersecurity Mesh,170,27,,,,,,,,,,,,,,,,,,,,,,,,,,,,,-,No,-,No,27,No,29,No,29,No,24,No,20,No,19,No,56,No,56,No,1,No,1,No,1,No,1,No,1,No,1,No,1,No,1,No,1,No,1,No,1,No,1,No,,0,#REF!
520,https://www.fortinet.com/resources/cyberglossary/saml,Access Control,SAML,18100,66,,,,,,,,,,,,,,,,,,,,,,,,,,,,,-,No,-,No,9,No,15,No,14,No,14,No,13,No,16,No,15,No,16,No,16,No,15,No,16,No,21,No,17,No,17,No,17,No,17,No,21,No,21,No,21,No,14,No,,7,#REF!
521,https://www.fortinet.com/resources/cyberglossary/ngfw-vs-utm,NGFW/firewall,NGFW Vs UTM,170,7,,,,,,,,,,,,,,,,,,,,,,,,,,,,,-,No,-,No,1,No,1,Yes,2,Yes,1,Yes,1,Yes,1,Yes,1,Yes,1,Yes,1,Yes,1,Yes,1,Yes,1,Yes,1,Yes,1,Yes,1,Yes,1,Yes,1,Yes,1,Yes,1,Yes,1,Yes,,0,#REF!
522,https://www.fortinet.com/resources/cyberglossary/cybersecurity-trends-2026,Cyber Security,Cybersecurity Trends,1300,58,,,,,,,,,,,,,,,,,,,,,,,,,,,,,,,,,,,,,,,,,-,No,-,No,-,No,-,No,-,,-,No,-,No,2,No,2,No,3,No,5,No,2,No,2,Yes,2,Yes,1,Yes,1,Yes,,0,#REF!
523,https://www.fortinet.com/resources/cyberglossary/cybersecurity-best-practices,Cyber Security,Cybersecurity Best Practices,40500,67,,,,,,,,,,,,,,,,,,,,,,,,,,,,,,,,,,,,,,,,,,,,,,,,,,,,,,,,,,,4,No,18,No,7,No,10,No,12,No,4,No,6,No,,-2,#REF!
524,https://www.fortinet.com/resources/cyberglossary/what-is-mlsecops,Security Operations (SecOps),Mlsecops,100,9,,,,,,,,,,,,,,,,,,,,,,,,,,,,,,,,,,,,,,,,,,,,,,,,,,,,,,,,,,,-,No,-,No,-,No,-,No,-,No,-,No,-,No,#N/A,#VALUE!,#REF!
525,https://www.fortinet.com/resources/cyberglossary/quantum-cryptanalysis,Quantum Security,Quantum Cryptanalysis,20,30,,,,,,,,,,,,,,,,,,,,,,,,,,,,,,,,,,,,,,,,,,,,,,,,,,,,,,,,,,,3,No,3,No,4,No,4,No,4,No,4,No,4,No,,0,#REF!
526,https://www.fortinet.com/resources/cyberglossary/cybersecurity-risk,Cyber Security,Cybersecurity Risks,590,54,,,,,,,,,,,,,,,,,,,,,,,,,,,,,,,,,,,,,,,,,,,,,,,,,,,,,,,,,,,-,No,-,No,-,No,-,No,18,No,18,No,16,No,,2,#REF!
527,https://www.fortinet.com/resources/cyberglossary/quantum-cryptography,Quantum Security,Quantum Cryptography,18100,70,,,,,,,,,,,,,,,,,,,,,,,,,,,,,,,,,,,,,,,,,,,,,,,,,,,,,,,,,,,65,No,42,No,-,No,-,No,13,No,4,No,28,No,,-24,#REF!
528,https://www.fortinet.com/resources/cyberglossary/red-teaming,Security Operations (SecOps),Red Teaming,6600,60,,,,,,,,,,,,,,,,,,,,,,,,,,,,,,,,,,,,,,,,,,,,,,,,,,,,,,,,,,,,,,,,,19,No,17,No,24,No,16,No,,8,#REF!
529,https://www.fortinet.com/resources/cyberglossary/prompt-injection,Data Security,Prompt Injection Attack,1000,75,,,,,,,,,,,,,,,,,,,,,,,,,,,,,,,,,,,,,,,,,,,,,,,,,,,,,,,,,,,,,,,,,17,No,24,No,15,No,18,No,,-3,#REF!
530,https://www.fortinet.com/resources/cyberglossary/ai-risk-management,Cyber Threats,AI Risk Management,2800,59,,,,,,,,,,,,,,,,,,,,,,,,,,,,,,,,,,,,,,,,,,,,,,,,,,,,,,,,,,,,,,,,,-,No,-,No,-,No,-,No,#N/A,#VALUE!,#REF!
531,https://www.fortinet.com/resources/cyberglossary/sase,SASE,SASE Firewall,40,65,,,,,,,,,,,,,,,,,,,,,,,,,,,,,,,,,,,,,,,,,,,,,,,,,,,,,,,,,,,,,,,,,,,15,No,1,Yes,1,Yes,,0,#REF!